Regression: 3 API + 3 lan chay theo du lieu (phai xanh)	Set up job	﻿2026-08-20T08:07:22.8045754Z Current runner version: '2.336.0'
Regression: 3 API + 3 lan chay theo du lieu (phai xanh)	Set up job	2026-08-20T08:07:22.8073227Z ##[group]Runner Image Provisioner
Regression: 3 API + 3 lan chay theo du lieu (phai xanh)	Set up job	2026-08-20T08:07:22.8074175Z Hosted Compute Agent
Regression: 3 API + 3 lan chay theo du lieu (phai xanh)	Set up job	2026-08-20T08:07:22.8075260Z Version: 20260729.566
Regression: 3 API + 3 lan chay theo du lieu (phai xanh)	Set up job	2026-08-20T08:07:22.8075921Z Commit: cf7153fe6e25b664e8693c24944bf2b00355d109
Regression: 3 API + 3 lan chay theo du lieu (phai xanh)	Set up job	2026-08-20T08:07:22.8076636Z Build Date: 2026-07-29T19:17:02Z
Regression: 3 API + 3 lan chay theo du lieu (phai xanh)	Set up job	2026-08-20T08:07:22.8077462Z Worker ID: {305f0823-bcb8-4252-9eae-6d2a34d4ca19}
Regression: 3 API + 3 lan chay theo du lieu (phai xanh)	Set up job	2026-08-20T08:07:22.8078239Z Azure Region: westus
Regression: 3 API + 3 lan chay theo du lieu (phai xanh)	Set up job	2026-08-20T08:07:22.8079187Z ##[endgroup]
Regression: 3 API + 3 lan chay theo du lieu (phai xanh)	Set up job	2026-08-20T08:07:22.8080785Z ##[group]Operating System
Regression: 3 API + 3 lan chay theo du lieu (phai xanh)	Set up job	2026-08-20T08:07:22.8081437Z Ubuntu
Regression: 3 API + 3 lan chay theo du lieu (phai xanh)	Set up job	2026-08-20T08:07:22.8082089Z 24.04.4
Regression: 3 API + 3 lan chay theo du lieu (phai xanh)	Set up job	2026-08-20T08:07:22.8082609Z LTS
Regression: 3 API + 3 lan chay theo du lieu (phai xanh)	Set up job	2026-08-20T08:07:22.8083173Z ##[endgroup]
Regression: 3 API + 3 lan chay theo du lieu (phai xanh)	Set up job	2026-08-20T08:07:22.8083753Z ##[group]Runner Image
Regression: 3 API + 3 lan chay theo du lieu (phai xanh)	Set up job	2026-08-20T08:07:22.8084364Z Image: ubuntu-24.04
Regression: 3 API + 3 lan chay theo du lieu (phai xanh)	Set up job	2026-08-20T08:07:22.8085056Z Version: 20260816.277.1
Regression: 3 API + 3 lan chay theo du lieu (phai xanh)	Set up job	2026-08-20T08:07:22.8086136Z Included Software: https://github.com/actions/runner-images/blob/ubuntu24/20260816.277/images/ubuntu/Ubuntu2404-Readme.md
Regression: 3 API + 3 lan chay theo du lieu (phai xanh)	Set up job	2026-08-20T08:07:22.8087996Z Image Release: https://github.com/actions/runner-images/releases/tag/ubuntu24%2F20260816.277
Regression: 3 API + 3 lan chay theo du lieu (phai xanh)	Set up job	2026-08-20T08:07:22.8089367Z ##[endgroup]
Regression: 3 API + 3 lan chay theo du lieu (phai xanh)	Set up job	2026-08-20T08:07:22.8090814Z ##[group]GITHUB_TOKEN Permissions
Regression: 3 API + 3 lan chay theo du lieu (phai xanh)	Set up job	2026-08-20T08:07:22.8093180Z Contents: read
Regression: 3 API + 3 lan chay theo du lieu (phai xanh)	Set up job	2026-08-20T08:07:22.8093908Z Metadata: read
Regression: 3 API + 3 lan chay theo du lieu (phai xanh)	Set up job	2026-08-20T08:07:22.8094475Z Packages: read
Regression: 3 API + 3 lan chay theo du lieu (phai xanh)	Set up job	2026-08-20T08:07:22.8095090Z ##[endgroup]
Regression: 3 API + 3 lan chay theo du lieu (phai xanh)	Set up job	2026-08-20T08:07:22.8097411Z Secret source: Actions
Regression: 3 API + 3 lan chay theo du lieu (phai xanh)	Set up job	2026-08-20T08:07:22.8098789Z Prepare workflow directory
Regression: 3 API + 3 lan chay theo du lieu (phai xanh)	Set up job	2026-08-20T08:07:22.8502017Z Prepare all required actions
Regression: 3 API + 3 lan chay theo du lieu (phai xanh)	Set up job	2026-08-20T08:07:22.8550798Z Getting action download info
Regression: 3 API + 3 lan chay theo du lieu (phai xanh)	Set up job	2026-08-20T08:07:23.2693080Z Download action repository 'actions/checkout@v5' (SHA:fbc6f3992d24b796d5a048ff273f7fcc4a7b6c09)
Regression: 3 API + 3 lan chay theo du lieu (phai xanh)	Set up job	2026-08-20T08:07:23.4104960Z Download action repository 'actions/setup-node@v5' (SHA:a0853c24544627f65ddf259abe73b1d18a591444)
Regression: 3 API + 3 lan chay theo du lieu (phai xanh)	Set up job	2026-08-20T08:07:23.5024303Z Download action repository 'actions/upload-artifact@v5' (SHA:330a01c490aca151604b8cf639adc76d48f6c5d4)
Regression: 3 API + 3 lan chay theo du lieu (phai xanh)	Set up job	2026-08-20T08:07:23.8629303Z Complete job name: Regression: 3 API + 3 lan chay theo du lieu (phai xanh)
Regression: 3 API + 3 lan chay theo du lieu (phai xanh)	Checkout bai lam HW06 (chi hw6 va .github)	﻿2026-08-20T08:07:23.9655440Z ##[group]Run actions/checkout@v5
Regression: 3 API + 3 lan chay theo du lieu (phai xanh)	Checkout bai lam HW06 (chi hw6 va .github)	2026-08-20T08:07:23.9656880Z with:
Regression: 3 API + 3 lan chay theo du lieu (phai xanh)	Checkout bai lam HW06 (chi hw6 va .github)	2026-08-20T08:07:23.9657733Z   sparse-checkout: hw6
Regression: 3 API + 3 lan chay theo du lieu (phai xanh)	Checkout bai lam HW06 (chi hw6 va .github)	.github
Regression: 3 API + 3 lan chay theo du lieu (phai xanh)	Checkout bai lam HW06 (chi hw6 va .github)	
Regression: 3 API + 3 lan chay theo du lieu (phai xanh)	Checkout bai lam HW06 (chi hw6 va .github)	2026-08-20T08:07:23.9659058Z   repository: trwng-thdat/software-testing
Regression: 3 API + 3 lan chay theo du lieu (phai xanh)	Checkout bai lam HW06 (chi hw6 va .github)	2026-08-20T08:07:23.9668252Z   token: ***
Regression: 3 API + 3 lan chay theo du lieu (phai xanh)	Checkout bai lam HW06 (chi hw6 va .github)	2026-08-20T08:07:23.9669224Z   ssh-strict: true
Regression: 3 API + 3 lan chay theo du lieu (phai xanh)	Checkout bai lam HW06 (chi hw6 va .github)	2026-08-20T08:07:23.9670067Z   ssh-user: git
Regression: 3 API + 3 lan chay theo du lieu (phai xanh)	Checkout bai lam HW06 (chi hw6 va .github)	2026-08-20T08:07:23.9670929Z   persist-credentials: true
Regression: 3 API + 3 lan chay theo du lieu (phai xanh)	Checkout bai lam HW06 (chi hw6 va .github)	2026-08-20T08:07:23.9671901Z   clean: true
Regression: 3 API + 3 lan chay theo du lieu (phai xanh)	Checkout bai lam HW06 (chi hw6 va .github)	2026-08-20T08:07:23.9672752Z   sparse-checkout-cone-mode: true
Regression: 3 API + 3 lan chay theo du lieu (phai xanh)	Checkout bai lam HW06 (chi hw6 va .github)	2026-08-20T08:07:23.9673817Z   fetch-depth: 1
Regression: 3 API + 3 lan chay theo du lieu (phai xanh)	Checkout bai lam HW06 (chi hw6 va .github)	2026-08-20T08:07:23.9674650Z   fetch-tags: false
Regression: 3 API + 3 lan chay theo du lieu (phai xanh)	Checkout bai lam HW06 (chi hw6 va .github)	2026-08-20T08:07:23.9675515Z   show-progress: true
Regression: 3 API + 3 lan chay theo du lieu (phai xanh)	Checkout bai lam HW06 (chi hw6 va .github)	2026-08-20T08:07:23.9676398Z   lfs: false
Regression: 3 API + 3 lan chay theo du lieu (phai xanh)	Checkout bai lam HW06 (chi hw6 va .github)	2026-08-20T08:07:23.9677219Z   submodules: false
Regression: 3 API + 3 lan chay theo du lieu (phai xanh)	Checkout bai lam HW06 (chi hw6 va .github)	2026-08-20T08:07:23.9678108Z   set-safe-directory: true
Regression: 3 API + 3 lan chay theo du lieu (phai xanh)	Checkout bai lam HW06 (chi hw6 va .github)	2026-08-20T08:07:23.9679319Z   allow-unsafe-pr-checkout: false
Regression: 3 API + 3 lan chay theo du lieu (phai xanh)	Checkout bai lam HW06 (chi hw6 va .github)	2026-08-20T08:07:23.9680659Z env:
Regression: 3 API + 3 lan chay theo du lieu (phai xanh)	Checkout bai lam HW06 (chi hw6 va .github)	2026-08-20T08:07:23.9681470Z   STUDENT_ID: 23127344
Regression: 3 API + 3 lan chay theo du lieu (phai xanh)	Checkout bai lam HW06 (chi hw6 va .github)	2026-08-20T08:07:23.9682370Z   SUT_REF: feature/23127344
Regression: 3 API + 3 lan chay theo du lieu (phai xanh)	Checkout bai lam HW06 (chi hw6 va .github)	2026-08-20T08:07:23.9683392Z   SUT_PATH: hw3/docs/eshop-sut
Regression: 3 API + 3 lan chay theo du lieu (phai xanh)	Checkout bai lam HW06 (chi hw6 va .github)	2026-08-20T08:07:23.9684367Z   NODE_VERSION: 22
Regression: 3 API + 3 lan chay theo du lieu (phai xanh)	Checkout bai lam HW06 (chi hw6 va .github)	2026-08-20T08:07:23.9685200Z ##[endgroup]
Regression: 3 API + 3 lan chay theo du lieu (phai xanh)	Checkout bai lam HW06 (chi hw6 va .github)	2026-08-20T08:07:24.0764478Z Syncing repository: trwng-thdat/software-testing
Regression: 3 API + 3 lan chay theo du lieu (phai xanh)	Checkout bai lam HW06 (chi hw6 va .github)	2026-08-20T08:07:24.0769158Z ##[group]Getting Git version info
Regression: 3 API + 3 lan chay theo du lieu (phai xanh)	Checkout bai lam HW06 (chi hw6 va .github)	2026-08-20T08:07:24.0771728Z Working directory is '/home/runner/work/software-testing/software-testing'
Regression: 3 API + 3 lan chay theo du lieu (phai xanh)	Checkout bai lam HW06 (chi hw6 va .github)	2026-08-20T08:07:24.0775295Z [command]/usr/bin/git version
Regression: 3 API + 3 lan chay theo du lieu (phai xanh)	Checkout bai lam HW06 (chi hw6 va .github)	2026-08-20T08:07:24.0893904Z git version 2.55.0
Regression: 3 API + 3 lan chay theo du lieu (phai xanh)	Checkout bai lam HW06 (chi hw6 va .github)	2026-08-20T08:07:24.0958168Z ##[endgroup]
Regression: 3 API + 3 lan chay theo du lieu (phai xanh)	Checkout bai lam HW06 (chi hw6 va .github)	2026-08-20T08:07:24.0969255Z Temporarily overriding HOME='/home/runner/work/_temp/151ea866-98bc-4ba9-95cd-2a849eb138a9' before making global git config changes
Regression: 3 API + 3 lan chay theo du lieu (phai xanh)	Checkout bai lam HW06 (chi hw6 va .github)	2026-08-20T08:07:24.0974004Z Adding repository directory to the temporary git global config as a safe directory
Regression: 3 API + 3 lan chay theo du lieu (phai xanh)	Checkout bai lam HW06 (chi hw6 va .github)	2026-08-20T08:07:24.0978116Z [command]/usr/bin/git config --global --add safe.directory /home/runner/work/software-testing/software-testing
Regression: 3 API + 3 lan chay theo du lieu (phai xanh)	Checkout bai lam HW06 (chi hw6 va .github)	2026-08-20T08:07:24.1036388Z Deleting the contents of '/home/runner/work/software-testing/software-testing'
Regression: 3 API + 3 lan chay theo du lieu (phai xanh)	Checkout bai lam HW06 (chi hw6 va .github)	2026-08-20T08:07:24.1041626Z ##[group]Initializing the repository
Regression: 3 API + 3 lan chay theo du lieu (phai xanh)	Checkout bai lam HW06 (chi hw6 va .github)	2026-08-20T08:07:24.1047414Z [command]/usr/bin/git init /home/runner/work/software-testing/software-testing
Regression: 3 API + 3 lan chay theo du lieu (phai xanh)	Checkout bai lam HW06 (chi hw6 va .github)	2026-08-20T08:07:24.1191040Z hint: Using 'master' as the name for the initial branch. This default branch name
Regression: 3 API + 3 lan chay theo du lieu (phai xanh)	Checkout bai lam HW06 (chi hw6 va .github)	2026-08-20T08:07:24.1194513Z hint: will change to "main" in Git 3.0. To configure the initial branch name
Regression: 3 API + 3 lan chay theo du lieu (phai xanh)	Checkout bai lam HW06 (chi hw6 va .github)	2026-08-20T08:07:24.1197591Z hint: to use in all of your new repositories, which will suppress this warning,
Regression: 3 API + 3 lan chay theo du lieu (phai xanh)	Checkout bai lam HW06 (chi hw6 va .github)	2026-08-20T08:07:24.1200314Z hint: call:
Regression: 3 API + 3 lan chay theo du lieu (phai xanh)	Checkout bai lam HW06 (chi hw6 va .github)	2026-08-20T08:07:24.1201648Z hint:
Regression: 3 API + 3 lan chay theo du lieu (phai xanh)	Checkout bai lam HW06 (chi hw6 va .github)	2026-08-20T08:07:24.1203267Z hint: 	git config --global init.defaultBranch <name>
Regression: 3 API + 3 lan chay theo du lieu (phai xanh)	Checkout bai lam HW06 (chi hw6 va .github)	2026-08-20T08:07:24.1205500Z hint:
Regression: 3 API + 3 lan chay theo du lieu (phai xanh)	Checkout bai lam HW06 (chi hw6 va .github)	2026-08-20T08:07:24.1207433Z hint: Names commonly chosen instead of 'master' are 'main', 'trunk' and
Regression: 3 API + 3 lan chay theo du lieu (phai xanh)	Checkout bai lam HW06 (chi hw6 va .github)	2026-08-20T08:07:24.1213140Z hint: 'development'. The just-created branch can be renamed via this command:
Regression: 3 API + 3 lan chay theo du lieu (phai xanh)	Checkout bai lam HW06 (chi hw6 va .github)	2026-08-20T08:07:24.1215279Z hint:
Regression: 3 API + 3 lan chay theo du lieu (phai xanh)	Checkout bai lam HW06 (chi hw6 va .github)	2026-08-20T08:07:24.1216059Z hint: 	git branch -m <name>
Regression: 3 API + 3 lan chay theo du lieu (phai xanh)	Checkout bai lam HW06 (chi hw6 va .github)	2026-08-20T08:07:24.1217693Z hint:
Regression: 3 API + 3 lan chay theo du lieu (phai xanh)	Checkout bai lam HW06 (chi hw6 va .github)	2026-08-20T08:07:24.1219929Z hint: Disable this message with "git config set advice.defaultBranchName false"
Regression: 3 API + 3 lan chay theo du lieu (phai xanh)	Checkout bai lam HW06 (chi hw6 va .github)	2026-08-20T08:07:24.1223685Z Initialized empty Git repository in /home/runner/work/software-testing/software-testing/.git/
Regression: 3 API + 3 lan chay theo du lieu (phai xanh)	Checkout bai lam HW06 (chi hw6 va .github)	2026-08-20T08:07:24.1229644Z [command]/usr/bin/git remote add origin https://github.com/trwng-thdat/software-testing
Regression: 3 API + 3 lan chay theo du lieu (phai xanh)	Checkout bai lam HW06 (chi hw6 va .github)	2026-08-20T08:07:24.1269065Z ##[endgroup]
Regression: 3 API + 3 lan chay theo du lieu (phai xanh)	Checkout bai lam HW06 (chi hw6 va .github)	2026-08-20T08:07:24.1271620Z ##[group]Disabling automatic garbage collection
Regression: 3 API + 3 lan chay theo du lieu (phai xanh)	Checkout bai lam HW06 (chi hw6 va .github)	2026-08-20T08:07:24.1273921Z [command]/usr/bin/git config --local gc.auto 0
Regression: 3 API + 3 lan chay theo du lieu (phai xanh)	Checkout bai lam HW06 (chi hw6 va .github)	2026-08-20T08:07:24.1309366Z ##[endgroup]
Regression: 3 API + 3 lan chay theo du lieu (phai xanh)	Checkout bai lam HW06 (chi hw6 va .github)	2026-08-20T08:07:24.1311754Z ##[group]Setting up auth
Regression: 3 API + 3 lan chay theo du lieu (phai xanh)	Checkout bai lam HW06 (chi hw6 va .github)	2026-08-20T08:07:24.1316962Z [command]/usr/bin/git config --local --name-only --get-regexp core\.sshCommand
Regression: 3 API + 3 lan chay theo du lieu (phai xanh)	Checkout bai lam HW06 (chi hw6 va .github)	2026-08-20T08:07:24.1365663Z [command]/usr/bin/git submodule foreach --recursive sh -c "git config --local --name-only --get-regexp 'core\.sshCommand' && git config --local --unset-all 'core.sshCommand' || :"
Regression: 3 API + 3 lan chay theo du lieu (phai xanh)	Checkout bai lam HW06 (chi hw6 va .github)	2026-08-20T08:07:24.1794762Z [command]/usr/bin/git config --local --name-only --get-regexp http\.https\:\/\/github\.com\/\.extraheader
Regression: 3 API + 3 lan chay theo du lieu (phai xanh)	Checkout bai lam HW06 (chi hw6 va .github)	2026-08-20T08:07:24.1834482Z [command]/usr/bin/git submodule foreach --recursive sh -c "git config --local --name-only --get-regexp 'http\.https\:\/\/github\.com\/\.extraheader' && git config --local --unset-all 'http.https://github.com/.extraheader' || :"
Regression: 3 API + 3 lan chay theo du lieu (phai xanh)	Checkout bai lam HW06 (chi hw6 va .github)	2026-08-20T08:07:24.2075767Z [command]/usr/bin/git config --local --name-only --get-regexp ^includeIf\.gitdir:
Regression: 3 API + 3 lan chay theo du lieu (phai xanh)	Checkout bai lam HW06 (chi hw6 va .github)	2026-08-20T08:07:24.2115357Z [command]/usr/bin/git submodule foreach --recursive git config --local --show-origin --name-only --get-regexp remote.origin.url
Regression: 3 API + 3 lan chay theo du lieu (phai xanh)	Checkout bai lam HW06 (chi hw6 va .github)	2026-08-20T08:07:24.2351808Z [command]/usr/bin/git config --local http.https://github.com/.extraheader AUTHORIZATION: basic ***
Regression: 3 API + 3 lan chay theo du lieu (phai xanh)	Checkout bai lam HW06 (chi hw6 va .github)	2026-08-20T08:07:24.2393408Z ##[endgroup]
Regression: 3 API + 3 lan chay theo du lieu (phai xanh)	Checkout bai lam HW06 (chi hw6 va .github)	2026-08-20T08:07:24.2394954Z ##[group]Fetching the repository
Regression: 3 API + 3 lan chay theo du lieu (phai xanh)	Checkout bai lam HW06 (chi hw6 va .github)	2026-08-20T08:07:24.2408298Z [command]/usr/bin/git -c protocol.version=2 fetch --no-tags --prune --no-recurse-submodules --filter=blob:none --depth=1 origin +5d438403ff07bb8331d1d135f6ee5b14c2de9893:refs/remotes/origin/hw6/api-testing
Regression: 3 API + 3 lan chay theo du lieu (phai xanh)	Checkout bai lam HW06 (chi hw6 va .github)	2026-08-20T08:07:24.6847313Z From https://github.com/trwng-thdat/software-testing
Regression: 3 API + 3 lan chay theo du lieu (phai xanh)	Checkout bai lam HW06 (chi hw6 va .github)	2026-08-20T08:07:24.6850095Z  * [new ref]         5d438403ff07bb8331d1d135f6ee5b14c2de9893 -> origin/hw6/api-testing
Regression: 3 API + 3 lan chay theo du lieu (phai xanh)	Checkout bai lam HW06 (chi hw6 va .github)	2026-08-20T08:07:24.6853020Z ##[endgroup]
Regression: 3 API + 3 lan chay theo du lieu (phai xanh)	Checkout bai lam HW06 (chi hw6 va .github)	2026-08-20T08:07:24.6853707Z ##[group]Determining the checkout info
Regression: 3 API + 3 lan chay theo du lieu (phai xanh)	Checkout bai lam HW06 (chi hw6 va .github)	2026-08-20T08:07:24.6854738Z ##[endgroup]
Regression: 3 API + 3 lan chay theo du lieu (phai xanh)	Checkout bai lam HW06 (chi hw6 va .github)	2026-08-20T08:07:24.6855359Z ##[group]Setting up sparse checkout
Regression: 3 API + 3 lan chay theo du lieu (phai xanh)	Checkout bai lam HW06 (chi hw6 va .github)	2026-08-20T08:07:24.6862292Z [command]/usr/bin/git sparse-checkout set hw6 .github
Regression: 3 API + 3 lan chay theo du lieu (phai xanh)	Checkout bai lam HW06 (chi hw6 va .github)	2026-08-20T08:07:24.6914265Z ##[endgroup]
Regression: 3 API + 3 lan chay theo du lieu (phai xanh)	Checkout bai lam HW06 (chi hw6 va .github)	2026-08-20T08:07:24.6914926Z ##[group]Checking out the ref
Regression: 3 API + 3 lan chay theo du lieu (phai xanh)	Checkout bai lam HW06 (chi hw6 va .github)	2026-08-20T08:07:24.6922148Z [command]/usr/bin/git checkout --progress --force -B hw6/api-testing refs/remotes/origin/hw6/api-testing
Regression: 3 API + 3 lan chay theo du lieu (phai xanh)	Checkout bai lam HW06 (chi hw6 va .github)	2026-08-20T08:07:25.4139573Z Switched to a new branch 'hw6/api-testing'
Regression: 3 API + 3 lan chay theo du lieu (phai xanh)	Checkout bai lam HW06 (chi hw6 va .github)	2026-08-20T08:07:25.4145113Z branch 'hw6/api-testing' set up to track 'origin/hw6/api-testing'.
Regression: 3 API + 3 lan chay theo du lieu (phai xanh)	Checkout bai lam HW06 (chi hw6 va .github)	2026-08-20T08:07:25.4155657Z ##[endgroup]
Regression: 3 API + 3 lan chay theo du lieu (phai xanh)	Checkout bai lam HW06 (chi hw6 va .github)	2026-08-20T08:07:25.4315630Z [command]/usr/bin/git log -1 --format=%H
Regression: 3 API + 3 lan chay theo du lieu (phai xanh)	Checkout bai lam HW06 (chi hw6 va .github)	2026-08-20T08:07:25.4316380Z 5d438403ff07bb8331d1d135f6ee5b14c2de9893
Regression: 3 API + 3 lan chay theo du lieu (phai xanh)	Doc co SPEC_ENFORCED tu hw6/ci/ci.env	﻿2026-08-20T08:07:25.4492517Z ##[group]Run set -a; . hw6/ci/ci.env; set +a
Regression: 3 API + 3 lan chay theo du lieu (phai xanh)	Doc co SPEC_ENFORCED tu hw6/ci/ci.env	2026-08-20T08:07:25.4493296Z ^[[36;1mset -a; . hw6/ci/ci.env; set +a^[[0m
Regression: 3 API + 3 lan chay theo du lieu (phai xanh)	Doc co SPEC_ENFORCED tu hw6/ci/ci.env	2026-08-20T08:07:25.4494145Z ^[[36;1mecho "spec_enforced=${SPEC_ENFORCED}" >> "$GITHUB_OUTPUT"^[[0m
Regression: 3 API + 3 lan chay theo du lieu (phai xanh)	Doc co SPEC_ENFORCED tu hw6/ci/ci.env	2026-08-20T08:07:25.4494797Z ^[[36;1mecho "SPEC_ENFORCED = ${SPEC_ENFORCED}" >> "$GITHUB_STEP_SUMMARY"^[[0m
Regression: 3 API + 3 lan chay theo du lieu (phai xanh)	Doc co SPEC_ENFORCED tu hw6/ci/ci.env	2026-08-20T08:07:25.4544201Z shell: /usr/bin/bash -e {0}
Regression: 3 API + 3 lan chay theo du lieu (phai xanh)	Doc co SPEC_ENFORCED tu hw6/ci/ci.env	2026-08-20T08:07:25.4544676Z env:
Regression: 3 API + 3 lan chay theo du lieu (phai xanh)	Doc co SPEC_ENFORCED tu hw6/ci/ci.env	2026-08-20T08:07:25.4545042Z   STUDENT_ID: 23127344
Regression: 3 API + 3 lan chay theo du lieu (phai xanh)	Doc co SPEC_ENFORCED tu hw6/ci/ci.env	2026-08-20T08:07:25.4545449Z   SUT_REF: feature/23127344
Regression: 3 API + 3 lan chay theo du lieu (phai xanh)	Doc co SPEC_ENFORCED tu hw6/ci/ci.env	2026-08-20T08:07:25.4545860Z   SUT_PATH: hw3/docs/eshop-sut
Regression: 3 API + 3 lan chay theo du lieu (phai xanh)	Doc co SPEC_ENFORCED tu hw6/ci/ci.env	2026-08-20T08:07:25.4546279Z   NODE_VERSION: 22
Regression: 3 API + 3 lan chay theo du lieu (phai xanh)	Doc co SPEC_ENFORCED tu hw6/ci/ci.env	2026-08-20T08:07:25.4546657Z ##[endgroup]
Regression: 3 API + 3 lan chay theo du lieu (phai xanh)	Lay ma nguon SUT tu nhanh feature/23127344 (sparse checkout)	﻿2026-08-20T08:07:25.4739517Z ##[group]Run git clone --no-checkout --depth 1 --branch "${SUT_REF}"             "https://github.com/${GITHUB_REPOSITORY}.git" "${RUNNER_TEMP}/sut"
Regression: 3 API + 3 lan chay theo du lieu (phai xanh)	Lay ma nguon SUT tu nhanh feature/23127344 (sparse checkout)	2026-08-20T08:07:25.4740791Z ^[[36;1mgit clone --no-checkout --depth 1 --branch "${SUT_REF}"             "https://github.com/${GITHUB_REPOSITORY}.git" "${RUNNER_TEMP}/sut"^[[0m
Regression: 3 API + 3 lan chay theo du lieu (phai xanh)	Lay ma nguon SUT tu nhanh feature/23127344 (sparse checkout)	2026-08-20T08:07:25.4741548Z ^[[36;1mcd "${RUNNER_TEMP}/sut"^[[0m
Regression: 3 API + 3 lan chay theo du lieu (phai xanh)	Lay ma nguon SUT tu nhanh feature/23127344 (sparse checkout)	2026-08-20T08:07:25.4741988Z ^[[36;1mgit sparse-checkout init --no-cone^[[0m
Regression: 3 API + 3 lan chay theo du lieu (phai xanh)	Lay ma nguon SUT tu nhanh feature/23127344 (sparse checkout)	2026-08-20T08:07:25.4742461Z ^[[36;1mgit sparse-checkout set "${SUT_PATH}"^[[0m
Regression: 3 API + 3 lan chay theo du lieu (phai xanh)	Lay ma nguon SUT tu nhanh feature/23127344 (sparse checkout)	2026-08-20T08:07:25.4742899Z ^[[36;1mgit checkout^[[0m
Regression: 3 API + 3 lan chay theo du lieu (phai xanh)	Lay ma nguon SUT tu nhanh feature/23127344 (sparse checkout)	2026-08-20T08:07:25.4743277Z ^[[36;1mls -la "${SUT_PATH}/backend"^[[0m
Regression: 3 API + 3 lan chay theo du lieu (phai xanh)	Lay ma nguon SUT tu nhanh feature/23127344 (sparse checkout)	2026-08-20T08:07:25.4784501Z shell: /usr/bin/bash -e {0}
Regression: 3 API + 3 lan chay theo du lieu (phai xanh)	Lay ma nguon SUT tu nhanh feature/23127344 (sparse checkout)	2026-08-20T08:07:25.4784926Z env:
Regression: 3 API + 3 lan chay theo du lieu (phai xanh)	Lay ma nguon SUT tu nhanh feature/23127344 (sparse checkout)	2026-08-20T08:07:25.4785263Z   STUDENT_ID: 23127344
Regression: 3 API + 3 lan chay theo du lieu (phai xanh)	Lay ma nguon SUT tu nhanh feature/23127344 (sparse checkout)	2026-08-20T08:07:25.4785642Z   SUT_REF: feature/23127344
Regression: 3 API + 3 lan chay theo du lieu (phai xanh)	Lay ma nguon SUT tu nhanh feature/23127344 (sparse checkout)	2026-08-20T08:07:25.4786027Z   SUT_PATH: hw3/docs/eshop-sut
Regression: 3 API + 3 lan chay theo du lieu (phai xanh)	Lay ma nguon SUT tu nhanh feature/23127344 (sparse checkout)	2026-08-20T08:07:25.4786410Z   NODE_VERSION: 22
Regression: 3 API + 3 lan chay theo du lieu (phai xanh)	Lay ma nguon SUT tu nhanh feature/23127344 (sparse checkout)	2026-08-20T08:07:25.4786751Z ##[endgroup]
Regression: 3 API + 3 lan chay theo du lieu (phai xanh)	Lay ma nguon SUT tu nhanh feature/23127344 (sparse checkout)	2026-08-20T08:07:25.4863075Z Cloning into '/home/runner/work/_temp/sut'...
Regression: 3 API + 3 lan chay theo du lieu (phai xanh)	Lay ma nguon SUT tu nhanh feature/23127344 (sparse checkout)	2026-08-20T08:07:27.3760253Z Your branch is up to date with 'origin/feature/23127344'.
Regression: 3 API + 3 lan chay theo du lieu (phai xanh)	Lay ma nguon SUT tu nhanh feature/23127344 (sparse checkout)	2026-08-20T08:07:27.3781252Z total 140
Regression: 3 API + 3 lan chay theo du lieu (phai xanh)	Lay ma nguon SUT tu nhanh feature/23127344 (sparse checkout)	2026-08-20T08:07:27.3782041Z drwxr-xr-x 2 runner runner  4096 Aug 20 08:07 .
Regression: 3 API + 3 lan chay theo du lieu (phai xanh)	Lay ma nguon SUT tu nhanh feature/23127344 (sparse checkout)	2026-08-20T08:07:27.3782857Z drwxr-xr-x 6 runner runner  4096 Aug 20 08:07 ..
Regression: 3 API + 3 lan chay theo du lieu (phai xanh)	Lay ma nguon SUT tu nhanh feature/23127344 (sparse checkout)	2026-08-20T08:07:27.3783643Z -rw-r--r-- 1 runner runner  5043 Aug 20 08:07 database.js
Regression: 3 API + 3 lan chay theo du lieu (phai xanh)	Lay ma nguon SUT tu nhanh feature/23127344 (sparse checkout)	2026-08-20T08:07:27.3784510Z -rw-r--r-- 1 runner runner 36864 Aug 20 08:07 database.sqlite
Regression: 3 API + 3 lan chay theo du lieu (phai xanh)	Lay ma nguon SUT tu nhanh feature/23127344 (sparse checkout)	2026-08-20T08:07:27.3785345Z -rw-r--r-- 1 runner runner 59187 Aug 20 08:07 package-lock.json
Regression: 3 API + 3 lan chay theo du lieu (phai xanh)	Lay ma nguon SUT tu nhanh feature/23127344 (sparse checkout)	2026-08-20T08:07:27.3786211Z -rw-r--r-- 1 runner runner   398 Aug 20 08:07 package.json
Regression: 3 API + 3 lan chay theo du lieu (phai xanh)	Lay ma nguon SUT tu nhanh feature/23127344 (sparse checkout)	2026-08-20T08:07:27.3786840Z -rw-r--r-- 1 runner runner 17538 Aug 20 08:07 server.js
Regression: 3 API + 3 lan chay theo du lieu (phai xanh)	Lay ma nguon SUT tu nhanh feature/23127344 (sparse checkout)	2026-08-20T08:07:27.3787453Z -rw-r--r-- 1 runner runner   393 Aug 20 08:07 test_profile.js
Regression: 3 API + 3 lan chay theo du lieu (phai xanh)	Set up Node.js	﻿2026-08-20T08:07:27.3898314Z ##[group]Run actions/setup-node@v5
Regression: 3 API + 3 lan chay theo du lieu (phai xanh)	Set up Node.js	2026-08-20T08:07:27.3898982Z with:
Regression: 3 API + 3 lan chay theo du lieu (phai xanh)	Set up Node.js	2026-08-20T08:07:27.3899199Z   node-version: 22
Regression: 3 API + 3 lan chay theo du lieu (phai xanh)	Set up Node.js	2026-08-20T08:07:27.3899410Z   always-auth: false
Regression: 3 API + 3 lan chay theo du lieu (phai xanh)	Set up Node.js	2026-08-20T08:07:27.3899659Z   check-latest: false
Regression: 3 API + 3 lan chay theo du lieu (phai xanh)	Set up Node.js	2026-08-20T08:07:27.3902199Z   token: ***
Regression: 3 API + 3 lan chay theo du lieu (phai xanh)	Set up Node.js	2026-08-20T08:07:27.3902423Z   package-manager-cache: true
Regression: 3 API + 3 lan chay theo du lieu (phai xanh)	Set up Node.js	2026-08-20T08:07:27.3902672Z env:
Regression: 3 API + 3 lan chay theo du lieu (phai xanh)	Set up Node.js	2026-08-20T08:07:27.3902862Z   STUDENT_ID: 23127344
Regression: 3 API + 3 lan chay theo du lieu (phai xanh)	Set up Node.js	2026-08-20T08:07:27.3903077Z   SUT_REF: feature/23127344
Regression: 3 API + 3 lan chay theo du lieu (phai xanh)	Set up Node.js	2026-08-20T08:07:27.3903312Z   SUT_PATH: hw3/docs/eshop-sut
Regression: 3 API + 3 lan chay theo du lieu (phai xanh)	Set up Node.js	2026-08-20T08:07:27.3903541Z   NODE_VERSION: 22
Regression: 3 API + 3 lan chay theo du lieu (phai xanh)	Set up Node.js	2026-08-20T08:07:27.3903748Z ##[endgroup]
Regression: 3 API + 3 lan chay theo du lieu (phai xanh)	Set up Node.js	2026-08-20T08:07:27.5461002Z Found in cache @ /opt/hostedtoolcache/node/22.23.2/x64
Regression: 3 API + 3 lan chay theo du lieu (phai xanh)	Set up Node.js	2026-08-20T08:07:27.5465713Z (node:2210) [DEP0040] DeprecationWarning: The `punycode` module is deprecated. Please use a userland alternative instead.
Regression: 3 API + 3 lan chay theo du lieu (phai xanh)	Set up Node.js	2026-08-20T08:07:27.5466538Z (Use `node --trace-deprecation ...` to show where the warning was created)
Regression: 3 API + 3 lan chay theo du lieu (phai xanh)	Set up Node.js	2026-08-20T08:07:27.5469606Z ##[group]Environment details
Regression: 3 API + 3 lan chay theo du lieu (phai xanh)	Set up Node.js	2026-08-20T08:07:28.0963117Z node: v22.23.2
Regression: 3 API + 3 lan chay theo du lieu (phai xanh)	Set up Node.js	2026-08-20T08:07:28.0963561Z npm: 10.9.8
Regression: 3 API + 3 lan chay theo du lieu (phai xanh)	Set up Node.js	2026-08-20T08:07:28.0963830Z yarn: 1.22.22
Regression: 3 API + 3 lan chay theo du lieu (phai xanh)	Set up Node.js	2026-08-20T08:07:28.0965298Z ##[endgroup]
Regression: 3 API + 3 lan chay theo du lieu (phai xanh)	Cai dependency cho SUT	﻿2026-08-20T08:07:28.1094566Z ##[group]Run npm ci || npm install
Regression: 3 API + 3 lan chay theo du lieu (phai xanh)	Cai dependency cho SUT	2026-08-20T08:07:28.1095103Z ^[[36;1mnpm ci || npm install^[[0m
Regression: 3 API + 3 lan chay theo du lieu (phai xanh)	Cai dependency cho SUT	2026-08-20T08:07:28.1143001Z shell: /usr/bin/bash -e {0}
Regression: 3 API + 3 lan chay theo du lieu (phai xanh)	Cai dependency cho SUT	2026-08-20T08:07:28.1143457Z env:
Regression: 3 API + 3 lan chay theo du lieu (phai xanh)	Cai dependency cho SUT	2026-08-20T08:07:28.1143776Z   STUDENT_ID: 23127344
Regression: 3 API + 3 lan chay theo du lieu (phai xanh)	Cai dependency cho SUT	2026-08-20T08:07:28.1144145Z   SUT_REF: feature/23127344
Regression: 3 API + 3 lan chay theo du lieu (phai xanh)	Cai dependency cho SUT	2026-08-20T08:07:28.1144485Z   SUT_PATH: hw3/docs/eshop-sut
Regression: 3 API + 3 lan chay theo du lieu (phai xanh)	Cai dependency cho SUT	2026-08-20T08:07:28.1144724Z   NODE_VERSION: 22
Regression: 3 API + 3 lan chay theo du lieu (phai xanh)	Cai dependency cho SUT	2026-08-20T08:07:28.1144932Z ##[endgroup]
Regression: 3 API + 3 lan chay theo du lieu (phai xanh)	Cai dependency cho SUT	2026-08-20T08:07:30.6390231Z npm warn deprecated prebuild-install@7.1.3: No longer maintained. Please contact the author of the relevant native addon; alternatives are available.
Regression: 3 API + 3 lan chay theo du lieu (phai xanh)	Cai dependency cho SUT	2026-08-20T08:07:31.5167232Z 
Regression: 3 API + 3 lan chay theo du lieu (phai xanh)	Cai dependency cho SUT	2026-08-20T08:07:31.5168138Z added 135 packages, and audited 136 packages in 3s
Regression: 3 API + 3 lan chay theo du lieu (phai xanh)	Cai dependency cho SUT	2026-08-20T08:07:31.5168889Z 
Regression: 3 API + 3 lan chay theo du lieu (phai xanh)	Cai dependency cho SUT	2026-08-20T08:07:31.5169239Z 36 packages are looking for funding
Regression: 3 API + 3 lan chay theo du lieu (phai xanh)	Cai dependency cho SUT	2026-08-20T08:07:31.5169870Z   run `npm fund` for details
Regression: 3 API + 3 lan chay theo du lieu (phai xanh)	Cai dependency cho SUT	2026-08-20T08:07:31.5248027Z 
Regression: 3 API + 3 lan chay theo du lieu (phai xanh)	Cai dependency cho SUT	2026-08-20T08:07:31.5249392Z 4 vulnerabilities (1 low, 1 moderate, 1 high, 1 critical)
Regression: 3 API + 3 lan chay theo du lieu (phai xanh)	Cai dependency cho SUT	2026-08-20T08:07:31.5250293Z 
Regression: 3 API + 3 lan chay theo du lieu (phai xanh)	Cai dependency cho SUT	2026-08-20T08:07:31.5250572Z To address all issues, run:
Regression: 3 API + 3 lan chay theo du lieu (phai xanh)	Cai dependency cho SUT	2026-08-20T08:07:31.5251032Z   npm audit fix
Regression: 3 API + 3 lan chay theo du lieu (phai xanh)	Cai dependency cho SUT	2026-08-20T08:07:31.5251263Z 
Regression: 3 API + 3 lan chay theo du lieu (phai xanh)	Cai dependency cho SUT	2026-08-20T08:07:31.5251476Z Run `npm audit` for details.
Regression: 3 API + 3 lan chay theo du lieu (phai xanh)	Cai Newman va reporter	﻿2026-08-20T08:07:31.5767074Z ##[group]Run npm install --global newman newman-reporter-htmlextra
Regression: 3 API + 3 lan chay theo du lieu (phai xanh)	Cai Newman va reporter	2026-08-20T08:07:31.5767592Z ^[[36;1mnpm install --global newman newman-reporter-htmlextra^[[0m
Regression: 3 API + 3 lan chay theo du lieu (phai xanh)	Cai Newman va reporter	2026-08-20T08:07:31.5804643Z shell: /usr/bin/bash -e {0}
Regression: 3 API + 3 lan chay theo du lieu (phai xanh)	Cai Newman va reporter	2026-08-20T08:07:31.5804903Z env:
Regression: 3 API + 3 lan chay theo du lieu (phai xanh)	Cai Newman va reporter	2026-08-20T08:07:31.5805092Z   STUDENT_ID: 23127344
Regression: 3 API + 3 lan chay theo du lieu (phai xanh)	Cai Newman va reporter	2026-08-20T08:07:31.5805315Z   SUT_REF: feature/23127344
Regression: 3 API + 3 lan chay theo du lieu (phai xanh)	Cai Newman va reporter	2026-08-20T08:07:31.5805553Z   SUT_PATH: hw3/docs/eshop-sut
Regression: 3 API + 3 lan chay theo du lieu (phai xanh)	Cai Newman va reporter	2026-08-20T08:07:31.5805788Z   NODE_VERSION: 22
Regression: 3 API + 3 lan chay theo du lieu (phai xanh)	Cai Newman va reporter	2026-08-20T08:07:31.5805989Z ##[endgroup]
Regression: 3 API + 3 lan chay theo du lieu (phai xanh)	Cai Newman va reporter	2026-08-20T08:07:35.3008467Z npm warn deprecated har-validator@5.1.5: this library is no longer supported
Regression: 3 API + 3 lan chay theo du lieu (phai xanh)	Cai Newman va reporter	2026-08-20T08:07:35.6499380Z npm warn deprecated uuid@3.4.0: uuid@10 and below is no longer supported.  For ESM codebases, update to uuid@latest.  For CommonJS codebases, use uuid@11 (but be aware this version will likely be deprecated in 2028).
Regression: 3 API + 3 lan chay theo du lieu (phai xanh)	Cai Newman va reporter	2026-08-20T08:07:36.1699552Z npm warn deprecated uuid@8.3.2: uuid@10 and below is no longer supported.  For ESM codebases, update to uuid@latest.  For CommonJS codebases, use uuid@11 (but be aware this version will likely be deprecated in 2028).
Regression: 3 API + 3 lan chay theo du lieu (phai xanh)	Cai Newman va reporter	2026-08-20T08:07:36.1931716Z npm warn deprecated uuid@9.0.1: uuid@10 and below is no longer supported.  For ESM codebases, update to uuid@latest.  For CommonJS codebases, use uuid@11 (but be aware this version will likely be deprecated in 2028).
Regression: 3 API + 3 lan chay theo du lieu (phai xanh)	Cai Newman va reporter	2026-08-20T08:07:37.6282395Z npm warn deprecated @faker-js/faker@5.5.3: Please update to a newer version.
Regression: 3 API + 3 lan chay theo du lieu (phai xanh)	Cai Newman va reporter	2026-08-20T08:07:37.6479193Z 
Regression: 3 API + 3 lan chay theo du lieu (phai xanh)	Cai Newman va reporter	2026-08-20T08:07:37.6480006Z added 205 packages in 6s
Regression: 3 API + 3 lan chay theo du lieu (phai xanh)	Cai Newman va reporter	2026-08-20T08:07:37.6480251Z 
Regression: 3 API + 3 lan chay theo du lieu (phai xanh)	Cai Newman va reporter	2026-08-20T08:07:37.6480457Z 25 packages are looking for funding
Regression: 3 API + 3 lan chay theo du lieu (phai xanh)	Cai Newman va reporter	2026-08-20T08:07:37.6480771Z   run `npm fund` for details
Regression: 3 API + 3 lan chay theo du lieu (phai xanh)	Seed DB va khoi dong SUT	﻿2026-08-20T08:07:37.6723184Z ##[group]Run node database.js
Regression: 3 API + 3 lan chay theo du lieu (phai xanh)	Seed DB va khoi dong SUT	2026-08-20T08:07:37.6723728Z ^[[36;1mnode database.js^[[0m
Regression: 3 API + 3 lan chay theo du lieu (phai xanh)	Seed DB va khoi dong SUT	2026-08-20T08:07:37.6724344Z ^[[36;1mnohup node server.js > "/home/runner/work/_temp/sut.log" 2>&1 &^[[0m
Regression: 3 API + 3 lan chay theo du lieu (phai xanh)	Seed DB va khoi dong SUT	2026-08-20T08:07:37.6725030Z ^[[36;1mecho "SUT_PID=$!" >> "$GITHUB_ENV"^[[0m
Regression: 3 API + 3 lan chay theo du lieu (phai xanh)	Seed DB va khoi dong SUT	2026-08-20T08:07:37.6779261Z shell: /usr/bin/bash -e {0}
Regression: 3 API + 3 lan chay theo du lieu (phai xanh)	Seed DB va khoi dong SUT	2026-08-20T08:07:37.6779702Z env:
Regression: 3 API + 3 lan chay theo du lieu (phai xanh)	Seed DB va khoi dong SUT	2026-08-20T08:07:37.6780022Z   STUDENT_ID: 23127344
Regression: 3 API + 3 lan chay theo du lieu (phai xanh)	Seed DB va khoi dong SUT	2026-08-20T08:07:37.6780405Z   SUT_REF: feature/23127344
Regression: 3 API + 3 lan chay theo du lieu (phai xanh)	Seed DB va khoi dong SUT	2026-08-20T08:07:37.6780860Z   SUT_PATH: hw3/docs/eshop-sut
Regression: 3 API + 3 lan chay theo du lieu (phai xanh)	Seed DB va khoi dong SUT	2026-08-20T08:07:37.6781283Z   NODE_VERSION: 22
Regression: 3 API + 3 lan chay theo du lieu (phai xanh)	Seed DB va khoi dong SUT	2026-08-20T08:07:37.6781614Z ##[endgroup]
Regression: 3 API + 3 lan chay theo du lieu (phai xanh)	Seed DB va khoi dong SUT	2026-08-20T08:07:37.7210124Z Database initialized and seeded (Phase 2).
Regression: 3 API + 3 lan chay theo du lieu (phai xanh)	Seed DB va khoi dong SUT	2026-08-20T08:07:37.7213457Z Connected to database
Regression: 3 API + 3 lan chay theo du lieu (phai xanh)	Cho SUT san sang (healthcheck, khong sleep co dinh)	﻿2026-08-20T08:07:37.7797436Z ##[group]Run for i in $(seq 1 30); do
Regression: 3 API + 3 lan chay theo du lieu (phai xanh)	Cho SUT san sang (healthcheck, khong sleep co dinh)	2026-08-20T08:07:37.7797771Z ^[[36;1mfor i in $(seq 1 30); do^[[0m
Regression: 3 API + 3 lan chay theo du lieu (phai xanh)	Cho SUT san sang (healthcheck, khong sleep co dinh)	2026-08-20T08:07:37.7798176Z ^[[36;1m  if curl -fsS http://localhost:3000/api/products > /dev/null 2>&1; then^[[0m
Regression: 3 API + 3 lan chay theo du lieu (phai xanh)	Cho SUT san sang (healthcheck, khong sleep co dinh)	2026-08-20T08:07:37.7798923Z ^[[36;1m    echo "SUT san sang sau ${i}s"^[[0m
Regression: 3 API + 3 lan chay theo du lieu (phai xanh)	Cho SUT san sang (healthcheck, khong sleep co dinh)	2026-08-20T08:07:37.7799232Z ^[[36;1m    exit 0^[[0m
Regression: 3 API + 3 lan chay theo du lieu (phai xanh)	Cho SUT san sang (healthcheck, khong sleep co dinh)	2026-08-20T08:07:37.7799629Z ^[[36;1m  fi^[[0m
Regression: 3 API + 3 lan chay theo du lieu (phai xanh)	Cho SUT san sang (healthcheck, khong sleep co dinh)	2026-08-20T08:07:37.7799820Z ^[[36;1m  sleep 1^[[0m
Regression: 3 API + 3 lan chay theo du lieu (phai xanh)	Cho SUT san sang (healthcheck, khong sleep co dinh)	2026-08-20T08:07:37.7800017Z ^[[36;1mdone^[[0m
Regression: 3 API + 3 lan chay theo du lieu (phai xanh)	Cho SUT san sang (healthcheck, khong sleep co dinh)	2026-08-20T08:07:37.7800251Z ^[[36;1mecho "::error::SUT khong san sang trong 30s"^[[0m
Regression: 3 API + 3 lan chay theo du lieu (phai xanh)	Cho SUT san sang (healthcheck, khong sleep co dinh)	2026-08-20T08:07:37.7800592Z ^[[36;1mcat "/home/runner/work/_temp/sut.log" || true^[[0m
Regression: 3 API + 3 lan chay theo du lieu (phai xanh)	Cho SUT san sang (healthcheck, khong sleep co dinh)	2026-08-20T08:07:37.7800880Z ^[[36;1mexit 1^[[0m
Regression: 3 API + 3 lan chay theo du lieu (phai xanh)	Cho SUT san sang (healthcheck, khong sleep co dinh)	2026-08-20T08:07:37.7837801Z shell: /usr/bin/bash -e {0}
Regression: 3 API + 3 lan chay theo du lieu (phai xanh)	Cho SUT san sang (healthcheck, khong sleep co dinh)	2026-08-20T08:07:37.7838059Z env:
Regression: 3 API + 3 lan chay theo du lieu (phai xanh)	Cho SUT san sang (healthcheck, khong sleep co dinh)	2026-08-20T08:07:37.7838245Z   STUDENT_ID: 23127344
Regression: 3 API + 3 lan chay theo du lieu (phai xanh)	Cho SUT san sang (healthcheck, khong sleep co dinh)	2026-08-20T08:07:37.7838462Z   SUT_REF: feature/23127344
Regression: 3 API + 3 lan chay theo du lieu (phai xanh)	Cho SUT san sang (healthcheck, khong sleep co dinh)	2026-08-20T08:07:37.7838932Z   SUT_PATH: hw3/docs/eshop-sut
Regression: 3 API + 3 lan chay theo du lieu (phai xanh)	Cho SUT san sang (healthcheck, khong sleep co dinh)	2026-08-20T08:07:37.7839172Z   NODE_VERSION: 22
Regression: 3 API + 3 lan chay theo du lieu (phai xanh)	Cho SUT san sang (healthcheck, khong sleep co dinh)	2026-08-20T08:07:37.7839407Z   SUT_PID: 2300
Regression: 3 API + 3 lan chay theo du lieu (phai xanh)	Cho SUT san sang (healthcheck, khong sleep co dinh)	2026-08-20T08:07:37.7839609Z ##[endgroup]
Regression: 3 API + 3 lan chay theo du lieu (phai xanh)	Cho SUT san sang (healthcheck, khong sleep co dinh)	2026-08-20T08:07:38.8272617Z SUT san sang sau 2s
Regression: 3 API + 3 lan chay theo du lieu (phai xanh)	Chay Newman - 3 API + 3 lan chay theo du lieu	﻿2026-08-20T08:07:38.8305422Z ##[group]Run bash hw6/scripts/run_newman.sh regression
Regression: 3 API + 3 lan chay theo du lieu (phai xanh)	Chay Newman - 3 API + 3 lan chay theo du lieu	2026-08-20T08:07:38.8305842Z ^[[36;1mbash hw6/scripts/run_newman.sh regression^[[0m
Regression: 3 API + 3 lan chay theo du lieu (phai xanh)	Chay Newman - 3 API + 3 lan chay theo du lieu	2026-08-20T08:07:38.8342719Z shell: /usr/bin/bash -e {0}
Regression: 3 API + 3 lan chay theo du lieu (phai xanh)	Chay Newman - 3 API + 3 lan chay theo du lieu	2026-08-20T08:07:38.8342991Z env:
Regression: 3 API + 3 lan chay theo du lieu (phai xanh)	Chay Newman - 3 API + 3 lan chay theo du lieu	2026-08-20T08:07:38.8343176Z   STUDENT_ID: 23127344
Regression: 3 API + 3 lan chay theo du lieu (phai xanh)	Chay Newman - 3 API + 3 lan chay theo du lieu	2026-08-20T08:07:38.8343397Z   SUT_REF: feature/23127344
Regression: 3 API + 3 lan chay theo du lieu (phai xanh)	Chay Newman - 3 API + 3 lan chay theo du lieu	2026-08-20T08:07:38.8343641Z   SUT_PATH: hw3/docs/eshop-sut
Regression: 3 API + 3 lan chay theo du lieu (phai xanh)	Chay Newman - 3 API + 3 lan chay theo du lieu	2026-08-20T08:07:38.8343884Z   NODE_VERSION: 22
Regression: 3 API + 3 lan chay theo du lieu (phai xanh)	Chay Newman - 3 API + 3 lan chay theo du lieu	2026-08-20T08:07:38.8344089Z   SUT_PID: 2300
Regression: 3 API + 3 lan chay theo du lieu (phai xanh)	Chay Newman - 3 API + 3 lan chay theo du lieu	2026-08-20T08:07:38.8344394Z   SUT_BACKEND_DIR: /home/runner/work/_temp/sut/hw3/docs/eshop-sut/backend
Regression: 3 API + 3 lan chay theo du lieu (phai xanh)	Chay Newman - 3 API + 3 lan chay theo du lieu	2026-08-20T08:07:38.8344792Z   SUT_BASE_URL: http://localhost:3000
Regression: 3 API + 3 lan chay theo du lieu (phai xanh)	Chay Newman - 3 API + 3 lan chay theo du lieu	2026-08-20T08:07:38.8345059Z ##[endgroup]
Regression: 3 API + 3 lan chay theo du lieu (phai xanh)	Chay Newman - 3 API + 3 lan chay theo du lieu	2026-08-20T08:07:38.8447576Z 
Regression: 3 API + 3 lan chay theo du lieu (phai xanh)	Chay Newman - 3 API + 3 lan chay theo du lieu	2026-08-20T08:07:38.8448141Z ==============================================================
Regression: 3 API + 3 lan chay theo du lieu (phai xanh)	Chay Newman - 3 API + 3 lan chay theo du lieu	2026-08-20T08:07:38.8449190Z  api1  |  API1 - PUT /api/users/me (Pool A / FR-04)
Regression: 3 API + 3 lan chay theo du lieu (phai xanh)	Chay Newman - 3 API + 3 lan chay theo du lieu	2026-08-20T08:07:38.8449907Z ==============================================================
Regression: 3 API + 3 lan chay theo du lieu (phai xanh)	Chay Newman - 3 API + 3 lan chay theo du lieu	2026-08-20T08:07:38.8680001Z [reset_db] reset DB tai: /home/runner/work/_temp/sut/hw3/docs/eshop-sut/backend
Regression: 3 API + 3 lan chay theo du lieu (phai xanh)	Chay Newman - 3 API + 3 lan chay theo du lieu	2026-08-20T08:07:39.2185122Z [reset_db] OK sau 1 lan kiem tra: user A role=user, 4 coupon seed, 0 don hang.
Regression: 3 API + 3 lan chay theo du lieu (phai xanh)	Chay Newman - 3 API + 3 lan chay theo du lieu	2026-08-20T08:07:40.2733197Z HW06 - EShop API Testing (23127344)
Regression: 3 API + 3 lan chay theo du lieu (phai xanh)	Chay Newman - 3 API + 3 lan chay theo du lieu	2026-08-20T08:07:40.2796247Z 
Regression: 3 API + 3 lan chay theo du lieu (phai xanh)	Chay Newman - 3 API + 3 lan chay theo du lieu	2026-08-20T08:07:40.2798211Z ❏ 00 - Setup (dang nhap, tao user B, tu ky token gia mao)
Regression: 3 API + 3 lan chay theo du lieu (phai xanh)	Chay Newman - 3 API + 3 lan chay theo du lieu	2026-08-20T08:07:40.2799713Z ↳ SETUP-01 - Dang nhap admin -> tokenAdmin
Regression: 3 API + 3 lan chay theo du lieu (phai xanh)	Chay Newman - 3 API + 3 lan chay theo du lieu	2026-08-20T08:07:40.2964780Z   ┌
Regression: 3 API + 3 lan chay theo du lieu (phai xanh)	Chay Newman - 3 API + 3 lan chay theo du lieu	2026-08-20T08:07:40.2966444Z   │ '[X-Student-Id] 23127344 -> POST {{baseUrl}}/api/login
Regression: 3 API + 3 lan chay theo du lieu (phai xanh)	Chay Newman - 3 API + 3 lan chay theo du lieu	2026-08-20T08:07:40.2971410Z   │ '
Regression: 3 API + 3 lan chay theo du lieu (phai xanh)	Chay Newman - 3 API + 3 lan chay theo du lieu	2026-08-20T08:07:40.3124026Z   └
Regression: 3 API + 3 lan chay theo du lieu (phai xanh)	Chay Newman - 3 API + 3 lan chay theo du lieu	2026-08-20T08:07:40.3392738Z   POST http://localhost:3000/api/login [200 OK, 640B, 25ms]
Regression: 3 API + 3 lan chay theo du lieu (phai xanh)	Chay Newman - 3 API + 3 lan chay theo du lieu	2026-08-20T08:07:40.3495627Z   ✓  [moi request] co header X-Student-Id = 23127344
Regression: 3 API + 3 lan chay theo du lieu (phai xanh)	Chay Newman - 3 API + 3 lan chay theo du lieu	2026-08-20T08:07:40.3585585Z   ✓  Dang nhap admin thanh cong
Regression: 3 API + 3 lan chay theo du lieu (phai xanh)	Chay Newman - 3 API + 3 lan chay theo du lieu	2026-08-20T08:07:40.3591720Z   ┌
Regression: 3 API + 3 lan chay theo du lieu (phai xanh)	Chay Newman - 3 API + 3 lan chay theo du lieu	2026-08-20T08:07:40.3593878Z   │ '[SETUP] tokenAdmin da luu, admin id=1'
Regression: 3 API + 3 lan chay theo du lieu (phai xanh)	Chay Newman - 3 API + 3 lan chay theo du lieu	2026-08-20T08:07:40.3651905Z   └
Regression: 3 API + 3 lan chay theo du lieu (phai xanh)	Chay Newman - 3 API + 3 lan chay theo du lieu	2026-08-20T08:07:40.3652133Z 
Regression: 3 API + 3 lan chay theo du lieu (phai xanh)	Chay Newman - 3 API + 3 lan chay theo du lieu	2026-08-20T08:07:40.3652441Z ↳ SETUP-02 - Dang nhap user A -> tokenUser
Regression: 3 API + 3 lan chay theo du lieu (phai xanh)	Chay Newman - 3 API + 3 lan chay theo du lieu	2026-08-20T08:07:40.3695762Z   ┌
Regression: 3 API + 3 lan chay theo du lieu (phai xanh)	Chay Newman - 3 API + 3 lan chay theo du lieu	2026-08-20T08:07:40.3696276Z   │ '[X-Student-Id] 23127344 -> POST {{baseUrl}}/api/login
Regression: 3 API + 3 lan chay theo du lieu (phai xanh)	Chay Newman - 3 API + 3 lan chay theo du lieu	2026-08-20T08:07:40.3696894Z   │ '
Regression: 3 API + 3 lan chay theo du lieu (phai xanh)	Chay Newman - 3 API + 3 lan chay theo du lieu	2026-08-20T08:07:40.3743818Z   └
Regression: 3 API + 3 lan chay theo du lieu (phai xanh)	Chay Newman - 3 API + 3 lan chay theo du lieu	2026-08-20T08:07:40.3790326Z   POST http://localhost:3000/api/login [200 OK, 635B, 4ms]
Regression: 3 API + 3 lan chay theo du lieu (phai xanh)	Chay Newman - 3 API + 3 lan chay theo du lieu	2026-08-20T08:07:40.3851120Z   ✓  [moi request] co header X-Student-Id = 23127344
Regression: 3 API + 3 lan chay theo du lieu (phai xanh)	Chay Newman - 3 API + 3 lan chay theo du lieu	2026-08-20T08:07:40.3914358Z   ✓  Dang nhap user A thanh cong
Regression: 3 API + 3 lan chay theo du lieu (phai xanh)	Chay Newman - 3 API + 3 lan chay theo du lieu	2026-08-20T08:07:40.3922432Z   ┌
Regression: 3 API + 3 lan chay theo du lieu (phai xanh)	Chay Newman - 3 API + 3 lan chay theo du lieu	2026-08-20T08:07:40.3923603Z   │ '[SETUP] tokenUser da luu, user A id=2 role=user'
Regression: 3 API + 3 lan chay theo du lieu (phai xanh)	Chay Newman - 3 API + 3 lan chay theo du lieu	2026-08-20T08:07:40.3927381Z   └
Regression: 3 API + 3 lan chay theo du lieu (phai xanh)	Chay Newman - 3 API + 3 lan chay theo du lieu	2026-08-20T08:07:40.3928516Z   ✓  [tien dieu kien] user A phai co role="user" (DB vua reset)
Regression: 3 API + 3 lan chay theo du lieu (phai xanh)	Chay Newman - 3 API + 3 lan chay theo du lieu	2026-08-20T08:07:40.3981867Z 
Regression: 3 API + 3 lan chay theo du lieu (phai xanh)	Chay Newman - 3 API + 3 lan chay theo du lieu	2026-08-20T08:07:40.3982837Z ↳ SETUP-03 - Tao user B (cho cac test IDOR)
Regression: 3 API + 3 lan chay theo du lieu (phai xanh)	Chay Newman - 3 API + 3 lan chay theo du lieu	2026-08-20T08:07:40.4021854Z   ┌
Regression: 3 API + 3 lan chay theo du lieu (phai xanh)	Chay Newman - 3 API + 3 lan chay theo du lieu	2026-08-20T08:07:40.4022535Z   │ '[X-Student-Id] 23127344 -> POST {{baseUrl}}/api/regis
Regression: 3 API + 3 lan chay theo du lieu (phai xanh)	Chay Newman - 3 API + 3 lan chay theo du lieu	2026-08-20T08:07:40.4022949Z   │ ter'
Regression: 3 API + 3 lan chay theo du lieu (phai xanh)	Chay Newman - 3 API + 3 lan chay theo du lieu	2026-08-20T08:07:40.4078312Z   └
Regression: 3 API + 3 lan chay theo du lieu (phai xanh)	Chay Newman - 3 API + 3 lan chay theo du lieu	2026-08-20T08:07:40.4180466Z   POST http://localhost:3000/api/register [200 OK, 316B, 10ms]
Regression: 3 API + 3 lan chay theo du lieu (phai xanh)	Chay Newman - 3 API + 3 lan chay theo du lieu	2026-08-20T08:07:40.4247830Z   ✓  [moi request] co header X-Student-Id = 23127344
Regression: 3 API + 3 lan chay theo du lieu (phai xanh)	Chay Newman - 3 API + 3 lan chay theo du lieu	2026-08-20T08:07:40.4357191Z   ✓  Dang ky user B tra 200
Regression: 3 API + 3 lan chay theo du lieu (phai xanh)	Chay Newman - 3 API + 3 lan chay theo du lieu	2026-08-20T08:07:40.4360832Z   ┌
Regression: 3 API + 3 lan chay theo du lieu (phai xanh)	Chay Newman - 3 API + 3 lan chay theo du lieu	2026-08-20T08:07:40.4362471Z   │ '[SETUP] user B da dang ky, id=3'
Regression: 3 API + 3 lan chay theo du lieu (phai xanh)	Chay Newman - 3 API + 3 lan chay theo du lieu	2026-08-20T08:07:40.4415839Z   └
Regression: 3 API + 3 lan chay theo du lieu (phai xanh)	Chay Newman - 3 API + 3 lan chay theo du lieu	2026-08-20T08:07:40.4416752Z 
Regression: 3 API + 3 lan chay theo du lieu (phai xanh)	Chay Newman - 3 API + 3 lan chay theo du lieu	2026-08-20T08:07:40.4417634Z ↳ SETUP-04 - Dang nhap user B -> tokenUserB
Regression: 3 API + 3 lan chay theo du lieu (phai xanh)	Chay Newman - 3 API + 3 lan chay theo du lieu	2026-08-20T08:07:40.4461864Z   ┌
Regression: 3 API + 3 lan chay theo du lieu (phai xanh)	Chay Newman - 3 API + 3 lan chay theo du lieu	2026-08-20T08:07:40.4462888Z   │ '[X-Student-Id] 23127344 -> POST {{baseUrl}}/api/login
Regression: 3 API + 3 lan chay theo du lieu (phai xanh)	Chay Newman - 3 API + 3 lan chay theo du lieu	2026-08-20T08:07:40.4463816Z   │ '
Regression: 3 API + 3 lan chay theo du lieu (phai xanh)	Chay Newman - 3 API + 3 lan chay theo du lieu	2026-08-20T08:07:40.4519635Z   └
Regression: 3 API + 3 lan chay theo du lieu (phai xanh)	Chay Newman - 3 API + 3 lan chay theo du lieu	2026-08-20T08:07:40.4563474Z   POST http://localhost:3000/api/login [200 OK, 643B, 3ms]
Regression: 3 API + 3 lan chay theo du lieu (phai xanh)	Chay Newman - 3 API + 3 lan chay theo du lieu	2026-08-20T08:07:40.4620716Z   ✓  [moi request] co header X-Student-Id = 23127344
Regression: 3 API + 3 lan chay theo du lieu (phai xanh)	Chay Newman - 3 API + 3 lan chay theo du lieu	2026-08-20T08:07:40.4744359Z   ✓  Dang nhap user B thanh cong
Regression: 3 API + 3 lan chay theo du lieu (phai xanh)	Chay Newman - 3 API + 3 lan chay theo du lieu	2026-08-20T08:07:40.4749326Z   ┌
Regression: 3 API + 3 lan chay theo du lieu (phai xanh)	Chay Newman - 3 API + 3 lan chay theo du lieu	2026-08-20T08:07:40.4749940Z   │ '[SETUP] tokenUserB da luu, user B id=3'
Regression: 3 API + 3 lan chay theo du lieu (phai xanh)	Chay Newman - 3 API + 3 lan chay theo du lieu	2026-08-20T08:07:40.4813015Z   └
Regression: 3 API + 3 lan chay theo du lieu (phai xanh)	Chay Newman - 3 API + 3 lan chay theo du lieu	2026-08-20T08:07:40.4813178Z 
Regression: 3 API + 3 lan chay theo du lieu (phai xanh)	Chay Newman - 3 API + 3 lan chay theo du lieu	2026-08-20T08:07:40.4813745Z ↳ SETUP-05 - Tu ky 7 token gia mao (chung minh SECRET_KEY bi hardcode)
Regression: 3 API + 3 lan chay theo du lieu (phai xanh)	Chay Newman - 3 API + 3 lan chay theo du lieu	2026-08-20T08:07:40.4861210Z   ┌
Regression: 3 API + 3 lan chay theo du lieu (phai xanh)	Chay Newman - 3 API + 3 lan chay theo du lieu	2026-08-20T08:07:40.4862092Z   │ '[X-Student-Id] 23127344 -> GET {{baseUrl}}/api/produc
Regression: 3 API + 3 lan chay theo du lieu (phai xanh)	Chay Newman - 3 API + 3 lan chay theo du lieu	2026-08-20T08:07:40.4864651Z   │ ts'
Regression: 3 API + 3 lan chay theo du lieu (phai xanh)	Chay Newman - 3 API + 3 lan chay theo du lieu	2026-08-20T08:07:40.4934198Z   └
Regression: 3 API + 3 lan chay theo du lieu (phai xanh)	Chay Newman - 3 API + 3 lan chay theo du lieu	2026-08-20T08:07:40.4985833Z   GET http://localhost:3000/api/products [200 OK, 1.24kB, 4ms]
Regression: 3 API + 3 lan chay theo du lieu (phai xanh)	Chay Newman - 3 API + 3 lan chay theo du lieu	2026-08-20T08:07:40.5034971Z   ✓  [moi request] co header X-Student-Id = 23127344
Regression: 3 API + 3 lan chay theo du lieu (phai xanh)	Chay Newman - 3 API + 3 lan chay theo du lieu	2026-08-20T08:07:40.5097546Z   ┌
Regression: 3 API + 3 lan chay theo du lieu (phai xanh)	Chay Newman - 3 API + 3 lan chay theo du lieu	2026-08-20T08:07:40.5098071Z   │ `Using "CryptoJS" is deprecated. Use "require('crypto-
Regression: 3 API + 3 lan chay theo du lieu (phai xanh)	Chay Newman - 3 API + 3 lan chay theo du lieu	2026-08-20T08:07:40.5098466Z   │ js')" instead.`
Regression: 3 API + 3 lan chay theo du lieu (phai xanh)	Chay Newman - 3 API + 3 lan chay theo du lieu	2026-08-20T08:07:40.5132744Z   └
Regression: 3 API + 3 lan chay theo du lieu (phai xanh)	Chay Newman - 3 API + 3 lan chay theo du lieu	2026-08-20T08:07:40.5133556Z   ✓  Da tu ky duoc 7 token gia mao bang secret lay tu ma nguon (SEC-02)
Regression: 3 API + 3 lan chay theo du lieu (phai xanh)	Chay Newman - 3 API + 3 lan chay theo du lieu	2026-08-20T08:07:40.5202038Z   GET http://localhost:3000/api/users/me [200 OK, 452B, 3ms]
Regression: 3 API + 3 lan chay theo du lieu (phai xanh)	Chay Newman - 3 API + 3 lan chay theo du lieu	2026-08-20T08:07:40.5217746Z   ✓  Token tu ky duoc SUT chap nhan -> secret hardcode la lo hong that
Regression: 3 API + 3 lan chay theo du lieu (phai xanh)	Chay Newman - 3 API + 3 lan chay theo du lieu	2026-08-20T08:07:40.5308493Z 
Regression: 3 API + 3 lan chay theo du lieu (phai xanh)	Chay Newman - 3 API + 3 lan chay theo du lieu	2026-08-20T08:07:40.5311278Z ❏ API1 - PUT /api/users/me (Pool A / FR-04)
Regression: 3 API + 3 lan chay theo du lieu (phai xanh)	Chay Newman - 3 API + 3 lan chay theo du lieu	2026-08-20T08:07:40.5312698Z ↳ TC-API1-001 - Cap nhat ho so hop le (happy path)
Regression: 3 API + 3 lan chay theo du lieu (phai xanh)	Chay Newman - 3 API + 3 lan chay theo du lieu	2026-08-20T08:07:40.5352339Z   ┌
Regression: 3 API + 3 lan chay theo du lieu (phai xanh)	Chay Newman - 3 API + 3 lan chay theo du lieu	2026-08-20T08:07:40.5354369Z   │ '[X-Student-Id] 23127344 -> PUT {{baseUrl}}/api/users/
Regression: 3 API + 3 lan chay theo du lieu (phai xanh)	Chay Newman - 3 API + 3 lan chay theo du lieu	2026-08-20T08:07:40.5355284Z   │ me'
Regression: 3 API + 3 lan chay theo du lieu (phai xanh)	Chay Newman - 3 API + 3 lan chay theo du lieu	2026-08-20T08:07:40.5411092Z   │ '===== bat dau folder API1 ====='
Regression: 3 API + 3 lan chay theo du lieu (phai xanh)	Chay Newman - 3 API + 3 lan chay theo du lieu	2026-08-20T08:07:40.5464136Z   └
Regression: 3 API + 3 lan chay theo du lieu (phai xanh)	Chay Newman - 3 API + 3 lan chay theo du lieu	2026-08-20T08:07:40.5535676Z   PUT http://localhost:3000/api/users/me [200 OK, 296B, 7ms]
Regression: 3 API + 3 lan chay theo du lieu (phai xanh)	Chay Newman - 3 API + 3 lan chay theo du lieu	2026-08-20T08:07:40.5585337Z   ✓  [moi request] co header X-Student-Id = 23127344
Regression: 3 API + 3 lan chay theo du lieu (phai xanh)	Chay Newman - 3 API + 3 lan chay theo du lieu	2026-08-20T08:07:40.5632734Z   ✓  [API1] thoi gian phan hoi < 2000ms
Regression: 3 API + 3 lan chay theo du lieu (phai xanh)	Chay Newman - 3 API + 3 lan chay theo du lieu	2026-08-20T08:07:40.5697466Z   ✓  Status 200
Regression: 3 API + 3 lan chay theo du lieu (phai xanh)	Chay Newman - 3 API + 3 lan chay theo du lieu	2026-08-20T08:07:40.5706855Z   ✓  Body JSON khop chinh xac {"message":"Profile updated"}
Regression: 3 API + 3 lan chay theo du lieu (phai xanh)	Chay Newman - 3 API + 3 lan chay theo du lieu	2026-08-20T08:07:40.5817264Z   GET http://localhost:3000/api/users/me   GET http://localhost:3000/api/users/me   GET http://localhost:3000/api/users/me [200 OK, 471B, 8ms]
Regression: 3 API + 3 lan chay theo du lieu (phai xanh)	Chay Newman - 3 API + 3 lan chay theo du lieu	2026-08-20T08:07:40.5829954Z   ✓  GET /api/users/me: name = "Nguyen Van A"
Regression: 3 API + 3 lan chay theo du lieu (phai xanh)	Chay Newman - 3 API + 3 lan chay theo du lieu	2026-08-20T08:07:40.5871619Z [200 OK, 471B, 12ms]
Regression: 3 API + 3 lan chay theo du lieu (phai xanh)	Chay Newman - 3 API + 3 lan chay theo du lieu	2026-08-20T08:07:40.5884634Z   ✓  GET /api/users/me: shipping_address = "123 Le Loi"
Regression: 3 API + 3 lan chay theo du lieu (phai xanh)	Chay Newman - 3 API + 3 lan chay theo du lieu	2026-08-20T08:07:40.5909417Z [200 OK, 471B, 11ms]
Regression: 3 API + 3 lan chay theo du lieu (phai xanh)	Chay Newman - 3 API + 3 lan chay theo du lieu	2026-08-20T08:07:40.5910225Z   ✓  GET /api/users/me: phone = "0912345678"
Regression: 3 API + 3 lan chay theo du lieu (phai xanh)	Chay Newman - 3 API + 3 lan chay theo du lieu	2026-08-20T08:07:40.5953357Z 
Regression: 3 API + 3 lan chay theo du lieu (phai xanh)	Chay Newman - 3 API + 3 lan chay theo du lieu	2026-08-20T08:07:40.5954089Z ↳ TC-API1-002 - Thieu truong name -> GHI DE thanh null
Regression: 3 API + 3 lan chay theo du lieu (phai xanh)	Chay Newman - 3 API + 3 lan chay theo du lieu	2026-08-20T08:07:40.5987768Z   ┌
Regression: 3 API + 3 lan chay theo du lieu (phai xanh)	Chay Newman - 3 API + 3 lan chay theo du lieu	2026-08-20T08:07:40.5988740Z   │ '[X-Student-Id] 23127344 -> PUT {{baseUrl}}/api/users/
Regression: 3 API + 3 lan chay theo du lieu (phai xanh)	Chay Newman - 3 API + 3 lan chay theo du lieu	2026-08-20T08:07:40.5989415Z   │ me'
Regression: 3 API + 3 lan chay theo du lieu (phai xanh)	Chay Newman - 3 API + 3 lan chay theo du lieu	2026-08-20T08:07:40.6062568Z   └
Regression: 3 API + 3 lan chay theo du lieu (phai xanh)	Chay Newman - 3 API + 3 lan chay theo du lieu	2026-08-20T08:07:40.6111486Z   PUT http://localhost:3000/api/users/me [200 OK, 296B, 4ms]
Regression: 3 API + 3 lan chay theo du lieu (phai xanh)	Chay Newman - 3 API + 3 lan chay theo du lieu	2026-08-20T08:07:40.6159319Z   ✓  [moi request] co header X-Student-Id = 23127344
Regression: 3 API + 3 lan chay theo du lieu (phai xanh)	Chay Newman - 3 API + 3 lan chay theo du lieu	2026-08-20T08:07:40.6217825Z   ✓  [API1] thoi gian phan hoi < 2000ms
Regression: 3 API + 3 lan chay theo du lieu (phai xanh)	Chay Newman - 3 API + 3 lan chay theo du lieu	2026-08-20T08:07:40.6267415Z   ✓  Status 200
Regression: 3 API + 3 lan chay theo du lieu (phai xanh)	Chay Newman - 3 API + 3 lan chay theo du lieu	2026-08-20T08:07:40.6271768Z   ✓  Body JSON khop chinh xac {"message":"Profile updated"}
Regression: 3 API + 3 lan chay theo du lieu (phai xanh)	Chay Newman - 3 API + 3 lan chay theo du lieu	2026-08-20T08:07:40.6331454Z   GET http://localhost:3000/api/users/me [200 OK, 461B, 3ms]
Regression: 3 API + 3 lan chay theo du lieu (phai xanh)	Chay Newman - 3 API + 3 lan chay theo du lieu	2026-08-20T08:07:40.6343511Z   ✓  GET /api/users/me: name = null
Regression: 3 API + 3 lan chay theo du lieu (phai xanh)	Chay Newman - 3 API + 3 lan chay theo du lieu	2026-08-20T08:07:40.6383636Z 
Regression: 3 API + 3 lan chay theo du lieu (phai xanh)	Chay Newman - 3 API + 3 lan chay theo du lieu	2026-08-20T08:07:40.6384312Z ↳ TC-API1-003 - name la chuoi rong
Regression: 3 API + 3 lan chay theo du lieu (phai xanh)	Chay Newman - 3 API + 3 lan chay theo du lieu	2026-08-20T08:07:40.6414749Z   ┌
Regression: 3 API + 3 lan chay theo du lieu (phai xanh)	Chay Newman - 3 API + 3 lan chay theo du lieu	2026-08-20T08:07:40.6415480Z   │ '[X-Student-Id] 23127344 -> PUT {{baseUrl}}/api/users/
Regression: 3 API + 3 lan chay theo du lieu (phai xanh)	Chay Newman - 3 API + 3 lan chay theo du lieu	2026-08-20T08:07:40.6416102Z   │ me'
Regression: 3 API + 3 lan chay theo du lieu (phai xanh)	Chay Newman - 3 API + 3 lan chay theo du lieu	2026-08-20T08:07:40.6487585Z   └
Regression: 3 API + 3 lan chay theo du lieu (phai xanh)	Chay Newman - 3 API + 3 lan chay theo du lieu	2026-08-20T08:07:40.6529739Z   PUT http://localhost:3000/api/users/me [200 OK, 296B, 4ms]
Regression: 3 API + 3 lan chay theo du lieu (phai xanh)	Chay Newman - 3 API + 3 lan chay theo du lieu	2026-08-20T08:07:40.6570497Z   ✓  [moi request] co header X-Student-Id = 23127344
Regression: 3 API + 3 lan chay theo du lieu (phai xanh)	Chay Newman - 3 API + 3 lan chay theo du lieu	2026-08-20T08:07:40.6613703Z   ✓  [API1] thoi gian phan hoi < 2000ms
Regression: 3 API + 3 lan chay theo du lieu (phai xanh)	Chay Newman - 3 API + 3 lan chay theo du lieu	2026-08-20T08:07:40.6663197Z   ✓  Status 200
Regression: 3 API + 3 lan chay theo du lieu (phai xanh)	Chay Newman - 3 API + 3 lan chay theo du lieu	2026-08-20T08:07:40.6729745Z   GET http://localhost:3000/api/users/me [200 OK, 459B, 3ms]
Regression: 3 API + 3 lan chay theo du lieu (phai xanh)	Chay Newman - 3 API + 3 lan chay theo du lieu	2026-08-20T08:07:40.6740126Z   ✓  GET /api/users/me: name = ""
Regression: 3 API + 3 lan chay theo du lieu (phai xanh)	Chay Newman - 3 API + 3 lan chay theo du lieu	2026-08-20T08:07:40.6784210Z 
Regression: 3 API + 3 lan chay theo du lieu (phai xanh)	Chay Newman - 3 API + 3 lan chay theo du lieu	2026-08-20T08:07:40.6784996Z ↳ TC-API1-004 - name sai kieu (number) -> luu thanh chuoi
Regression: 3 API + 3 lan chay theo du lieu (phai xanh)	Chay Newman - 3 API + 3 lan chay theo du lieu	2026-08-20T08:07:40.6817643Z   ┌
Regression: 3 API + 3 lan chay theo du lieu (phai xanh)	Chay Newman - 3 API + 3 lan chay theo du lieu	2026-08-20T08:07:40.6818332Z   │ '[X-Student-Id] 23127344 -> PUT {{baseUrl}}/api/users/
Regression: 3 API + 3 lan chay theo du lieu (phai xanh)	Chay Newman - 3 API + 3 lan chay theo du lieu	2026-08-20T08:07:40.6819583Z   │ me'
Regression: 3 API + 3 lan chay theo du lieu (phai xanh)	Chay Newman - 3 API + 3 lan chay theo du lieu	2026-08-20T08:07:40.6888425Z   └
Regression: 3 API + 3 lan chay theo du lieu (phai xanh)	Chay Newman - 3 API + 3 lan chay theo du lieu	2026-08-20T08:07:40.6933654Z   PUT http://localhost:3000/api/users/me [200 OK, 296B, 5ms]
Regression: 3 API + 3 lan chay theo du lieu (phai xanh)	Chay Newman - 3 API + 3 lan chay theo du lieu	2026-08-20T08:07:40.6967182Z   ✓  [moi request] co header X-Student-Id = 23127344
Regression: 3 API + 3 lan chay theo du lieu (phai xanh)	Chay Newman - 3 API + 3 lan chay theo du lieu	2026-08-20T08:07:40.7005719Z   ✓  [API1] thoi gian phan hoi < 2000ms
Regression: 3 API + 3 lan chay theo du lieu (phai xanh)	Chay Newman - 3 API + 3 lan chay theo du lieu	2026-08-20T08:07:40.7044616Z   ✓  Status 200
Regression: 3 API + 3 lan chay theo du lieu (phai xanh)	Chay Newman - 3 API + 3 lan chay theo du lieu	2026-08-20T08:07:40.7089022Z   GET http://localhost:3000/api/users/me [200 OK, 464B, 2ms]
Regression: 3 API + 3 lan chay theo du lieu (phai xanh)	Chay Newman - 3 API + 3 lan chay theo du lieu	2026-08-20T08:07:40.7100467Z   ✓  GET /api/users/me: name = "12345"
Regression: 3 API + 3 lan chay theo du lieu (phai xanh)	Chay Newman - 3 API + 3 lan chay theo du lieu	2026-08-20T08:07:40.7133578Z 
Regression: 3 API + 3 lan chay theo du lieu (phai xanh)	Chay Newman - 3 API + 3 lan chay theo du lieu	2026-08-20T08:07:40.7134200Z ↳ TC-API1-005 - Thieu truong shipping_address -> GHI DE thanh null
Regression: 3 API + 3 lan chay theo du lieu (phai xanh)	Chay Newman - 3 API + 3 lan chay theo du lieu	2026-08-20T08:07:40.7163485Z   ┌
Regression: 3 API + 3 lan chay theo du lieu (phai xanh)	Chay Newman - 3 API + 3 lan chay theo du lieu	2026-08-20T08:07:40.7164171Z   │ '[X-Student-Id] 23127344 -> PUT {{baseUrl}}/api/users/
Regression: 3 API + 3 lan chay theo du lieu (phai xanh)	Chay Newman - 3 API + 3 lan chay theo du lieu	2026-08-20T08:07:40.7164828Z   │ me'
Regression: 3 API + 3 lan chay theo du lieu (phai xanh)	Chay Newman - 3 API + 3 lan chay theo du lieu	2026-08-20T08:07:40.7240887Z   └
Regression: 3 API + 3 lan chay theo du lieu (phai xanh)	Chay Newman - 3 API + 3 lan chay theo du lieu	2026-08-20T08:07:40.7285389Z   PUT http://localhost:3000/api/users/me [200 OK, 296B, 4ms]
Regression: 3 API + 3 lan chay theo du lieu (phai xanh)	Chay Newman - 3 API + 3 lan chay theo du lieu	2026-08-20T08:07:40.7328263Z   ✓  [moi request] co header X-Student-Id = 23127344
Regression: 3 API + 3 lan chay theo du lieu (phai xanh)	Chay Newman - 3 API + 3 lan chay theo du lieu	2026-08-20T08:07:40.7378393Z   ✓  [API1] thoi gian phan hoi < 2000ms
Regression: 3 API + 3 lan chay theo du lieu (phai xanh)	Chay Newman - 3 API + 3 lan chay theo du lieu	2026-08-20T08:07:40.7417658Z   ✓  Status 200
Regression: 3 API + 3 lan chay theo du lieu (phai xanh)	Chay Newman - 3 API + 3 lan chay theo du lieu	2026-08-20T08:07:40.7470511Z   GET http://localhost:3000/api/users/me [200 OK, 463B, 3ms]
Regression: 3 API + 3 lan chay theo du lieu (phai xanh)	Chay Newman - 3 API + 3 lan chay theo du lieu	2026-08-20T08:07:40.7485250Z   ✓  GET /api/users/me: shipping_address = null
Regression: 3 API + 3 lan chay theo du lieu (phai xanh)	Chay Newman - 3 API + 3 lan chay theo du lieu	2026-08-20T08:07:40.7533964Z 
Regression: 3 API + 3 lan chay theo du lieu (phai xanh)	Chay Newman - 3 API + 3 lan chay theo du lieu	2026-08-20T08:07:40.7534825Z ↳ TC-API1-006 - shipping_address sai kieu (object) -> "[object Object]"
Regression: 3 API + 3 lan chay theo du lieu (phai xanh)	Chay Newman - 3 API + 3 lan chay theo du lieu	2026-08-20T08:07:40.7564181Z   ┌
Regression: 3 API + 3 lan chay theo du lieu (phai xanh)	Chay Newman - 3 API + 3 lan chay theo du lieu	2026-08-20T08:07:40.7564821Z   │ '[X-Student-Id] 23127344 -> PUT {{baseUrl}}/api/users/
Regression: 3 API + 3 lan chay theo du lieu (phai xanh)	Chay Newman - 3 API + 3 lan chay theo du lieu	2026-08-20T08:07:40.7565533Z   │ me'
Regression: 3 API + 3 lan chay theo du lieu (phai xanh)	Chay Newman - 3 API + 3 lan chay theo du lieu	2026-08-20T08:07:40.7629953Z   └
Regression: 3 API + 3 lan chay theo du lieu (phai xanh)	Chay Newman - 3 API + 3 lan chay theo du lieu	2026-08-20T08:07:40.7670671Z   PUT http://localhost:3000/api/users/me [200 OK, 296B, 4ms]
Regression: 3 API + 3 lan chay theo du lieu (phai xanh)	Chay Newman - 3 API + 3 lan chay theo du lieu	2026-08-20T08:07:40.7707426Z   ✓  [moi request] co header X-Student-Id = 23127344
Regression: 3 API + 3 lan chay theo du lieu (phai xanh)	Chay Newman - 3 API + 3 lan chay theo du lieu	2026-08-20T08:07:40.7765216Z   ✓  [API1] thoi gian phan hoi < 2000ms
Regression: 3 API + 3 lan chay theo du lieu (phai xanh)	Chay Newman - 3 API + 3 lan chay theo du lieu	2026-08-20T08:07:40.7812202Z   ✓  Status 200
Regression: 3 API + 3 lan chay theo du lieu (phai xanh)	Chay Newman - 3 API + 3 lan chay theo du lieu	2026-08-20T08:07:40.7863221Z   GET http://localhost:3000/api/users/me [200 OK, 476B, 3ms]
Regression: 3 API + 3 lan chay theo du lieu (phai xanh)	Chay Newman - 3 API + 3 lan chay theo du lieu	2026-08-20T08:07:40.7874433Z   ✓  GET /api/users/me: shipping_address = "[object Object]"
Regression: 3 API + 3 lan chay theo du lieu (phai xanh)	Chay Newman - 3 API + 3 lan chay theo du lieu	2026-08-20T08:07:40.7913312Z 
Regression: 3 API + 3 lan chay theo du lieu (phai xanh)	Chay Newman - 3 API + 3 lan chay theo du lieu	2026-08-20T08:07:40.7914062Z ↳ TC-API1-007 - Gui key camelCase shippingAddress -> bi bo qua
Regression: 3 API + 3 lan chay theo du lieu (phai xanh)	Chay Newman - 3 API + 3 lan chay theo du lieu	2026-08-20T08:07:40.7942963Z   ┌
Regression: 3 API + 3 lan chay theo du lieu (phai xanh)	Chay Newman - 3 API + 3 lan chay theo du lieu	2026-08-20T08:07:40.7943712Z   │ '[X-Student-Id] 23127344 -> PUT {{baseUrl}}/api/users/
Regression: 3 API + 3 lan chay theo du lieu (phai xanh)	Chay Newman - 3 API + 3 lan chay theo du lieu	2026-08-20T08:07:40.7944326Z   │ me'
Regression: 3 API + 3 lan chay theo du lieu (phai xanh)	Chay Newman - 3 API + 3 lan chay theo du lieu	2026-08-20T08:07:40.8021629Z   └
Regression: 3 API + 3 lan chay theo du lieu (phai xanh)	Chay Newman - 3 API + 3 lan chay theo du lieu	2026-08-20T08:07:40.8060075Z   PUT http://localhost:3000/api/users/me [200 OK, 296B, 3ms]
Regression: 3 API + 3 lan chay theo du lieu (phai xanh)	Chay Newman - 3 API + 3 lan chay theo du lieu	2026-08-20T08:07:40.8099233Z   ✓  [moi request] co header X-Student-Id = 23127344
Regression: 3 API + 3 lan chay theo du lieu (phai xanh)	Chay Newman - 3 API + 3 lan chay theo du lieu	2026-08-20T08:07:40.8135444Z   ✓  [API1] thoi gian phan hoi < 2000ms
Regression: 3 API + 3 lan chay theo du lieu (phai xanh)	Chay Newman - 3 API + 3 lan chay theo du lieu	2026-08-20T08:07:40.8209812Z   ✓  Status 200
Regression: 3 API + 3 lan chay theo du lieu (phai xanh)	Chay Newman - 3 API + 3 lan chay theo du lieu	2026-08-20T08:07:40.8243339Z   GET http://localhost:3000/api/users/me [200 OK, 463B, 3ms]
Regression: 3 API + 3 lan chay theo du lieu (phai xanh)	Chay Newman - 3 API + 3 lan chay theo du lieu	2026-08-20T08:07:40.8257971Z   ✓  GET /api/users/me: shipping_address = null
Regression: 3 API + 3 lan chay theo du lieu (phai xanh)	Chay Newman - 3 API + 3 lan chay theo du lieu	2026-08-20T08:07:40.8303019Z 
Regression: 3 API + 3 lan chay theo du lieu (phai xanh)	Chay Newman - 3 API + 3 lan chay theo du lieu	2026-08-20T08:07:40.8303629Z ↳ TC-API1-008 - Thieu truong phone -> GHI DE thanh null
Regression: 3 API + 3 lan chay theo du lieu (phai xanh)	Chay Newman - 3 API + 3 lan chay theo du lieu	2026-08-20T08:07:40.8333166Z   ┌
Regression: 3 API + 3 lan chay theo du lieu (phai xanh)	Chay Newman - 3 API + 3 lan chay theo du lieu	2026-08-20T08:07:40.8333824Z   │ '[X-Student-Id] 23127344 -> PUT {{baseUrl}}/api/users/
Regression: 3 API + 3 lan chay theo du lieu (phai xanh)	Chay Newman - 3 API + 3 lan chay theo du lieu	2026-08-20T08:07:40.8334615Z   │ me'
Regression: 3 API + 3 lan chay theo du lieu (phai xanh)	Chay Newman - 3 API + 3 lan chay theo du lieu	2026-08-20T08:07:40.8430184Z   └
Regression: 3 API + 3 lan chay theo du lieu (phai xanh)	Chay Newman - 3 API + 3 lan chay theo du lieu	2026-08-20T08:07:40.8468787Z   PUT http://localhost:3000/api/users/me [200 OK, 296B, 4ms]
Regression: 3 API + 3 lan chay theo du lieu (phai xanh)	Chay Newman - 3 API + 3 lan chay theo du lieu	2026-08-20T08:07:40.8494831Z   ✓  [moi request] co header X-Student-Id = 23127344
Regression: 3 API + 3 lan chay theo du lieu (phai xanh)	Chay Newman - 3 API + 3 lan chay theo du lieu	2026-08-20T08:07:40.8530859Z   ✓  [API1] thoi gian phan hoi < 2000ms
Regression: 3 API + 3 lan chay theo du lieu (phai xanh)	Chay Newman - 3 API + 3 lan chay theo du lieu	2026-08-20T08:07:40.8568807Z   ✓  Status 200
Regression: 3 API + 3 lan chay theo du lieu (phai xanh)	Chay Newman - 3 API + 3 lan chay theo du lieu	2026-08-20T08:07:40.8613871Z   GET http://localhost:3000/api/users/me [200 OK, 463B, 2ms]
Regression: 3 API + 3 lan chay theo du lieu (phai xanh)	Chay Newman - 3 API + 3 lan chay theo du lieu	2026-08-20T08:07:40.8623424Z   ✓  GET /api/users/me: phone = null
Regression: 3 API + 3 lan chay theo du lieu (phai xanh)	Chay Newman - 3 API + 3 lan chay theo du lieu	2026-08-20T08:07:40.8662202Z 
Regression: 3 API + 3 lan chay theo du lieu (phai xanh)	Chay Newman - 3 API + 3 lan chay theo du lieu	2026-08-20T08:07:40.8662747Z ↳ TC-API1-009 - phone chua ky tu khong phai so
Regression: 3 API + 3 lan chay theo du lieu (phai xanh)	Chay Newman - 3 API + 3 lan chay theo du lieu	2026-08-20T08:07:40.8691394Z   ┌
Regression: 3 API + 3 lan chay theo du lieu (phai xanh)	Chay Newman - 3 API + 3 lan chay theo du lieu	2026-08-20T08:07:40.8692095Z   │ '[X-Student-Id] 23127344 -> PUT {{baseUrl}}/api/users/
Regression: 3 API + 3 lan chay theo du lieu (phai xanh)	Chay Newman - 3 API + 3 lan chay theo du lieu	2026-08-20T08:07:40.8692718Z   │ me'
Regression: 3 API + 3 lan chay theo du lieu (phai xanh)	Chay Newman - 3 API + 3 lan chay theo du lieu	2026-08-20T08:07:40.8776690Z   └
Regression: 3 API + 3 lan chay theo du lieu (phai xanh)	Chay Newman - 3 API + 3 lan chay theo du lieu	2026-08-20T08:07:40.8849765Z   PUT http://localhost:3000/api/users/me [200 OK, 296B, 7ms]
Regression: 3 API + 3 lan chay theo du lieu (phai xanh)	Chay Newman - 3 API + 3 lan chay theo du lieu	2026-08-20T08:07:40.8887341Z   ✓  [moi request] co header X-Student-Id = 23127344
Regression: 3 API + 3 lan chay theo du lieu (phai xanh)	Chay Newman - 3 API + 3 lan chay theo du lieu	2026-08-20T08:07:40.8933750Z   ✓  [API1] thoi gian phan hoi < 2000ms
Regression: 3 API + 3 lan chay theo du lieu (phai xanh)	Chay Newman - 3 API + 3 lan chay theo du lieu	2026-08-20T08:07:40.8974938Z   ✓  Status 200
Regression: 3 API + 3 lan chay theo du lieu (phai xanh)	Chay Newman - 3 API + 3 lan chay theo du lieu	2026-08-20T08:07:40.9019883Z   GET http://localhost:3000/api/users/me [200 OK, 473B, 2ms]
Regression: 3 API + 3 lan chay theo du lieu (phai xanh)	Chay Newman - 3 API + 3 lan chay theo du lieu	2026-08-20T08:07:40.9030987Z   ✓  GET /api/users/me: phone = "0912-345-678"
Regression: 3 API + 3 lan chay theo du lieu (phai xanh)	Chay Newman - 3 API + 3 lan chay theo du lieu	2026-08-20T08:07:40.9063286Z 
Regression: 3 API + 3 lan chay theo du lieu (phai xanh)	Chay Newman - 3 API + 3 lan chay theo du lieu	2026-08-20T08:07:40.9064129Z ↳ TC-API1-010 - phone gui duoi dang JSON number
Regression: 3 API + 3 lan chay theo du lieu (phai xanh)	Chay Newman - 3 API + 3 lan chay theo du lieu	2026-08-20T08:07:40.9099021Z   ┌
Regression: 3 API + 3 lan chay theo du lieu (phai xanh)	Chay Newman - 3 API + 3 lan chay theo du lieu	2026-08-20T08:07:40.9099702Z   │ '[X-Student-Id] 23127344 -> PUT {{baseUrl}}/api/users/
Regression: 3 API + 3 lan chay theo du lieu (phai xanh)	Chay Newman - 3 API + 3 lan chay theo du lieu	2026-08-20T08:07:40.9100126Z   │ me'
Regression: 3 API + 3 lan chay theo du lieu (phai xanh)	Chay Newman - 3 API + 3 lan chay theo du lieu	2026-08-20T08:07:40.9159813Z   └
Regression: 3 API + 3 lan chay theo du lieu (phai xanh)	Chay Newman - 3 API + 3 lan chay theo du lieu	2026-08-20T08:07:40.9197516Z   PUT http://localhost:3000/api/users/me [200 OK, 296B, 4ms]
Regression: 3 API + 3 lan chay theo du lieu (phai xanh)	Chay Newman - 3 API + 3 lan chay theo du lieu	2026-08-20T08:07:40.9237651Z   ✓  [moi request] co header X-Student-Id = 23127344
Regression: 3 API + 3 lan chay theo du lieu (phai xanh)	Chay Newman - 3 API + 3 lan chay theo du lieu	2026-08-20T08:07:40.9300079Z   ✓  [API1] thoi gian phan hoi < 2000ms
Regression: 3 API + 3 lan chay theo du lieu (phai xanh)	Chay Newman - 3 API + 3 lan chay theo du lieu	2026-08-20T08:07:40.9349999Z   ✓  Status 200
Regression: 3 API + 3 lan chay theo du lieu (phai xanh)	Chay Newman - 3 API + 3 lan chay theo du lieu	2026-08-20T08:07:40.9377669Z   GET http://localhost:3000/api/users/me [200 OK, 470B, 2ms]
Regression: 3 API + 3 lan chay theo du lieu (phai xanh)	Chay Newman - 3 API + 3 lan chay theo du lieu	2026-08-20T08:07:40.9399883Z   ✓  GET /api/users/me: phone = "912345678"
Regression: 3 API + 3 lan chay theo du lieu (phai xanh)	Chay Newman - 3 API + 3 lan chay theo du lieu	2026-08-20T08:07:40.9423125Z 
Regression: 3 API + 3 lan chay theo du lieu (phai xanh)	Chay Newman - 3 API + 3 lan chay theo du lieu	2026-08-20T08:07:40.9423920Z ↳ TC-API1-011 - phone khop regex client web nhung trai FR-04
Regression: 3 API + 3 lan chay theo du lieu (phai xanh)	Chay Newman - 3 API + 3 lan chay theo du lieu	2026-08-20T08:07:40.9451540Z   ┌
Regression: 3 API + 3 lan chay theo du lieu (phai xanh)	Chay Newman - 3 API + 3 lan chay theo du lieu	2026-08-20T08:07:40.9452161Z   │ '[X-Student-Id] 23127344 -> PUT {{baseUrl}}/api/users/
Regression: 3 API + 3 lan chay theo du lieu (phai xanh)	Chay Newman - 3 API + 3 lan chay theo du lieu	2026-08-20T08:07:40.9452748Z   │ me'
Regression: 3 API + 3 lan chay theo du lieu (phai xanh)	Chay Newman - 3 API + 3 lan chay theo du lieu	2026-08-20T08:07:40.9515231Z   └
Regression: 3 API + 3 lan chay theo du lieu (phai xanh)	Chay Newman - 3 API + 3 lan chay theo du lieu	2026-08-20T08:07:40.9545399Z   PUT http://localhost:3000/api/users/me [200 OK, 296B, 3ms]
Regression: 3 API + 3 lan chay theo du lieu (phai xanh)	Chay Newman - 3 API + 3 lan chay theo du lieu	2026-08-20T08:07:40.9582282Z   ✓  [moi request] co header X-Student-Id = 23127344
Regression: 3 API + 3 lan chay theo du lieu (phai xanh)	Chay Newman - 3 API + 3 lan chay theo du lieu	2026-08-20T08:07:40.9616552Z   ✓  [API1] thoi gian phan hoi < 2000ms
Regression: 3 API + 3 lan chay theo du lieu (phai xanh)	Chay Newman - 3 API + 3 lan chay theo du lieu	2026-08-20T08:07:40.9652502Z   ✓  Status 200
Regression: 3 API + 3 lan chay theo du lieu (phai xanh)	Chay Newman - 3 API + 3 lan chay theo du lieu	2026-08-20T08:07:40.9683453Z   GET http://localhost:3000/api/users/me [200 OK, 470B, 2ms]
Regression: 3 API + 3 lan chay theo du lieu (phai xanh)	Chay Newman - 3 API + 3 lan chay theo du lieu	2026-08-20T08:07:40.9693317Z   ✓  GET /api/users/me: phone = "912345678"
Regression: 3 API + 3 lan chay theo du lieu (phai xanh)	Chay Newman - 3 API + 3 lan chay theo du lieu	2026-08-20T08:07:40.9732374Z 
Regression: 3 API + 3 lan chay theo du lieu (phai xanh)	Chay Newman - 3 API + 3 lan chay theo du lieu	2026-08-20T08:07:40.9733198Z ↳ TC-API1-012 - Khong gui role (baseline doi chieu SEC-06)
Regression: 3 API + 3 lan chay theo du lieu (phai xanh)	Chay Newman - 3 API + 3 lan chay theo du lieu	2026-08-20T08:07:40.9767241Z   ┌
Regression: 3 API + 3 lan chay theo du lieu (phai xanh)	Chay Newman - 3 API + 3 lan chay theo du lieu	2026-08-20T08:07:40.9767909Z   │ '[X-Student-Id] 23127344 -> PUT {{baseUrl}}/api/users/
Regression: 3 API + 3 lan chay theo du lieu (phai xanh)	Chay Newman - 3 API + 3 lan chay theo du lieu	2026-08-20T08:07:40.9768369Z   │ me'
Regression: 3 API + 3 lan chay theo du lieu (phai xanh)	Chay Newman - 3 API + 3 lan chay theo du lieu	2026-08-20T08:07:40.9826549Z   └
Regression: 3 API + 3 lan chay theo du lieu (phai xanh)	Chay Newman - 3 API + 3 lan chay theo du lieu	2026-08-20T08:07:40.9861714Z   PUT http://localhost:3000/api/users/me [200 OK, 296B, 3ms]
Regression: 3 API + 3 lan chay theo du lieu (phai xanh)	Chay Newman - 3 API + 3 lan chay theo du lieu	2026-08-20T08:07:40.9894950Z   ✓  [moi request] co header X-Student-Id = 23127344
Regression: 3 API + 3 lan chay theo du lieu (phai xanh)	Chay Newman - 3 API + 3 lan chay theo du lieu	2026-08-20T08:07:40.9930884Z   ✓  [API1] thoi gian phan hoi < 2000ms
Regression: 3 API + 3 lan chay theo du lieu (phai xanh)	Chay Newman - 3 API + 3 lan chay theo du lieu	2026-08-20T08:07:40.9978495Z   ✓  Status 200
Regression: 3 API + 3 lan chay theo du lieu (phai xanh)	Chay Newman - 3 API + 3 lan chay theo du lieu	2026-08-20T08:07:41.0015406Z   GET http://localhost:3000/api/users/me [200 OK, 471B, 2ms]
Regression: 3 API + 3 lan chay theo du lieu (phai xanh)	Chay Newman - 3 API + 3 lan chay theo du lieu	2026-08-20T08:07:41.0026055Z   ✓  GET /api/users/me: role = "user"
Regression: 3 API + 3 lan chay theo du lieu (phai xanh)	Chay Newman - 3 API + 3 lan chay theo du lieu	2026-08-20T08:07:41.0067234Z 
Regression: 3 API + 3 lan chay theo du lieu (phai xanh)	Chay Newman - 3 API + 3 lan chay theo du lieu	2026-08-20T08:07:41.0068182Z ↳ TC-API1-013 - Truong la khong duoc nhan dien bi bo qua
Regression: 3 API + 3 lan chay theo du lieu (phai xanh)	Chay Newman - 3 API + 3 lan chay theo du lieu	2026-08-20T08:07:41.0098678Z   ┌
Regression: 3 API + 3 lan chay theo du lieu (phai xanh)	Chay Newman - 3 API + 3 lan chay theo du lieu	2026-08-20T08:07:41.0099579Z   │ '[X-Student-Id] 23127344 -> PUT {{baseUrl}}/api/users/
Regression: 3 API + 3 lan chay theo du lieu (phai xanh)	Chay Newman - 3 API + 3 lan chay theo du lieu	2026-08-20T08:07:41.0100008Z   │ me'
Regression: 3 API + 3 lan chay theo du lieu (phai xanh)	Chay Newman - 3 API + 3 lan chay theo du lieu	2026-08-20T08:07:41.0169667Z   └
Regression: 3 API + 3 lan chay theo du lieu (phai xanh)	Chay Newman - 3 API + 3 lan chay theo du lieu	2026-08-20T08:07:41.0195681Z   PUT http://localhost:3000/api/users/me [200 OK, 296B, 3ms]
Regression: 3 API + 3 lan chay theo du lieu (phai xanh)	Chay Newman - 3 API + 3 lan chay theo du lieu	2026-08-20T08:07:41.0230674Z   ✓  [moi request] co header X-Student-Id = 23127344
Regression: 3 API + 3 lan chay theo du lieu (phai xanh)	Chay Newman - 3 API + 3 lan chay theo du lieu	2026-08-20T08:07:41.0265010Z   ✓  [API1] thoi gian phan hoi < 2000ms
Regression: 3 API + 3 lan chay theo du lieu (phai xanh)	Chay Newman - 3 API + 3 lan chay theo du lieu	2026-08-20T08:07:41.0301220Z   ✓  Status 200
Regression: 3 API + 3 lan chay theo du lieu (phai xanh)	Chay Newman - 3 API + 3 lan chay theo du lieu	2026-08-20T08:07:41.0340322Z   GET http://localhost:3000/api/users/me [200 OK, 471B, 1ms]
Regression: 3 API + 3 lan chay theo du lieu (phai xanh)	Chay Newman - 3 API + 3 lan chay theo du lieu	2026-08-20T08:07:41.0349578Z   ✓  GET /api/users/me KHONG co truong foo
Regression: 3 API + 3 lan chay theo du lieu (phai xanh)	Chay Newman - 3 API + 3 lan chay theo du lieu	2026-08-20T08:07:41.0381568Z 
Regression: 3 API + 3 lan chay theo du lieu (phai xanh)	Chay Newman - 3 API + 3 lan chay theo du lieu	2026-08-20T08:07:41.0382188Z ↳ TC-API1-014 - name/dia chi hop le + phone sai dinh dang
Regression: 3 API + 3 lan chay theo du lieu (phai xanh)	Chay Newman - 3 API + 3 lan chay theo du lieu	2026-08-20T08:07:41.0408364Z   ┌
Regression: 3 API + 3 lan chay theo du lieu (phai xanh)	Chay Newman - 3 API + 3 lan chay theo du lieu	2026-08-20T08:07:41.0409184Z   │ '[X-Student-Id] 23127344 -> PUT {{baseUrl}}/api/users/
Regression: 3 API + 3 lan chay theo du lieu (phai xanh)	Chay Newman - 3 API + 3 lan chay theo du lieu	2026-08-20T08:07:41.0409728Z   │ me'
Regression: 3 API + 3 lan chay theo du lieu (phai xanh)	Chay Newman - 3 API + 3 lan chay theo du lieu	2026-08-20T08:07:41.0461088Z   └
Regression: 3 API + 3 lan chay theo du lieu (phai xanh)	Chay Newman - 3 API + 3 lan chay theo du lieu	2026-08-20T08:07:41.0495120Z   PUT http://localhost:3000/api/users/me [200 OK, 296B, 3ms]
Regression: 3 API + 3 lan chay theo du lieu (phai xanh)	Chay Newman - 3 API + 3 lan chay theo du lieu	2026-08-20T08:07:41.0528757Z   ✓  [moi request] co header X-Student-Id = 23127344
Regression: 3 API + 3 lan chay theo du lieu (phai xanh)	Chay Newman - 3 API + 3 lan chay theo du lieu	2026-08-20T08:07:41.0561720Z   ✓  [API1] thoi gian phan hoi < 2000ms
Regression: 3 API + 3 lan chay theo du lieu (phai xanh)	Chay Newman - 3 API + 3 lan chay theo du lieu	2026-08-20T08:07:41.0599021Z   ✓  Status 200
Regression: 3 API + 3 lan chay theo du lieu (phai xanh)	Chay Newman - 3 API + 3 lan chay theo du lieu	2026-08-20T08:07:41.0641293Z   GET http://localhost:3000/api/users/me [200 OK, 464B, 2ms]
Regression: 3 API + 3 lan chay theo du lieu (phai xanh)	Chay Newman - 3 API + 3 lan chay theo du lieu	2026-08-20T08:07:41.0652394Z   ✓  GET /api/users/me: phone = "abc"
Regression: 3 API + 3 lan chay theo du lieu (phai xanh)	Chay Newman - 3 API + 3 lan chay theo du lieu	2026-08-20T08:07:41.0690550Z 
Regression: 3 API + 3 lan chay theo du lieu (phai xanh)	Chay Newman - 3 API + 3 lan chay theo du lieu	2026-08-20T08:07:41.0691097Z ↳ TC-API1-015 - phone 9 chu so (bien min-1)
Regression: 3 API + 3 lan chay theo du lieu (phai xanh)	Chay Newman - 3 API + 3 lan chay theo du lieu	2026-08-20T08:07:41.0718760Z   ┌
Regression: 3 API + 3 lan chay theo du lieu (phai xanh)	Chay Newman - 3 API + 3 lan chay theo du lieu	2026-08-20T08:07:41.0719557Z   │ '[X-Student-Id] 23127344 -> PUT {{baseUrl}}/api/users/
Regression: 3 API + 3 lan chay theo du lieu (phai xanh)	Chay Newman - 3 API + 3 lan chay theo du lieu	2026-08-20T08:07:41.0720255Z   │ me'
Regression: 3 API + 3 lan chay theo du lieu (phai xanh)	Chay Newman - 3 API + 3 lan chay theo du lieu	2026-08-20T08:07:41.0783215Z   └
Regression: 3 API + 3 lan chay theo du lieu (phai xanh)	Chay Newman - 3 API + 3 lan chay theo du lieu	2026-08-20T08:07:41.0820474Z   PUT http://localhost:3000/api/users/me [200 OK, 296B, 3ms]
Regression: 3 API + 3 lan chay theo du lieu (phai xanh)	Chay Newman - 3 API + 3 lan chay theo du lieu	2026-08-20T08:07:41.0854325Z   ✓  [moi request] co header X-Student-Id = 23127344
Regression: 3 API + 3 lan chay theo du lieu (phai xanh)	Chay Newman - 3 API + 3 lan chay theo du lieu	2026-08-20T08:07:41.0891825Z   ✓  [API1] thoi gian phan hoi < 2000ms
Regression: 3 API + 3 lan chay theo du lieu (phai xanh)	Chay Newman - 3 API + 3 lan chay theo du lieu	2026-08-20T08:07:41.0927920Z   ✓  Status 200
Regression: 3 API + 3 lan chay theo du lieu (phai xanh)	Chay Newman - 3 API + 3 lan chay theo du lieu	2026-08-20T08:07:41.0969911Z   GET http://localhost:3000/api/users/me [200 OK, 470B, 2ms]
Regression: 3 API + 3 lan chay theo du lieu (phai xanh)	Chay Newman - 3 API + 3 lan chay theo du lieu	2026-08-20T08:07:41.0978866Z   ✓  GET /api/users/me: phone = "091234567"
Regression: 3 API + 3 lan chay theo du lieu (phai xanh)	Chay Newman - 3 API + 3 lan chay theo du lieu	2026-08-20T08:07:41.1016596Z 
Regression: 3 API + 3 lan chay theo du lieu (phai xanh)	Chay Newman - 3 API + 3 lan chay theo du lieu	2026-08-20T08:07:41.1017108Z ↳ TC-API1-016 - phone 10 chu so (bien min)
Regression: 3 API + 3 lan chay theo du lieu (phai xanh)	Chay Newman - 3 API + 3 lan chay theo du lieu	2026-08-20T08:07:41.1036327Z   ┌
Regression: 3 API + 3 lan chay theo du lieu (phai xanh)	Chay Newman - 3 API + 3 lan chay theo du lieu	2026-08-20T08:07:41.1036993Z   │ '[X-Student-Id] 23127344 -> PUT {{baseUrl}}/api/users/
Regression: 3 API + 3 lan chay theo du lieu (phai xanh)	Chay Newman - 3 API + 3 lan chay theo du lieu	2026-08-20T08:07:41.1037508Z   │ me'
Regression: 3 API + 3 lan chay theo du lieu (phai xanh)	Chay Newman - 3 API + 3 lan chay theo du lieu	2026-08-20T08:07:41.1091099Z   └
Regression: 3 API + 3 lan chay theo du lieu (phai xanh)	Chay Newman - 3 API + 3 lan chay theo du lieu	2026-08-20T08:07:41.1128390Z   PUT http://localhost:3000/api/users/me [200 OK, 296B, 3ms]
Regression: 3 API + 3 lan chay theo du lieu (phai xanh)	Chay Newman - 3 API + 3 lan chay theo du lieu	2026-08-20T08:07:41.1151299Z   ✓  [moi request] co header X-Student-Id = 23127344
Regression: 3 API + 3 lan chay theo du lieu (phai xanh)	Chay Newman - 3 API + 3 lan chay theo du lieu	2026-08-20T08:07:41.1184030Z   ✓  [API1] thoi gian phan hoi < 2000ms
Regression: 3 API + 3 lan chay theo du lieu (phai xanh)	Chay Newman - 3 API + 3 lan chay theo du lieu	2026-08-20T08:07:41.1237146Z   ✓  Status 200
Regression: 3 API + 3 lan chay theo du lieu (phai xanh)	Chay Newman - 3 API + 3 lan chay theo du lieu	2026-08-20T08:07:41.1276208Z   GET http://localhost:3000/api/users/me [200 OK, 471B, 2ms]
Regression: 3 API + 3 lan chay theo du lieu (phai xanh)	Chay Newman - 3 API + 3 lan chay theo du lieu	2026-08-20T08:07:41.1288267Z   ✓  GET /api/users/me: phone = "0912345678"
Regression: 3 API + 3 lan chay theo du lieu (phai xanh)	Chay Newman - 3 API + 3 lan chay theo du lieu	2026-08-20T08:07:41.1329160Z 
Regression: 3 API + 3 lan chay theo du lieu (phai xanh)	Chay Newman - 3 API + 3 lan chay theo du lieu	2026-08-20T08:07:41.1329726Z ↳ TC-API1-017 - phone 11 chu so (bien max)
Regression: 3 API + 3 lan chay theo du lieu (phai xanh)	Chay Newman - 3 API + 3 lan chay theo du lieu	2026-08-20T08:07:41.1360043Z   ┌
Regression: 3 API + 3 lan chay theo du lieu (phai xanh)	Chay Newman - 3 API + 3 lan chay theo du lieu	2026-08-20T08:07:41.1360725Z   │ '[X-Student-Id] 23127344 -> PUT {{baseUrl}}/api/users/
Regression: 3 API + 3 lan chay theo du lieu (phai xanh)	Chay Newman - 3 API + 3 lan chay theo du lieu	2026-08-20T08:07:41.1361285Z   │ me'
Regression: 3 API + 3 lan chay theo du lieu (phai xanh)	Chay Newman - 3 API + 3 lan chay theo du lieu	2026-08-20T08:07:41.1440767Z   └
Regression: 3 API + 3 lan chay theo du lieu (phai xanh)	Chay Newman - 3 API + 3 lan chay theo du lieu	2026-08-20T08:07:41.1482036Z   PUT http://localhost:3000/api/users/me [200 OK, 296B, 4ms]
Regression: 3 API + 3 lan chay theo du lieu (phai xanh)	Chay Newman - 3 API + 3 lan chay theo du lieu	2026-08-20T08:07:41.1520910Z   ✓  [moi request] co header X-Student-Id = 23127344
Regression: 3 API + 3 lan chay theo du lieu (phai xanh)	Chay Newman - 3 API + 3 lan chay theo du lieu	2026-08-20T08:07:41.1560057Z   ✓  [API1] thoi gian phan hoi < 2000ms
Regression: 3 API + 3 lan chay theo du lieu (phai xanh)	Chay Newman - 3 API + 3 lan chay theo du lieu	2026-08-20T08:07:41.1603585Z   ✓  Status 200
Regression: 3 API + 3 lan chay theo du lieu (phai xanh)	Chay Newman - 3 API + 3 lan chay theo du lieu	2026-08-20T08:07:41.1640888Z   GET http://localhost:3000/api/users/me [200 OK, 472B, 2ms]
Regression: 3 API + 3 lan chay theo du lieu (phai xanh)	Chay Newman - 3 API + 3 lan chay theo du lieu	2026-08-20T08:07:41.1650894Z   ✓  GET /api/users/me: phone = "09123456789"
Regression: 3 API + 3 lan chay theo du lieu (phai xanh)	Chay Newman - 3 API + 3 lan chay theo du lieu	2026-08-20T08:07:41.1688067Z 
Regression: 3 API + 3 lan chay theo du lieu (phai xanh)	Chay Newman - 3 API + 3 lan chay theo du lieu	2026-08-20T08:07:41.1689124Z ↳ TC-API1-018 - phone 12 chu so (bien max+1)
Regression: 3 API + 3 lan chay theo du lieu (phai xanh)	Chay Newman - 3 API + 3 lan chay theo du lieu	2026-08-20T08:07:41.1715605Z   ┌
Regression: 3 API + 3 lan chay theo du lieu (phai xanh)	Chay Newman - 3 API + 3 lan chay theo du lieu	2026-08-20T08:07:41.1716666Z   │ '[X-Student-Id] 23127344 -> PUT {{baseUrl}}/api/users/
Regression: 3 API + 3 lan chay theo du lieu (phai xanh)	Chay Newman - 3 API + 3 lan chay theo du lieu	2026-08-20T08:07:41.1717147Z   │ me'
Regression: 3 API + 3 lan chay theo du lieu (phai xanh)	Chay Newman - 3 API + 3 lan chay theo du lieu	2026-08-20T08:07:41.1779677Z   └
Regression: 3 API + 3 lan chay theo du lieu (phai xanh)	Chay Newman - 3 API + 3 lan chay theo du lieu	2026-08-20T08:07:41.1815304Z   PUT http://localhost:3000/api/users/me [200 OK, 296B, 4ms]
Regression: 3 API + 3 lan chay theo du lieu (phai xanh)	Chay Newman - 3 API + 3 lan chay theo du lieu	2026-08-20T08:07:41.1851264Z   ✓  [moi request] co header X-Student-Id = 23127344
Regression: 3 API + 3 lan chay theo du lieu (phai xanh)	Chay Newman - 3 API + 3 lan chay theo du lieu	2026-08-20T08:07:41.1884562Z   ✓  [API1] thoi gian phan hoi < 2000ms
Regression: 3 API + 3 lan chay theo du lieu (phai xanh)	Chay Newman - 3 API + 3 lan chay theo du lieu	2026-08-20T08:07:41.1920713Z   ✓  Status 200
Regression: 3 API + 3 lan chay theo du lieu (phai xanh)	Chay Newman - 3 API + 3 lan chay theo du lieu	2026-08-20T08:07:41.1961020Z   GET http://localhost:3000/api/users/me [200 OK, 473B, 2ms]
Regression: 3 API + 3 lan chay theo du lieu (phai xanh)	Chay Newman - 3 API + 3 lan chay theo du lieu	2026-08-20T08:07:41.1970168Z   ✓  GET /api/users/me: phone = "091234567890"
Regression: 3 API + 3 lan chay theo du lieu (phai xanh)	Chay Newman - 3 API + 3 lan chay theo du lieu	2026-08-20T08:07:41.2007624Z 
Regression: 3 API + 3 lan chay theo du lieu (phai xanh)	Chay Newman - 3 API + 3 lan chay theo du lieu	2026-08-20T08:07:41.2008432Z ↳ TC-API1-019 - phone dung do dai nhung khong bat dau bang 0
Regression: 3 API + 3 lan chay theo du lieu (phai xanh)	Chay Newman - 3 API + 3 lan chay theo du lieu	2026-08-20T08:07:41.2034256Z   ┌
Regression: 3 API + 3 lan chay theo du lieu (phai xanh)	Chay Newman - 3 API + 3 lan chay theo du lieu	2026-08-20T08:07:41.2034893Z   │ '[X-Student-Id] 23127344 -> PUT {{baseUrl}}/api/users/
Regression: 3 API + 3 lan chay theo du lieu (phai xanh)	Chay Newman - 3 API + 3 lan chay theo du lieu	2026-08-20T08:07:41.2035466Z   │ me'
Regression: 3 API + 3 lan chay theo du lieu (phai xanh)	Chay Newman - 3 API + 3 lan chay theo du lieu	2026-08-20T08:07:41.2090907Z   └
Regression: 3 API + 3 lan chay theo du lieu (phai xanh)	Chay Newman - 3 API + 3 lan chay theo du lieu	2026-08-20T08:07:41.2136777Z   PUT http://localhost:3000/api/users/me [200 OK, 296B, 4ms]
Regression: 3 API + 3 lan chay theo du lieu (phai xanh)	Chay Newman - 3 API + 3 lan chay theo du lieu	2026-08-20T08:07:41.2177105Z   ✓  [moi request] co header X-Student-Id = 23127344
Regression: 3 API + 3 lan chay theo du lieu (phai xanh)	Chay Newman - 3 API + 3 lan chay theo du lieu	2026-08-20T08:07:41.2216429Z   ✓  [API1] thoi gian phan hoi < 2000ms
Regression: 3 API + 3 lan chay theo du lieu (phai xanh)	Chay Newman - 3 API + 3 lan chay theo du lieu	2026-08-20T08:07:41.2252001Z   ✓  Status 200
Regression: 3 API + 3 lan chay theo du lieu (phai xanh)	Chay Newman - 3 API + 3 lan chay theo du lieu	2026-08-20T08:07:41.2293599Z   GET http://localhost:3000/api/users/me [200 OK, 471B, 2ms]
Regression: 3 API + 3 lan chay theo du lieu (phai xanh)	Chay Newman - 3 API + 3 lan chay theo du lieu	2026-08-20T08:07:41.2302885Z   ✓  GET /api/users/me: phone = "1912345678"
Regression: 3 API + 3 lan chay theo du lieu (phai xanh)	Chay Newman - 3 API + 3 lan chay theo du lieu	2026-08-20T08:07:41.2332903Z 
Regression: 3 API + 3 lan chay theo du lieu (phai xanh)	Chay Newman - 3 API + 3 lan chay theo du lieu	2026-08-20T08:07:41.2333533Z ↳ TC-API1-020 - Header Authorization co 2 dau cach -> 403
Regression: 3 API + 3 lan chay theo du lieu (phai xanh)	Chay Newman - 3 API + 3 lan chay theo du lieu	2026-08-20T08:07:41.2359980Z   ┌
Regression: 3 API + 3 lan chay theo du lieu (phai xanh)	Chay Newman - 3 API + 3 lan chay theo du lieu	2026-08-20T08:07:41.2360640Z   │ '[X-Student-Id] 23127344 -> PUT {{baseUrl}}/api/users/
Regression: 3 API + 3 lan chay theo du lieu (phai xanh)	Chay Newman - 3 API + 3 lan chay theo du lieu	2026-08-20T08:07:41.2361164Z   │ me'
Regression: 3 API + 3 lan chay theo du lieu (phai xanh)	Chay Newman - 3 API + 3 lan chay theo du lieu	2026-08-20T08:07:41.2423360Z   └
Regression: 3 API + 3 lan chay theo du lieu (phai xanh)	Chay Newman - 3 API + 3 lan chay theo du lieu	2026-08-20T08:07:41.2444121Z   PUT http://localhost:3000/api/users/me [403 Forbidden, 295B, 2ms]
Regression: 3 API + 3 lan chay theo du lieu (phai xanh)	Chay Newman - 3 API + 3 lan chay theo du lieu	2026-08-20T08:07:41.2479214Z   ✓  [moi request] co header X-Student-Id = 23127344
Regression: 3 API + 3 lan chay theo du lieu (phai xanh)	Chay Newman - 3 API + 3 lan chay theo du lieu	2026-08-20T08:07:41.2511801Z   ✓  [API1] thoi gian phan hoi < 2000ms
Regression: 3 API + 3 lan chay theo du lieu (phai xanh)	Chay Newman - 3 API + 3 lan chay theo du lieu	2026-08-20T08:07:41.2546161Z   ✓  Status 403
Regression: 3 API + 3 lan chay theo du lieu (phai xanh)	Chay Newman - 3 API + 3 lan chay theo du lieu	2026-08-20T08:07:41.2549608Z   ✓  Body JSON khop chinh xac {"error":"Forbidden"}
Regression: 3 API + 3 lan chay theo du lieu (phai xanh)	Chay Newman - 3 API + 3 lan chay theo du lieu	2026-08-20T08:07:41.2585441Z 
Regression: 3 API + 3 lan chay theo du lieu (phai xanh)	Chay Newman - 3 API + 3 lan chay theo du lieu	2026-08-20T08:07:41.2586165Z ↳ TC-API1-021 - role la so 0 (falsy) -> KHONG ghi
Regression: 3 API + 3 lan chay theo du lieu (phai xanh)	Chay Newman - 3 API + 3 lan chay theo du lieu	2026-08-20T08:07:41.2628347Z   ┌
Regression: 3 API + 3 lan chay theo du lieu (phai xanh)	Chay Newman - 3 API + 3 lan chay theo du lieu	2026-08-20T08:07:41.2629586Z   │ '[X-Student-Id] 23127344 -> PUT {{baseUrl}}/api/users/
Regression: 3 API + 3 lan chay theo du lieu (phai xanh)	Chay Newman - 3 API + 3 lan chay theo du lieu	2026-08-20T08:07:41.2630469Z   │ me'
Regression: 3 API + 3 lan chay theo du lieu (phai xanh)	Chay Newman - 3 API + 3 lan chay theo du lieu	2026-08-20T08:07:41.2710742Z   └
Regression: 3 API + 3 lan chay theo du lieu (phai xanh)	Chay Newman - 3 API + 3 lan chay theo du lieu	2026-08-20T08:07:41.2751943Z   PUT http://localhost:3000/api/users/me [200 OK, 296B, 3ms]
Regression: 3 API + 3 lan chay theo du lieu (phai xanh)	Chay Newman - 3 API + 3 lan chay theo du lieu	2026-08-20T08:07:41.2787549Z   ✓  [moi request] co header X-Student-Id = 23127344
Regression: 3 API + 3 lan chay theo du lieu (phai xanh)	Chay Newman - 3 API + 3 lan chay theo du lieu	2026-08-20T08:07:41.2823478Z   ✓  [API1] thoi gian phan hoi < 2000ms
Regression: 3 API + 3 lan chay theo du lieu (phai xanh)	Chay Newman - 3 API + 3 lan chay theo du lieu	2026-08-20T08:07:41.2886996Z   ✓  Status 200
Regression: 3 API + 3 lan chay theo du lieu (phai xanh)	Chay Newman - 3 API + 3 lan chay theo du lieu	2026-08-20T08:07:41.2931438Z   GET http://localhost:3000/api/users/me [200 OK, 471B, 2ms]
Regression: 3 API + 3 lan chay theo du lieu (phai xanh)	Chay Newman - 3 API + 3 lan chay theo du lieu	2026-08-20T08:07:41.2941881Z   ✓  GET /api/users/me: role = "user"
Regression: 3 API + 3 lan chay theo du lieu (phai xanh)	Chay Newman - 3 API + 3 lan chay theo du lieu	2026-08-20T08:07:41.2983485Z 
Regression: 3 API + 3 lan chay theo du lieu (phai xanh)	Chay Newman - 3 API + 3 lan chay theo du lieu	2026-08-20T08:07:41.2984093Z ↳ TC-API1-022 - role la chuoi "0" (truthy) -> BI GHI
Regression: 3 API + 3 lan chay theo du lieu (phai xanh)	Chay Newman - 3 API + 3 lan chay theo du lieu	2026-08-20T08:07:41.3011764Z   ┌
Regression: 3 API + 3 lan chay theo du lieu (phai xanh)	Chay Newman - 3 API + 3 lan chay theo du lieu	2026-08-20T08:07:41.3012993Z   │ '[X-Student-Id] 23127344 -> PUT {{baseUrl}}/api/users/
Regression: 3 API + 3 lan chay theo du lieu (phai xanh)	Chay Newman - 3 API + 3 lan chay theo du lieu	2026-08-20T08:07:41.3013492Z   │ me'
Regression: 3 API + 3 lan chay theo du lieu (phai xanh)	Chay Newman - 3 API + 3 lan chay theo du lieu	2026-08-20T08:07:41.3077193Z   └
Regression: 3 API + 3 lan chay theo du lieu (phai xanh)	Chay Newman - 3 API + 3 lan chay theo du lieu	2026-08-20T08:07:41.3113875Z   PUT http://localhost:3000/api/users/me [200 OK, 296B, 4ms]
Regression: 3 API + 3 lan chay theo du lieu (phai xanh)	Chay Newman - 3 API + 3 lan chay theo du lieu	2026-08-20T08:07:41.3149026Z   ✓  [moi request] co header X-Student-Id = 23127344
Regression: 3 API + 3 lan chay theo du lieu (phai xanh)	Chay Newman - 3 API + 3 lan chay theo du lieu	2026-08-20T08:07:41.3194263Z   ✓  [API1] thoi gian phan hoi < 2000ms
Regression: 3 API + 3 lan chay theo du lieu (phai xanh)	Chay Newman - 3 API + 3 lan chay theo du lieu	2026-08-20T08:07:41.3246578Z   ✓  Status 200
Regression: 3 API + 3 lan chay theo du lieu (phai xanh)	Chay Newman - 3 API + 3 lan chay theo du lieu	2026-08-20T08:07:41.3292273Z   GET http://localhost:3000/api/users/me [200 OK, 468B, 3ms]
Regression: 3 API + 3 lan chay theo du lieu (phai xanh)	Chay Newman - 3 API + 3 lan chay theo du lieu	2026-08-20T08:07:41.3344285Z   PUT http://localhost:3000/api/users/me [200 OK, 296B, 3ms]
Regression: 3 API + 3 lan chay theo du lieu (phai xanh)	Chay Newman - 3 API + 3 lan chay theo du lieu	2026-08-20T08:07:41.3352094Z   ✓  GET /api/users/me: role = "0" roi tra role ve "user"
Regression: 3 API + 3 lan chay theo du lieu (phai xanh)	Chay Newman - 3 API + 3 lan chay theo du lieu	2026-08-20T08:07:41.3390581Z 
Regression: 3 API + 3 lan chay theo du lieu (phai xanh)	Chay Newman - 3 API + 3 lan chay theo du lieu	2026-08-20T08:07:41.3391214Z ↳ TC-API1-023 - Khong gui header Authorization -> 401 (+ schema 401, gop TC-034)
Regression: 3 API + 3 lan chay theo du lieu (phai xanh)	Chay Newman - 3 API + 3 lan chay theo du lieu	2026-08-20T08:07:41.3419382Z   ┌
Regression: 3 API + 3 lan chay theo du lieu (phai xanh)	Chay Newman - 3 API + 3 lan chay theo du lieu	2026-08-20T08:07:41.3420375Z   │ '[X-Student-Id] 23127344 -> PUT {{baseUrl}}/api/users/
Regression: 3 API + 3 lan chay theo du lieu (phai xanh)	Chay Newman - 3 API + 3 lan chay theo du lieu	2026-08-20T08:07:41.3421066Z   │ me'
Regression: 3 API + 3 lan chay theo du lieu (phai xanh)	Chay Newman - 3 API + 3 lan chay theo du lieu	2026-08-20T08:07:41.3482049Z   └
Regression: 3 API + 3 lan chay theo du lieu (phai xanh)	Chay Newman - 3 API + 3 lan chay theo du lieu	2026-08-20T08:07:41.3505441Z   PUT http://localhost:3000/api/users/me [401 Unauthorized, 301B, 2ms]
Regression: 3 API + 3 lan chay theo du lieu (phai xanh)	Chay Newman - 3 API + 3 lan chay theo du lieu	2026-08-20T08:07:41.3539183Z   ✓  [moi request] co header X-Student-Id = 23127344
Regression: 3 API + 3 lan chay theo du lieu (phai xanh)	Chay Newman - 3 API + 3 lan chay theo du lieu	2026-08-20T08:07:41.3573026Z   ✓  [API1] thoi gian phan hoi < 2000ms
Regression: 3 API + 3 lan chay theo du lieu (phai xanh)	Chay Newman - 3 API + 3 lan chay theo du lieu	2026-08-20T08:07:41.3609528Z   ✓  Status 401
Regression: 3 API + 3 lan chay theo du lieu (phai xanh)	Chay Newman - 3 API + 3 lan chay theo du lieu	2026-08-20T08:07:41.3613607Z   ✓  Body JSON khop chinh xac {"error":"Unauthorized"}
Regression: 3 API + 3 lan chay theo du lieu (phai xanh)	Chay Newman - 3 API + 3 lan chay theo du lieu	2026-08-20T08:07:41.3616190Z   ✓  Response co dung 1 key: error
Regression: 3 API + 3 lan chay theo du lieu (phai xanh)	Chay Newman - 3 API + 3 lan chay theo du lieu	2026-08-20T08:07:41.3922775Z   ✓  Schema: chi 1 key error
Regression: 3 API + 3 lan chay theo du lieu (phai xanh)	Chay Newman - 3 API + 3 lan chay theo du lieu	2026-08-20T08:07:41.3975638Z 
Regression: 3 API + 3 lan chay theo du lieu (phai xanh)	Chay Newman - 3 API + 3 lan chay theo du lieu	2026-08-20T08:07:41.3976478Z ↳ TC-API1-024 - Header khong co dau cach phan tach -> 401
Regression: 3 API + 3 lan chay theo du lieu (phai xanh)	Chay Newman - 3 API + 3 lan chay theo du lieu	2026-08-20T08:07:41.4006154Z   ┌
Regression: 3 API + 3 lan chay theo du lieu (phai xanh)	Chay Newman - 3 API + 3 lan chay theo du lieu	2026-08-20T08:07:41.4006831Z   │ '[X-Student-Id] 23127344 -> PUT {{baseUrl}}/api/users/
Regression: 3 API + 3 lan chay theo du lieu (phai xanh)	Chay Newman - 3 API + 3 lan chay theo du lieu	2026-08-20T08:07:41.4007375Z   │ me'
Regression: 3 API + 3 lan chay theo du lieu (phai xanh)	Chay Newman - 3 API + 3 lan chay theo du lieu	2026-08-20T08:07:41.4085808Z   └
Regression: 3 API + 3 lan chay theo du lieu (phai xanh)	Chay Newman - 3 API + 3 lan chay theo du lieu	2026-08-20T08:07:41.4107570Z   PUT http://localhost:3000/api/users/me [401 Unauthorized, 301B, 2ms]
Regression: 3 API + 3 lan chay theo du lieu (phai xanh)	Chay Newman - 3 API + 3 lan chay theo du lieu	2026-08-20T08:07:41.4143083Z   ✓  [moi request] co header X-Student-Id = 23127344
Regression: 3 API + 3 lan chay theo du lieu (phai xanh)	Chay Newman - 3 API + 3 lan chay theo du lieu	2026-08-20T08:07:41.4175304Z   ✓  [API1] thoi gian phan hoi < 2000ms
Regression: 3 API + 3 lan chay theo du lieu (phai xanh)	Chay Newman - 3 API + 3 lan chay theo du lieu	2026-08-20T08:07:41.4207671Z   ✓  Status 401
Regression: 3 API + 3 lan chay theo du lieu (phai xanh)	Chay Newman - 3 API + 3 lan chay theo du lieu	2026-08-20T08:07:41.4211914Z   ✓  Body JSON khop chinh xac {"error":"Unauthorized"}
Regression: 3 API + 3 lan chay theo du lieu (phai xanh)	Chay Newman - 3 API + 3 lan chay theo du lieu	2026-08-20T08:07:41.4248534Z 
Regression: 3 API + 3 lan chay theo du lieu (phai xanh)	Chay Newman - 3 API + 3 lan chay theo du lieu	2026-08-20T08:07:41.4249246Z ↳ TC-API1-025 - JWT sai cu phap -> 403
Regression: 3 API + 3 lan chay theo du lieu (phai xanh)	Chay Newman - 3 API + 3 lan chay theo du lieu	2026-08-20T08:07:41.4275688Z   ┌
Regression: 3 API + 3 lan chay theo du lieu (phai xanh)	Chay Newman - 3 API + 3 lan chay theo du lieu	2026-08-20T08:07:41.4276858Z   │ '[X-Student-Id] 23127344 -> PUT {{baseUrl}}/api/users/
Regression: 3 API + 3 lan chay theo du lieu (phai xanh)	Chay Newman - 3 API + 3 lan chay theo du lieu	2026-08-20T08:07:41.4277522Z   │ me'
Regression: 3 API + 3 lan chay theo du lieu (phai xanh)	Chay Newman - 3 API + 3 lan chay theo du lieu	2026-08-20T08:07:41.4357575Z   └
Regression: 3 API + 3 lan chay theo du lieu (phai xanh)	Chay Newman - 3 API + 3 lan chay theo du lieu	2026-08-20T08:07:41.4380750Z   PUT http://localhost:3000/api/users/me [403 Forbidden, 295B, 2ms]
Regression: 3 API + 3 lan chay theo du lieu (phai xanh)	Chay Newman - 3 API + 3 lan chay theo du lieu	2026-08-20T08:07:41.4411877Z   ✓  [moi request] co header X-Student-Id = 23127344
Regression: 3 API + 3 lan chay theo du lieu (phai xanh)	Chay Newman - 3 API + 3 lan chay theo du lieu	2026-08-20T08:07:41.4452279Z   ✓  [API1] thoi gian phan hoi < 2000ms
Regression: 3 API + 3 lan chay theo du lieu (phai xanh)	Chay Newman - 3 API + 3 lan chay theo du lieu	2026-08-20T08:07:41.4485527Z   ✓  Status 403
Regression: 3 API + 3 lan chay theo du lieu (phai xanh)	Chay Newman - 3 API + 3 lan chay theo du lieu	2026-08-20T08:07:41.4488896Z   ✓  Body JSON khop chinh xac {"error":"Forbidden"}
Regression: 3 API + 3 lan chay theo du lieu (phai xanh)	Chay Newman - 3 API + 3 lan chay theo du lieu	2026-08-20T08:07:41.4522299Z 
Regression: 3 API + 3 lan chay theo du lieu (phai xanh)	Chay Newman - 3 API + 3 lan chay theo du lieu	2026-08-20T08:07:41.4523071Z ↳ TC-API1-026 - JWT ky bang secret khac -> 403
Regression: 3 API + 3 lan chay theo du lieu (phai xanh)	Chay Newman - 3 API + 3 lan chay theo du lieu	2026-08-20T08:07:41.4548277Z   ┌
Regression: 3 API + 3 lan chay theo du lieu (phai xanh)	Chay Newman - 3 API + 3 lan chay theo du lieu	2026-08-20T08:07:41.4549160Z   │ '[X-Student-Id] 23127344 -> PUT {{baseUrl}}/api/users/
Regression: 3 API + 3 lan chay theo du lieu (phai xanh)	Chay Newman - 3 API + 3 lan chay theo du lieu	2026-08-20T08:07:41.4549756Z   │ me'
Regression: 3 API + 3 lan chay theo du lieu (phai xanh)	Chay Newman - 3 API + 3 lan chay theo du lieu	2026-08-20T08:07:41.4610057Z   └
Regression: 3 API + 3 lan chay theo du lieu (phai xanh)	Chay Newman - 3 API + 3 lan chay theo du lieu	2026-08-20T08:07:41.4632144Z   PUT http://localhost:3000/api/users/me [403 Forbidden, 295B, 2ms]
Regression: 3 API + 3 lan chay theo du lieu (phai xanh)	Chay Newman - 3 API + 3 lan chay theo du lieu	2026-08-20T08:07:41.4661035Z   ✓  [moi request] co header X-Student-Id = 23127344
Regression: 3 API + 3 lan chay theo du lieu (phai xanh)	Chay Newman - 3 API + 3 lan chay theo du lieu	2026-08-20T08:07:41.4692010Z   ✓  [API1] thoi gian phan hoi < 2000ms
Regression: 3 API + 3 lan chay theo du lieu (phai xanh)	Chay Newman - 3 API + 3 lan chay theo du lieu	2026-08-20T08:07:41.4723741Z   ✓  Status 403
Regression: 3 API + 3 lan chay theo du lieu (phai xanh)	Chay Newman - 3 API + 3 lan chay theo du lieu	2026-08-20T08:07:41.4727252Z   ✓  Body JSON khop chinh xac {"error":"Forbidden"}
Regression: 3 API + 3 lan chay theo du lieu (phai xanh)	Chay Newman - 3 API + 3 lan chay theo du lieu	2026-08-20T08:07:41.4761282Z 
Regression: 3 API + 3 lan chay theo du lieu (phai xanh)	Chay Newman - 3 API + 3 lan chay theo du lieu	2026-08-20T08:07:41.4761731Z ↳ TC-API1-027 - Token tu ky co exp qua khu -> 403
Regression: 3 API + 3 lan chay theo du lieu (phai xanh)	Chay Newman - 3 API + 3 lan chay theo du lieu	2026-08-20T08:07:41.4787082Z   ┌
Regression: 3 API + 3 lan chay theo du lieu (phai xanh)	Chay Newman - 3 API + 3 lan chay theo du lieu	2026-08-20T08:07:41.4787701Z   │ '[X-Student-Id] 23127344 -> PUT {{baseUrl}}/api/users/
Regression: 3 API + 3 lan chay theo du lieu (phai xanh)	Chay Newman - 3 API + 3 lan chay theo du lieu	2026-08-20T08:07:41.4788304Z   │ me'
Regression: 3 API + 3 lan chay theo du lieu (phai xanh)	Chay Newman - 3 API + 3 lan chay theo du lieu	2026-08-20T08:07:41.4845961Z   └
Regression: 3 API + 3 lan chay theo du lieu (phai xanh)	Chay Newman - 3 API + 3 lan chay theo du lieu	2026-08-20T08:07:41.4867650Z   PUT http://localhost:3000/api/users/me [403 Forbidden, 295B, 2ms]
Regression: 3 API + 3 lan chay theo du lieu (phai xanh)	Chay Newman - 3 API + 3 lan chay theo du lieu	2026-08-20T08:07:41.4902591Z   ✓  [moi request] co header X-Student-Id = 23127344
Regression: 3 API + 3 lan chay theo du lieu (phai xanh)	Chay Newman - 3 API + 3 lan chay theo du lieu	2026-08-20T08:07:41.4934315Z   ✓  [API1] thoi gian phan hoi < 2000ms
Regression: 3 API + 3 lan chay theo du lieu (phai xanh)	Chay Newman - 3 API + 3 lan chay theo du lieu	2026-08-20T08:07:41.4966429Z   ✓  Status 403
Regression: 3 API + 3 lan chay theo du lieu (phai xanh)	Chay Newman - 3 API + 3 lan chay theo du lieu	2026-08-20T08:07:41.4970352Z   ✓  Body JSON khop chinh xac {"error":"Forbidden"}
Regression: 3 API + 3 lan chay theo du lieu (phai xanh)	Chay Newman - 3 API + 3 lan chay theo du lieu	2026-08-20T08:07:41.5008642Z 
Regression: 3 API + 3 lan chay theo du lieu (phai xanh)	Chay Newman - 3 API + 3 lan chay theo du lieu	2026-08-20T08:07:41.5009955Z ↳ TC-API1-028 - Token hop le nhung id khong ton tai -> 200 du 0 dong bi ghi
Regression: 3 API + 3 lan chay theo du lieu (phai xanh)	Chay Newman - 3 API + 3 lan chay theo du lieu	2026-08-20T08:07:41.5039301Z   ┌
Regression: 3 API + 3 lan chay theo du lieu (phai xanh)	Chay Newman - 3 API + 3 lan chay theo du lieu	2026-08-20T08:07:41.5040478Z   │ '[X-Student-Id] 23127344 -> PUT {{baseUrl}}/api/users/
Regression: 3 API + 3 lan chay theo du lieu (phai xanh)	Chay Newman - 3 API + 3 lan chay theo du lieu	2026-08-20T08:07:41.5041388Z   │ me'
Regression: 3 API + 3 lan chay theo du lieu (phai xanh)	Chay Newman - 3 API + 3 lan chay theo du lieu	2026-08-20T08:07:41.5121240Z   └
Regression: 3 API + 3 lan chay theo du lieu (phai xanh)	Chay Newman - 3 API + 3 lan chay theo du lieu	2026-08-20T08:07:41.5157324Z   PUT http://localhost:3000/api/users/me [200 OK, 296B, 3ms]
Regression: 3 API + 3 lan chay theo du lieu (phai xanh)	Chay Newman - 3 API + 3 lan chay theo du lieu	2026-08-20T08:07:41.5232945Z   PUT http://localhost:3000/api/users/me [200 OK, 296B, 2ms]
Regression: 3 API + 3 lan chay theo du lieu (phai xanh)	Chay Newman - 3 API + 3 lan chay theo du lieu	2026-08-20T08:07:41.5262935Z   ✓  [moi request] co header X-Student-Id = 23127344
Regression: 3 API + 3 lan chay theo du lieu (phai xanh)	Chay Newman - 3 API + 3 lan chay theo du lieu	2026-08-20T08:07:41.5306125Z   ✓  [API1] thoi gian phan hoi < 2000ms
Regression: 3 API + 3 lan chay theo du lieu (phai xanh)	Chay Newman - 3 API + 3 lan chay theo du lieu	2026-08-20T08:07:41.5343189Z   ✓  Status 200
Regression: 3 API + 3 lan chay theo du lieu (phai xanh)	Chay Newman - 3 API + 3 lan chay theo du lieu	2026-08-20T08:07:41.5350053Z   ✓  Body JSON khop chinh xac {"message":"Profile updated"}
Regression: 3 API + 3 lan chay theo du lieu (phai xanh)	Chay Newman - 3 API + 3 lan chay theo du lieu	2026-08-20T08:07:41.5399567Z   GET http://localhost:3000/api/users/me   GET http://localhost:3000/api/users/me [200 OK, 224B, 3ms]
Regression: 3 API + 3 lan chay theo du lieu (phai xanh)	Chay Newman - 3 API + 3 lan chay theo du lieu	2026-08-20T08:07:41.5409977Z   ✓  GET voi cung token id=999999 tra ve null (khong co dong nao)
Regression: 3 API + 3 lan chay theo du lieu (phai xanh)	Chay Newman - 3 API + 3 lan chay theo du lieu	2026-08-20T08:07:41.5417157Z [200 OK, 466B, 4ms]
Regression: 3 API + 3 lan chay theo du lieu (phai xanh)	Chay Newman - 3 API + 3 lan chay theo du lieu	2026-08-20T08:07:41.5430255Z   ✓  GET /api/users/me: name = "Test User"
Regression: 3 API + 3 lan chay theo du lieu (phai xanh)	Chay Newman - 3 API + 3 lan chay theo du lieu	2026-08-20T08:07:41.5468985Z 
Regression: 3 API + 3 lan chay theo du lieu (phai xanh)	Chay Newman - 3 API + 3 lan chay theo du lieu	2026-08-20T08:07:41.5469849Z ↳ TC-API1-029 - [CRITICAL] Leo thang quyen qua role:"admin" (SEC-06)
Regression: 3 API + 3 lan chay theo du lieu (phai xanh)	Chay Newman - 3 API + 3 lan chay theo du lieu	2026-08-20T08:07:41.5495461Z   ┌
Regression: 3 API + 3 lan chay theo du lieu (phai xanh)	Chay Newman - 3 API + 3 lan chay theo du lieu	2026-08-20T08:07:41.5496061Z   │ '[X-Student-Id] 23127344 -> PUT {{baseUrl}}/api/users/
Regression: 3 API + 3 lan chay theo du lieu (phai xanh)	Chay Newman - 3 API + 3 lan chay theo du lieu	2026-08-20T08:07:41.5496695Z   │ me'
Regression: 3 API + 3 lan chay theo du lieu (phai xanh)	Chay Newman - 3 API + 3 lan chay theo du lieu	2026-08-20T08:07:41.5555918Z   └
Regression: 3 API + 3 lan chay theo du lieu (phai xanh)	Chay Newman - 3 API + 3 lan chay theo du lieu	2026-08-20T08:07:41.5592098Z   PUT http://localhost:3000/api/users/me [200 OK, 296B, 3ms]
Regression: 3 API + 3 lan chay theo du lieu (phai xanh)	Chay Newman - 3 API + 3 lan chay theo du lieu	2026-08-20T08:07:41.5627393Z   ✓  [moi request] co header X-Student-Id = 23127344
Regression: 3 API + 3 lan chay theo du lieu (phai xanh)	Chay Newman - 3 API + 3 lan chay theo du lieu	2026-08-20T08:07:41.5670140Z   ✓  [API1] thoi gian phan hoi < 2000ms
Regression: 3 API + 3 lan chay theo du lieu (phai xanh)	Chay Newman - 3 API + 3 lan chay theo du lieu	2026-08-20T08:07:41.5703248Z   ✓  Status 200
Regression: 3 API + 3 lan chay theo du lieu (phai xanh)	Chay Newman - 3 API + 3 lan chay theo du lieu	2026-08-20T08:07:41.5707086Z   ✓  Body JSON khop chinh xac {"message":"Profile updated"}
Regression: 3 API + 3 lan chay theo du lieu (phai xanh)	Chay Newman - 3 API + 3 lan chay theo du lieu	2026-08-20T08:07:41.5744760Z   GET http://localhost:3000/api/users/me [200 OK, 472B, 2ms]
Regression: 3 API + 3 lan chay theo du lieu (phai xanh)	Chay Newman - 3 API + 3 lan chay theo du lieu	2026-08-20T08:07:41.5803445Z   PUT http://localhost:3000/api/users/me [200 OK, 296B, 3ms]
Regression: 3 API + 3 lan chay theo du lieu (phai xanh)	Chay Newman - 3 API + 3 lan chay theo du lieu	2026-08-20T08:07:41.5811589Z   ✓  GET /api/users/me: role = "admin" roi tra role ve "user"
Regression: 3 API + 3 lan chay theo du lieu (phai xanh)	Chay Newman - 3 API + 3 lan chay theo du lieu	2026-08-20T08:07:41.5841422Z 
Regression: 3 API + 3 lan chay theo du lieu (phai xanh)	Chay Newman - 3 API + 3 lan chay theo du lieu	2026-08-20T08:07:41.5842190Z ↳ TC-API1-030 - role ngoai enum ("superadmin") van duoc luu
Regression: 3 API + 3 lan chay theo du lieu (phai xanh)	Chay Newman - 3 API + 3 lan chay theo du lieu	2026-08-20T08:07:41.5867315Z   ┌
Regression: 3 API + 3 lan chay theo du lieu (phai xanh)	Chay Newman - 3 API + 3 lan chay theo du lieu	2026-08-20T08:07:41.5867956Z   │ '[X-Student-Id] 23127344 -> PUT {{baseUrl}}/api/users/
Regression: 3 API + 3 lan chay theo du lieu (phai xanh)	Chay Newman - 3 API + 3 lan chay theo du lieu	2026-08-20T08:07:41.5868785Z   │ me'
Regression: 3 API + 3 lan chay theo du lieu (phai xanh)	Chay Newman - 3 API + 3 lan chay theo du lieu	2026-08-20T08:07:41.5933010Z   └
Regression: 3 API + 3 lan chay theo du lieu (phai xanh)	Chay Newman - 3 API + 3 lan chay theo du lieu	2026-08-20T08:07:41.5970960Z   PUT http://localhost:3000/api/users/me [200 OK, 296B, 3ms]
Regression: 3 API + 3 lan chay theo du lieu (phai xanh)	Chay Newman - 3 API + 3 lan chay theo du lieu	2026-08-20T08:07:41.6005576Z   ✓  [moi request] co header X-Student-Id = 23127344
Regression: 3 API + 3 lan chay theo du lieu (phai xanh)	Chay Newman - 3 API + 3 lan chay theo du lieu	2026-08-20T08:07:41.6038475Z   ✓  [API1] thoi gian phan hoi < 2000ms
Regression: 3 API + 3 lan chay theo du lieu (phai xanh)	Chay Newman - 3 API + 3 lan chay theo du lieu	2026-08-20T08:07:41.6086482Z   ✓  Status 200
Regression: 3 API + 3 lan chay theo du lieu (phai xanh)	Chay Newman - 3 API + 3 lan chay theo du lieu	2026-08-20T08:07:41.6123784Z   GET http://localhost:3000/api/users/me [200 OK, 477B, 2ms]
Regression: 3 API + 3 lan chay theo du lieu (phai xanh)	Chay Newman - 3 API + 3 lan chay theo du lieu	2026-08-20T08:07:41.6184158Z   PUT http://localhost:3000/api/users/me [200 OK, 296B, 3ms]
Regression: 3 API + 3 lan chay theo du lieu (phai xanh)	Chay Newman - 3 API + 3 lan chay theo du lieu	2026-08-20T08:07:41.6192010Z   ✓  GET /api/users/me: role = "superadmin" roi tra role ve "user"
Regression: 3 API + 3 lan chay theo du lieu (phai xanh)	Chay Newman - 3 API + 3 lan chay theo du lieu	2026-08-20T08:07:41.6229665Z 
Regression: 3 API + 3 lan chay theo du lieu (phai xanh)	Chay Newman - 3 API + 3 lan chay theo du lieu	2026-08-20T08:07:41.6230169Z ↳ TC-API1-031 - Payload SQL injection trong name (SEC-05)
Regression: 3 API + 3 lan chay theo du lieu (phai xanh)	Chay Newman - 3 API + 3 lan chay theo du lieu	2026-08-20T08:07:41.6257817Z   ┌
Regression: 3 API + 3 lan chay theo du lieu (phai xanh)	Chay Newman - 3 API + 3 lan chay theo du lieu	2026-08-20T08:07:41.6258881Z   │ '[X-Student-Id] 23127344 -> PUT {{baseUrl}}/api/users/
Regression: 3 API + 3 lan chay theo du lieu (phai xanh)	Chay Newman - 3 API + 3 lan chay theo du lieu	2026-08-20T08:07:41.6259633Z   │ me'
Regression: 3 API + 3 lan chay theo du lieu (phai xanh)	Chay Newman - 3 API + 3 lan chay theo du lieu	2026-08-20T08:07:41.6322004Z   └
Regression: 3 API + 3 lan chay theo du lieu (phai xanh)	Chay Newman - 3 API + 3 lan chay theo du lieu	2026-08-20T08:07:41.6361617Z   PUT http://localhost:3000/api/users/me [200 OK, 296B, 3ms]
Regression: 3 API + 3 lan chay theo du lieu (phai xanh)	Chay Newman - 3 API + 3 lan chay theo du lieu	2026-08-20T08:07:41.6394083Z   ✓  [moi request] co header X-Student-Id = 23127344
Regression: 3 API + 3 lan chay theo du lieu (phai xanh)	Chay Newman - 3 API + 3 lan chay theo du lieu	2026-08-20T08:07:41.6430555Z   ✓  [API1] thoi gian phan hoi < 2000ms
Regression: 3 API + 3 lan chay theo du lieu (phai xanh)	Chay Newman - 3 API + 3 lan chay theo du lieu	2026-08-20T08:07:41.6465395Z   ✓  Status 200
Regression: 3 API + 3 lan chay theo du lieu (phai xanh)	Chay Newman - 3 API + 3 lan chay theo du lieu	2026-08-20T08:07:41.6550086Z   GET http://localhost:3000/api/users/me   GET http://localhost:3000/api/admin/users [200 OK, 488B, 6ms]
Regression: 3 API + 3 lan chay theo du lieu (phai xanh)	Chay Newman - 3 API + 3 lan chay theo du lieu	2026-08-20T08:07:41.6563347Z   ✓  GET /api/users/me: name = "Robert'); DROP TABLE users;--"
Regression: 3 API + 3 lan chay theo du lieu (phai xanh)	Chay Newman - 3 API + 3 lan chay theo du lieu	2026-08-20T08:07:41.6578537Z [200 OK, 699B, 8ms]
Regression: 3 API + 3 lan chay theo du lieu (phai xanh)	Chay Newman - 3 API + 3 lan chay theo du lieu	2026-08-20T08:07:41.6588827Z   ✓  Bang users con nguyen (parameterized query dat)
Regression: 3 API + 3 lan chay theo du lieu (phai xanh)	Chay Newman - 3 API + 3 lan chay theo du lieu	2026-08-20T08:07:41.6627445Z 
Regression: 3 API + 3 lan chay theo du lieu (phai xanh)	Chay Newman - 3 API + 3 lan chay theo du lieu	2026-08-20T08:07:41.6628046Z ↳ TC-API1-032 - Payload script/XSS trong name (SEC-04)
Regression: 3 API + 3 lan chay theo du lieu (phai xanh)	Chay Newman - 3 API + 3 lan chay theo du lieu	2026-08-20T08:07:41.6654855Z   ┌
Regression: 3 API + 3 lan chay theo du lieu (phai xanh)	Chay Newman - 3 API + 3 lan chay theo du lieu	2026-08-20T08:07:41.6655469Z   │ '[X-Student-Id] 23127344 -> PUT {{baseUrl}}/api/users/
Regression: 3 API + 3 lan chay theo du lieu (phai xanh)	Chay Newman - 3 API + 3 lan chay theo du lieu	2026-08-20T08:07:41.6655982Z   │ me'
Regression: 3 API + 3 lan chay theo du lieu (phai xanh)	Chay Newman - 3 API + 3 lan chay theo du lieu	2026-08-20T08:07:41.6719176Z   └
Regression: 3 API + 3 lan chay theo du lieu (phai xanh)	Chay Newman - 3 API + 3 lan chay theo du lieu	2026-08-20T08:07:41.6758113Z   PUT http://localhost:3000/api/users/me [200 OK, 296B, 4ms]
Regression: 3 API + 3 lan chay theo du lieu (phai xanh)	Chay Newman - 3 API + 3 lan chay theo du lieu	2026-08-20T08:07:41.6791221Z   ✓  [moi request] co header X-Student-Id = 23127344
Regression: 3 API + 3 lan chay theo du lieu (phai xanh)	Chay Newman - 3 API + 3 lan chay theo du lieu	2026-08-20T08:07:41.6823625Z   ✓  [API1] thoi gian phan hoi < 2000ms
Regression: 3 API + 3 lan chay theo du lieu (phai xanh)	Chay Newman - 3 API + 3 lan chay theo du lieu	2026-08-20T08:07:41.6872448Z   ✓  Status 200
Regression: 3 API + 3 lan chay theo du lieu (phai xanh)	Chay Newman - 3 API + 3 lan chay theo du lieu	2026-08-20T08:07:41.6909222Z   GET http://localhost:3000/api/users/me [200 OK, 484B, 2ms]
Regression: 3 API + 3 lan chay theo du lieu (phai xanh)	Chay Newman - 3 API + 3 lan chay theo du lieu	2026-08-20T08:07:41.6922687Z   ✓  GET /api/users/me: name = "<script>alert(1)</script>"
Regression: 3 API + 3 lan chay theo du lieu (phai xanh)	Chay Newman - 3 API + 3 lan chay theo du lieu	2026-08-20T08:07:41.6952431Z 
Regression: 3 API + 3 lan chay theo du lieu (phai xanh)	Chay Newman - 3 API + 3 lan chay theo du lieu	2026-08-20T08:07:41.6953281Z ↳ TC-API1-033 - Schema response thanh cong
Regression: 3 API + 3 lan chay theo du lieu (phai xanh)	Chay Newman - 3 API + 3 lan chay theo du lieu	2026-08-20T08:07:41.6981728Z   ┌
Regression: 3 API + 3 lan chay theo du lieu (phai xanh)	Chay Newman - 3 API + 3 lan chay theo du lieu	2026-08-20T08:07:41.6982595Z   │ '[X-Student-Id] 23127344 -> PUT {{baseUrl}}/api/users/
Regression: 3 API + 3 lan chay theo du lieu (phai xanh)	Chay Newman - 3 API + 3 lan chay theo du lieu	2026-08-20T08:07:41.6983258Z   │ me'
Regression: 3 API + 3 lan chay theo du lieu (phai xanh)	Chay Newman - 3 API + 3 lan chay theo du lieu	2026-08-20T08:07:41.7044898Z   └
Regression: 3 API + 3 lan chay theo du lieu (phai xanh)	Chay Newman - 3 API + 3 lan chay theo du lieu	2026-08-20T08:07:41.7089622Z   PUT http://localhost:3000/api/users/me [200 OK, 296B, 4ms]
Regression: 3 API + 3 lan chay theo du lieu (phai xanh)	Chay Newman - 3 API + 3 lan chay theo du lieu	2026-08-20T08:07:41.7125107Z   ✓  [moi request] co header X-Student-Id = 23127344
Regression: 3 API + 3 lan chay theo du lieu (phai xanh)	Chay Newman - 3 API + 3 lan chay theo du lieu	2026-08-20T08:07:41.7160659Z   ✓  [API1] thoi gian phan hoi < 2000ms
Regression: 3 API + 3 lan chay theo du lieu (phai xanh)	Chay Newman - 3 API + 3 lan chay theo du lieu	2026-08-20T08:07:41.7195156Z   ✓  Status 200
Regression: 3 API + 3 lan chay theo du lieu (phai xanh)	Chay Newman - 3 API + 3 lan chay theo du lieu	2026-08-20T08:07:41.7209616Z   ✓  Response co dung 1 key: message
Regression: 3 API + 3 lan chay theo du lieu (phai xanh)	Chay Newman - 3 API + 3 lan chay theo du lieu	2026-08-20T08:07:41.7266245Z   ✓  Schema: chi 1 key message
Regression: 3 API + 3 lan chay theo du lieu (phai xanh)	Chay Newman - 3 API + 3 lan chay theo du lieu	2026-08-20T08:07:41.7305381Z 
Regression: 3 API + 3 lan chay theo du lieu (phai xanh)	Chay Newman - 3 API + 3 lan chay theo du lieu	2026-08-20T08:07:41.7305952Z ↳ TC-API1-035 - Schema loi 403
Regression: 3 API + 3 lan chay theo du lieu (phai xanh)	Chay Newman - 3 API + 3 lan chay theo du lieu	2026-08-20T08:07:41.7333345Z   ┌
Regression: 3 API + 3 lan chay theo du lieu (phai xanh)	Chay Newman - 3 API + 3 lan chay theo du lieu	2026-08-20T08:07:41.7334043Z   │ '[X-Student-Id] 23127344 -> PUT {{baseUrl}}/api/users/
Regression: 3 API + 3 lan chay theo du lieu (phai xanh)	Chay Newman - 3 API + 3 lan chay theo du lieu	2026-08-20T08:07:41.7334679Z   │ me'
Regression: 3 API + 3 lan chay theo du lieu (phai xanh)	Chay Newman - 3 API + 3 lan chay theo du lieu	2026-08-20T08:07:41.7388810Z   └
Regression: 3 API + 3 lan chay theo du lieu (phai xanh)	Chay Newman - 3 API + 3 lan chay theo du lieu	2026-08-20T08:07:41.7408496Z   PUT http://localhost:3000/api/users/me [403 Forbidden, 295B, 2ms]
Regression: 3 API + 3 lan chay theo du lieu (phai xanh)	Chay Newman - 3 API + 3 lan chay theo du lieu	2026-08-20T08:07:41.7430990Z   ✓  [moi request] co header X-Student-Id = 23127344
Regression: 3 API + 3 lan chay theo du lieu (phai xanh)	Chay Newman - 3 API + 3 lan chay theo du lieu	2026-08-20T08:07:41.7462926Z   ✓  [API1] thoi gian phan hoi < 2000ms
Regression: 3 API + 3 lan chay theo du lieu (phai xanh)	Chay Newman - 3 API + 3 lan chay theo du lieu	2026-08-20T08:07:41.7495999Z   ✓  Status 403
Regression: 3 API + 3 lan chay theo du lieu (phai xanh)	Chay Newman - 3 API + 3 lan chay theo du lieu	2026-08-20T08:07:41.7498863Z   ✓  Response co dung 1 key: error
Regression: 3 API + 3 lan chay theo du lieu (phai xanh)	Chay Newman - 3 API + 3 lan chay theo du lieu	2026-08-20T08:07:41.7501460Z   ✓  Body.error = "Forbidden"
Regression: 3 API + 3 lan chay theo du lieu (phai xanh)	Chay Newman - 3 API + 3 lan chay theo du lieu	2026-08-20T08:07:41.7558967Z   ✓  Schema: chi 1 key error
Regression: 3 API + 3 lan chay theo du lieu (phai xanh)	Chay Newman - 3 API + 3 lan chay theo du lieu	2026-08-20T08:07:41.7609642Z 
Regression: 3 API + 3 lan chay theo du lieu (phai xanh)	Chay Newman - 3 API + 3 lan chay theo du lieu	2026-08-20T08:07:41.7610424Z ↳ TC-API1-036 - Schema xac minh cua GET /api/users/me (10 truong)
Regression: 3 API + 3 lan chay theo du lieu (phai xanh)	Chay Newman - 3 API + 3 lan chay theo du lieu	2026-08-20T08:07:41.7635680Z   ┌
Regression: 3 API + 3 lan chay theo du lieu (phai xanh)	Chay Newman - 3 API + 3 lan chay theo du lieu	2026-08-20T08:07:41.7636322Z   │ '[X-Student-Id] 23127344 -> GET {{baseUrl}}/api/users/
Regression: 3 API + 3 lan chay theo du lieu (phai xanh)	Chay Newman - 3 API + 3 lan chay theo du lieu	2026-08-20T08:07:41.7636873Z   │ me'
Regression: 3 API + 3 lan chay theo du lieu (phai xanh)	Chay Newman - 3 API + 3 lan chay theo du lieu	2026-08-20T08:07:41.7710533Z   └
Regression: 3 API + 3 lan chay theo du lieu (phai xanh)	Chay Newman - 3 API + 3 lan chay theo du lieu	2026-08-20T08:07:41.7727681Z   GET http://localhost:3000/api/users/me [200 OK, 471B, 2ms]
Regression: 3 API + 3 lan chay theo du lieu (phai xanh)	Chay Newman - 3 API + 3 lan chay theo du lieu	2026-08-20T08:07:41.7763528Z   ✓  [moi request] co header X-Student-Id = 23127344
Regression: 3 API + 3 lan chay theo du lieu (phai xanh)	Chay Newman - 3 API + 3 lan chay theo du lieu	2026-08-20T08:07:41.7796351Z   ✓  [API1] thoi gian phan hoi < 2000ms
Regression: 3 API + 3 lan chay theo du lieu (phai xanh)	Chay Newman - 3 API + 3 lan chay theo du lieu	2026-08-20T08:07:41.7829630Z   ✓  Status 200
Regression: 3 API + 3 lan chay theo du lieu (phai xanh)	Chay Newman - 3 API + 3 lan chay theo du lieu	2026-08-20T08:07:41.7878778Z   ✓  Schema: 10 truong cua bang users
Regression: 3 API + 3 lan chay theo du lieu (phai xanh)	Chay Newman - 3 API + 3 lan chay theo du lieu	2026-08-20T08:07:41.7883308Z   ✓  Response co dung 10 key: id, name, email, password, role, login_attempts, locked_until, reset_token, shipping_address, phone
Regression: 3 API + 3 lan chay theo du lieu (phai xanh)	Chay Newman - 3 API + 3 lan chay theo du lieu	2026-08-20T08:07:41.7919171Z 
Regression: 3 API + 3 lan chay theo du lieu (phai xanh)	Chay Newman - 3 API + 3 lan chay theo du lieu	2026-08-20T08:07:41.7919823Z ↳ TC-API1-037 - Response PUT khong echo truong nao da ghi
Regression: 3 API + 3 lan chay theo du lieu (phai xanh)	Chay Newman - 3 API + 3 lan chay theo du lieu	2026-08-20T08:07:41.7945552Z   ┌
Regression: 3 API + 3 lan chay theo du lieu (phai xanh)	Chay Newman - 3 API + 3 lan chay theo du lieu	2026-08-20T08:07:41.7946189Z   │ '[X-Student-Id] 23127344 -> PUT {{baseUrl}}/api/users/
Regression: 3 API + 3 lan chay theo du lieu (phai xanh)	Chay Newman - 3 API + 3 lan chay theo du lieu	2026-08-20T08:07:41.7946797Z   │ me'
Regression: 3 API + 3 lan chay theo du lieu (phai xanh)	Chay Newman - 3 API + 3 lan chay theo du lieu	2026-08-20T08:07:41.8041282Z   └
Regression: 3 API + 3 lan chay theo du lieu (phai xanh)	Chay Newman - 3 API + 3 lan chay theo du lieu	2026-08-20T08:07:41.8189969Z   PUT http://localhost:3000/api/users/me [200 OK, 296B, 16ms]
Regression: 3 API + 3 lan chay theo du lieu (phai xanh)	Chay Newman - 3 API + 3 lan chay theo du lieu	2026-08-20T08:07:41.8214853Z   ✓  [moi request] co header X-Student-Id = 23127344
Regression: 3 API + 3 lan chay theo du lieu (phai xanh)	Chay Newman - 3 API + 3 lan chay theo du lieu	2026-08-20T08:07:41.8248789Z   ✓  [API1] thoi gian phan hoi < 2000ms
Regression: 3 API + 3 lan chay theo du lieu (phai xanh)	Chay Newman - 3 API + 3 lan chay theo du lieu	2026-08-20T08:07:41.8292096Z   ✓  Status 200
Regression: 3 API + 3 lan chay theo du lieu (phai xanh)	Chay Newman - 3 API + 3 lan chay theo du lieu	2026-08-20T08:07:41.8294935Z   ✓  Response KHONG chua key "name"
Regression: 3 API + 3 lan chay theo du lieu (phai xanh)	Chay Newman - 3 API + 3 lan chay theo du lieu	2026-08-20T08:07:41.8297492Z   ✓  Response KHONG chua key "shipping_address"
Regression: 3 API + 3 lan chay theo du lieu (phai xanh)	Chay Newman - 3 API + 3 lan chay theo du lieu	2026-08-20T08:07:41.8300622Z   ✓  Response KHONG chua key "phone"
Regression: 3 API + 3 lan chay theo du lieu (phai xanh)	Chay Newman - 3 API + 3 lan chay theo du lieu	2026-08-20T08:07:41.8303419Z   ✓  Response co dung 1 key: message
Regression: 3 API + 3 lan chay theo du lieu (phai xanh)	Chay Newman - 3 API + 3 lan chay theo du lieu	2026-08-20T08:07:41.8340544Z 
Regression: 3 API + 3 lan chay theo du lieu (phai xanh)	Chay Newman - 3 API + 3 lan chay theo du lieu	2026-08-20T08:07:41.8341228Z ↳ TC-API1-038 - GET /api/users/me lo password plaintext (SEC-01)
Regression: 3 API + 3 lan chay theo du lieu (phai xanh)	Chay Newman - 3 API + 3 lan chay theo du lieu	2026-08-20T08:07:41.8368073Z   ┌
Regression: 3 API + 3 lan chay theo du lieu (phai xanh)	Chay Newman - 3 API + 3 lan chay theo du lieu	2026-08-20T08:07:41.8369048Z   │ '[X-Student-Id] 23127344 -> GET {{baseUrl}}/api/users/
Regression: 3 API + 3 lan chay theo du lieu (phai xanh)	Chay Newman - 3 API + 3 lan chay theo du lieu	2026-08-20T08:07:41.8369790Z   │ me'
Regression: 3 API + 3 lan chay theo du lieu (phai xanh)	Chay Newman - 3 API + 3 lan chay theo du lieu	2026-08-20T08:07:41.8431190Z   └
Regression: 3 API + 3 lan chay theo du lieu (phai xanh)	Chay Newman - 3 API + 3 lan chay theo du lieu	2026-08-20T08:07:41.8454984Z   GET http://localhost:3000/api/users/me [200 OK, 484B, 2ms]
Regression: 3 API + 3 lan chay theo du lieu (phai xanh)	Chay Newman - 3 API + 3 lan chay theo du lieu	2026-08-20T08:07:41.8487801Z   ✓  [moi request] co header X-Student-Id = 23127344
Regression: 3 API + 3 lan chay theo du lieu (phai xanh)	Chay Newman - 3 API + 3 lan chay theo du lieu	2026-08-20T08:07:41.8520558Z   ✓  [API1] thoi gian phan hoi < 2000ms
Regression: 3 API + 3 lan chay theo du lieu (phai xanh)	Chay Newman - 3 API + 3 lan chay theo du lieu	2026-08-20T08:07:41.8552455Z   ✓  Status 200
Regression: 3 API + 3 lan chay theo du lieu (phai xanh)	Chay Newman - 3 API + 3 lan chay theo du lieu	2026-08-20T08:07:41.8557973Z   ✓  Response lo truong password dang plaintext (SEC-01)
Regression: 3 API + 3 lan chay theo du lieu (phai xanh)	Chay Newman - 3 API + 3 lan chay theo du lieu	2026-08-20T08:07:41.8593428Z 
Regression: 3 API + 3 lan chay theo du lieu (phai xanh)	Chay Newman - 3 API + 3 lan chay theo du lieu	2026-08-20T08:07:41.8594110Z ↳ TC-API1-039 - Ngu nghia ghi-de-toan-bo: bo truong se xoa gia tri cu
Regression: 3 API + 3 lan chay theo du lieu (phai xanh)	Chay Newman - 3 API + 3 lan chay theo du lieu	2026-08-20T08:07:41.8618905Z   ┌
Regression: 3 API + 3 lan chay theo du lieu (phai xanh)	Chay Newman - 3 API + 3 lan chay theo du lieu	2026-08-20T08:07:41.8619873Z   │ '[X-Student-Id] 23127344 -> PUT {{baseUrl}}/api/users/
Regression: 3 API + 3 lan chay theo du lieu (phai xanh)	Chay Newman - 3 API + 3 lan chay theo du lieu	2026-08-20T08:07:41.8620496Z   │ me'
Regression: 3 API + 3 lan chay theo du lieu (phai xanh)	Chay Newman - 3 API + 3 lan chay theo du lieu	2026-08-20T08:07:41.8686584Z   └
Regression: 3 API + 3 lan chay theo du lieu (phai xanh)	Chay Newman - 3 API + 3 lan chay theo du lieu	2026-08-20T08:07:41.8725059Z   PUT http://localhost:3000/api/users/me [200 OK, 296B, 4ms]
Regression: 3 API + 3 lan chay theo du lieu (phai xanh)	Chay Newman - 3 API + 3 lan chay theo du lieu	2026-08-20T08:07:41.8733213Z   ┌
Regression: 3 API + 3 lan chay theo du lieu (phai xanh)	Chay Newman - 3 API + 3 lan chay theo du lieu	2026-08-20T08:07:41.8734085Z   │ '[SETUP] dat shipping_address = SENTINEL-039 (HTTP 200
Regression: 3 API + 3 lan chay theo du lieu (phai xanh)	Chay Newman - 3 API + 3 lan chay theo du lieu	2026-08-20T08:07:41.8734885Z   │ )'
Regression: 3 API + 3 lan chay theo du lieu (phai xanh)	Chay Newman - 3 API + 3 lan chay theo du lieu	2026-08-20T08:07:41.8767221Z   └
Regression: 3 API + 3 lan chay theo du lieu (phai xanh)	Chay Newman - 3 API + 3 lan chay theo du lieu	2026-08-20T08:07:41.8802124Z   PUT http://localhost:3000/api/users/me [200 OK, 296B, 3ms]
Regression: 3 API + 3 lan chay theo du lieu (phai xanh)	Chay Newman - 3 API + 3 lan chay theo du lieu	2026-08-20T08:07:41.8835398Z   ✓  [moi request] co header X-Student-Id = 23127344
Regression: 3 API + 3 lan chay theo du lieu (phai xanh)	Chay Newman - 3 API + 3 lan chay theo du lieu	2026-08-20T08:07:41.8867407Z   ✓  [API1] thoi gian phan hoi < 2000ms
Regression: 3 API + 3 lan chay theo du lieu (phai xanh)	Chay Newman - 3 API + 3 lan chay theo du lieu	2026-08-20T08:07:41.8910267Z   ✓  Status 200
Regression: 3 API + 3 lan chay theo du lieu (phai xanh)	Chay Newman - 3 API + 3 lan chay theo du lieu	2026-08-20T08:07:41.8949053Z   GET http://localhost:3000/api/users/me   GET http://localhost:3000/api/users/me [200 OK, 468B, 2ms]
Regression: 3 API + 3 lan chay theo du lieu (phai xanh)	Chay Newman - 3 API + 3 lan chay theo du lieu	2026-08-20T08:07:41.8957896Z   ✓  GET /api/users/me: shipping_address = null
Regression: 3 API + 3 lan chay theo du lieu (phai xanh)	Chay Newman - 3 API + 3 lan chay theo du lieu	2026-08-20T08:07:41.8964279Z [200 OK, 468B, 3ms]
Regression: 3 API + 3 lan chay theo du lieu (phai xanh)	Chay Newman - 3 API + 3 lan chay theo du lieu	2026-08-20T08:07:41.8973172Z   ✓  GET /api/users/me: name = "Full Replace Test"
Regression: 3 API + 3 lan chay theo du lieu (phai xanh)	Chay Newman - 3 API + 3 lan chay theo du lieu	2026-08-20T08:07:41.9010876Z 
Regression: 3 API + 3 lan chay theo du lieu (phai xanh)	Chay Newman - 3 API + 3 lan chay theo du lieu	2026-08-20T08:07:41.9011596Z ↳ TC-API1-040 - Scheme header khong chuan (Basic) van duoc chap nhan
Regression: 3 API + 3 lan chay theo du lieu (phai xanh)	Chay Newman - 3 API + 3 lan chay theo du lieu	2026-08-20T08:07:41.9039949Z   ┌
Regression: 3 API + 3 lan chay theo du lieu (phai xanh)	Chay Newman - 3 API + 3 lan chay theo du lieu	2026-08-20T08:07:41.9040592Z   │ '[X-Student-Id] 23127344 -> PUT {{baseUrl}}/api/users/
Regression: 3 API + 3 lan chay theo du lieu (phai xanh)	Chay Newman - 3 API + 3 lan chay theo du lieu	2026-08-20T08:07:41.9041187Z   │ me'
Regression: 3 API + 3 lan chay theo du lieu (phai xanh)	Chay Newman - 3 API + 3 lan chay theo du lieu	2026-08-20T08:07:41.9105483Z   └
Regression: 3 API + 3 lan chay theo du lieu (phai xanh)	Chay Newman - 3 API + 3 lan chay theo du lieu	2026-08-20T08:07:41.9141592Z   PUT http://localhost:3000/api/users/me [200 OK, 296B, 3ms]
Regression: 3 API + 3 lan chay theo du lieu (phai xanh)	Chay Newman - 3 API + 3 lan chay theo du lieu	2026-08-20T08:07:41.9174283Z   ✓  [moi request] co header X-Student-Id = 23127344
Regression: 3 API + 3 lan chay theo du lieu (phai xanh)	Chay Newman - 3 API + 3 lan chay theo du lieu	2026-08-20T08:07:41.9204407Z   ✓  [API1] thoi gian phan hoi < 2000ms
Regression: 3 API + 3 lan chay theo du lieu (phai xanh)	Chay Newman - 3 API + 3 lan chay theo du lieu	2026-08-20T08:07:41.9236256Z   ✓  Status 200
Regression: 3 API + 3 lan chay theo du lieu (phai xanh)	Chay Newman - 3 API + 3 lan chay theo du lieu	2026-08-20T08:07:41.9240962Z   ✓  Body JSON khop chinh xac {"message":"Profile updated"}
Regression: 3 API + 3 lan chay theo du lieu (phai xanh)	Chay Newman - 3 API + 3 lan chay theo du lieu	2026-08-20T08:07:41.9269668Z   GET http://localhost:3000/api/users/me [200 OK, 480B, 1ms]
Regression: 3 API + 3 lan chay theo du lieu (phai xanh)	Chay Newman - 3 API + 3 lan chay theo du lieu	2026-08-20T08:07:41.9278147Z   ✓  GET /api/users/me: name = "Basic Scheme Accepted"
Regression: 3 API + 3 lan chay theo du lieu (phai xanh)	Chay Newman - 3 API + 3 lan chay theo du lieu	2026-08-20T08:07:41.9311145Z 
Regression: 3 API + 3 lan chay theo du lieu (phai xanh)	Chay Newman - 3 API + 3 lan chay theo du lieu	2026-08-20T08:07:41.9311632Z ↳ TC-API1-041 - Header Authorization rong -> 403 (khong phai 401)
Regression: 3 API + 3 lan chay theo du lieu (phai xanh)	Chay Newman - 3 API + 3 lan chay theo du lieu	2026-08-20T08:07:41.9337608Z   ┌
Regression: 3 API + 3 lan chay theo du lieu (phai xanh)	Chay Newman - 3 API + 3 lan chay theo du lieu	2026-08-20T08:07:41.9338318Z   │ '[X-Student-Id] 23127344 -> PUT {{baseUrl}}/api/users/
Regression: 3 API + 3 lan chay theo du lieu (phai xanh)	Chay Newman - 3 API + 3 lan chay theo du lieu	2026-08-20T08:07:41.9339248Z   │ me'
Regression: 3 API + 3 lan chay theo du lieu (phai xanh)	Chay Newman - 3 API + 3 lan chay theo du lieu	2026-08-20T08:07:41.9398025Z   └
Regression: 3 API + 3 lan chay theo du lieu (phai xanh)	Chay Newman - 3 API + 3 lan chay theo du lieu	2026-08-20T08:07:41.9415338Z   PUT http://localhost:3000/api/users/me [403 Forbidden, 295B, 2ms]
Regression: 3 API + 3 lan chay theo du lieu (phai xanh)	Chay Newman - 3 API + 3 lan chay theo du lieu	2026-08-20T08:07:41.9446017Z   ✓  [moi request] co header X-Student-Id = 23127344
Regression: 3 API + 3 lan chay theo du lieu (phai xanh)	Chay Newman - 3 API + 3 lan chay theo du lieu	2026-08-20T08:07:41.9476517Z   ✓  [API1] thoi gian phan hoi < 2000ms
Regression: 3 API + 3 lan chay theo du lieu (phai xanh)	Chay Newman - 3 API + 3 lan chay theo du lieu	2026-08-20T08:07:41.9509516Z   ✓  Status 403
Regression: 3 API + 3 lan chay theo du lieu (phai xanh)	Chay Newman - 3 API + 3 lan chay theo du lieu	2026-08-20T08:07:41.9512776Z   ✓  Body JSON khop chinh xac {"error":"Forbidden"}
Regression: 3 API + 3 lan chay theo du lieu (phai xanh)	Chay Newman - 3 API + 3 lan chay theo du lieu	2026-08-20T08:07:41.9560968Z 
Regression: 3 API + 3 lan chay theo du lieu (phai xanh)	Chay Newman - 3 API + 3 lan chay theo du lieu	2026-08-20T08:07:41.9561947Z ↳ TC-API1-042 - Token mang claim role cu sau khi leo thang (phan ky token/DB)
Regression: 3 API + 3 lan chay theo du lieu (phai xanh)	Chay Newman - 3 API + 3 lan chay theo du lieu	2026-08-20T08:07:41.9587385Z   ┌
Regression: 3 API + 3 lan chay theo du lieu (phai xanh)	Chay Newman - 3 API + 3 lan chay theo du lieu	2026-08-20T08:07:41.9588021Z   │ '[X-Student-Id] 23127344 -> PUT {{baseUrl}}/api/users/
Regression: 3 API + 3 lan chay theo du lieu (phai xanh)	Chay Newman - 3 API + 3 lan chay theo du lieu	2026-08-20T08:07:41.9588944Z   │ me'
Regression: 3 API + 3 lan chay theo du lieu (phai xanh)	Chay Newman - 3 API + 3 lan chay theo du lieu	2026-08-20T08:07:41.9641433Z   └
Regression: 3 API + 3 lan chay theo du lieu (phai xanh)	Chay Newman - 3 API + 3 lan chay theo du lieu	2026-08-20T08:07:41.9677646Z   PUT http://localhost:3000/api/users/me [200 OK, 296B, 3ms]
Regression: 3 API + 3 lan chay theo du lieu (phai xanh)	Chay Newman - 3 API + 3 lan chay theo du lieu	2026-08-20T08:07:41.9711332Z   ✓  [moi request] co header X-Student-Id = 23127344
Regression: 3 API + 3 lan chay theo du lieu (phai xanh)	Chay Newman - 3 API + 3 lan chay theo du lieu	2026-08-20T08:07:41.9742305Z   ✓  [API1] thoi gian phan hoi < 2000ms
Regression: 3 API + 3 lan chay theo du lieu (phai xanh)	Chay Newman - 3 API + 3 lan chay theo du lieu	2026-08-20T08:07:41.9780771Z   ✓  Status 200
Regression: 3 API + 3 lan chay theo du lieu (phai xanh)	Chay Newman - 3 API + 3 lan chay theo du lieu	2026-08-20T08:07:41.9791142Z   ┌
Regression: 3 API + 3 lan chay theo du lieu (phai xanh)	Chay Newman - 3 API + 3 lan chay theo du lieu	2026-08-20T08:07:41.9791945Z   │ '[TC-042] claim trong token: {"id":2,"role":"user","ia
Regression: 3 API + 3 lan chay theo du lieu (phai xanh)	Chay Newman - 3 API + 3 lan chay theo du lieu	2026-08-20T08:07:41.9792819Z   │ t":1787213260} | role trong DB: admin'
Regression: 3 API + 3 lan chay theo du lieu (phai xanh)	Chay Newman - 3 API + 3 lan chay theo du lieu	2026-08-20T08:07:41.9793467Z   └
Regression: 3 API + 3 lan chay theo du lieu (phai xanh)	Chay Newman - 3 API + 3 lan chay theo du lieu	2026-08-20T08:07:41.9794221Z   ✓  Token dang dung van claim role="user" du DB da la admin (phan ky)
Regression: 3 API + 3 lan chay theo du lieu (phai xanh)	Chay Newman - 3 API + 3 lan chay theo du lieu	2026-08-20T08:07:41.9842474Z   GET http://localhost:3000/api/users/me   GET http://localhost:3000/api/users/me [200 OK, 472B, 3ms]
Regression: 3 API + 3 lan chay theo du lieu (phai xanh)	Chay Newman - 3 API + 3 lan chay theo du lieu	2026-08-20T08:07:41.9846318Z   ✓  GET /api/users/me: role = "admin"
Regression: 3 API + 3 lan chay theo du lieu (phai xanh)	Chay Newman - 3 API + 3 lan chay theo du lieu	2026-08-20T08:07:41.9855552Z [200 OK, 472B, 4ms]
Regression: 3 API + 3 lan chay theo du lieu (phai xanh)	Chay Newman - 3 API + 3 lan chay theo du lieu	2026-08-20T08:07:41.9901007Z   PUT http://localhost:3000/api/users/me [200 OK, 296B, 2ms]
Regression: 3 API + 3 lan chay theo du lieu (phai xanh)	Chay Newman - 3 API + 3 lan chay theo du lieu	2026-08-20T08:07:41.9907685Z   ✓  GET /api/users/me: role = "admin" roi tra role ve "user"
Regression: 3 API + 3 lan chay theo du lieu (phai xanh)	Chay Newman - 3 API + 3 lan chay theo du lieu	2026-08-20T08:07:41.9944877Z 
Regression: 3 API + 3 lan chay theo du lieu (phai xanh)	Chay Newman - 3 API + 3 lan chay theo du lieu	2026-08-20T08:07:41.9945674Z ↳ A1-E01 - [TU BO SUNG] JSON sai cu phap -> 400 dang HTML, khong phai JSON
Regression: 3 API + 3 lan chay theo du lieu (phai xanh)	Chay Newman - 3 API + 3 lan chay theo du lieu	2026-08-20T08:07:41.9971917Z   ┌
Regression: 3 API + 3 lan chay theo du lieu (phai xanh)	Chay Newman - 3 API + 3 lan chay theo du lieu	2026-08-20T08:07:41.9972549Z   │ '[X-Student-Id] 23127344 -> PUT {{baseUrl}}/api/users/
Regression: 3 API + 3 lan chay theo du lieu (phai xanh)	Chay Newman - 3 API + 3 lan chay theo du lieu	2026-08-20T08:07:41.9973200Z   │ me'
Regression: 3 API + 3 lan chay theo du lieu (phai xanh)	Chay Newman - 3 API + 3 lan chay theo du lieu	2026-08-20T08:07:42.0038043Z   └
Regression: 3 API + 3 lan chay theo du lieu (phai xanh)	Chay Newman - 3 API + 3 lan chay theo du lieu	2026-08-20T08:07:42.0072462Z   PUT http://localhost:3000/api/users/me [400 Bad Request, 1.52kB, 3ms]
Regression: 3 API + 3 lan chay theo du lieu (phai xanh)	Chay Newman - 3 API + 3 lan chay theo du lieu	2026-08-20T08:07:42.0110469Z   ✓  [moi request] co header X-Student-Id = 23127344
Regression: 3 API + 3 lan chay theo du lieu (phai xanh)	Chay Newman - 3 API + 3 lan chay theo du lieu	2026-08-20T08:07:42.0145312Z   ✓  [API1] thoi gian phan hoi < 2000ms
Regression: 3 API + 3 lan chay theo du lieu (phai xanh)	Chay Newman - 3 API + 3 lan chay theo du lieu	2026-08-20T08:07:42.0186419Z   ✓  Status 400
Regression: 3 API + 3 lan chay theo du lieu (phai xanh)	Chay Newman - 3 API + 3 lan chay theo du lieu	2026-08-20T08:07:42.0200882Z   ✓  Body la HTML, KHONG phai JSON co key error
Regression: 3 API + 3 lan chay theo du lieu (phai xanh)	Chay Newman - 3 API + 3 lan chay theo du lieu	2026-08-20T08:07:42.0253278Z 
Regression: 3 API + 3 lan chay theo du lieu (phai xanh)	Chay Newman - 3 API + 3 lan chay theo du lieu	2026-08-20T08:07:42.0253951Z ↳ A1-E02 - [TU BO SUNG] Khong gui body -> 500 dang HTML
Regression: 3 API + 3 lan chay theo du lieu (phai xanh)	Chay Newman - 3 API + 3 lan chay theo du lieu	2026-08-20T08:07:42.0281989Z   ┌
Regression: 3 API + 3 lan chay theo du lieu (phai xanh)	Chay Newman - 3 API + 3 lan chay theo du lieu	2026-08-20T08:07:42.0282595Z   │ '[X-Student-Id] 23127344 -> PUT {{baseUrl}}/api/users/
Regression: 3 API + 3 lan chay theo du lieu (phai xanh)	Chay Newman - 3 API + 3 lan chay theo du lieu	2026-08-20T08:07:42.0283204Z   │ me'
Regression: 3 API + 3 lan chay theo du lieu (phai xanh)	Chay Newman - 3 API + 3 lan chay theo du lieu	2026-08-20T08:07:42.0335739Z   └
Regression: 3 API + 3 lan chay theo du lieu (phai xanh)	Chay Newman - 3 API + 3 lan chay theo du lieu	2026-08-20T08:07:42.0365108Z   PUT http://localhost:3000/api/users/me [500 Internal Server Error, 1.75kB, 3ms]
Regression: 3 API + 3 lan chay theo du lieu (phai xanh)	Chay Newman - 3 API + 3 lan chay theo du lieu	2026-08-20T08:07:42.0397042Z   ✓  [moi request] co header X-Student-Id = 23127344
Regression: 3 API + 3 lan chay theo du lieu (phai xanh)	Chay Newman - 3 API + 3 lan chay theo du lieu	2026-08-20T08:07:42.0428984Z   ✓  [API1] thoi gian phan hoi < 2000ms
Regression: 3 API + 3 lan chay theo du lieu (phai xanh)	Chay Newman - 3 API + 3 lan chay theo du lieu	2026-08-20T08:07:42.0462699Z   ✓  Status 500
Regression: 3 API + 3 lan chay theo du lieu (phai xanh)	Chay Newman - 3 API + 3 lan chay theo du lieu	2026-08-20T08:07:42.0467603Z   ✓  Body la HTML, KHONG phai JSON co key error
Regression: 3 API + 3 lan chay theo du lieu (phai xanh)	Chay Newman - 3 API + 3 lan chay theo du lieu	2026-08-20T08:07:42.0502515Z 
Regression: 3 API + 3 lan chay theo du lieu (phai xanh)	Chay Newman - 3 API + 3 lan chay theo du lieu	2026-08-20T08:07:42.0503284Z ↳ A1-E03 - [TU BO SUNG] Mao danh id co that de sua ho so nguoi khac (IDOR)
Regression: 3 API + 3 lan chay theo du lieu (phai xanh)	Chay Newman - 3 API + 3 lan chay theo du lieu	2026-08-20T08:07:42.0528872Z   ┌
Regression: 3 API + 3 lan chay theo du lieu (phai xanh)	Chay Newman - 3 API + 3 lan chay theo du lieu	2026-08-20T08:07:42.0531077Z   │ '[X-Student-Id] 23127344 -> PUT {{baseUrl}}/api/users/
Regression: 3 API + 3 lan chay theo du lieu (phai xanh)	Chay Newman - 3 API + 3 lan chay theo du lieu	2026-08-20T08:07:42.0531825Z   │ me'
Regression: 3 API + 3 lan chay theo du lieu (phai xanh)	Chay Newman - 3 API + 3 lan chay theo du lieu	2026-08-20T08:07:42.0593263Z   └
Regression: 3 API + 3 lan chay theo du lieu (phai xanh)	Chay Newman - 3 API + 3 lan chay theo du lieu	2026-08-20T08:07:42.0631483Z   PUT http://localhost:3000/api/users/me [200 OK, 296B, 3ms]
Regression: 3 API + 3 lan chay theo du lieu (phai xanh)	Chay Newman - 3 API + 3 lan chay theo du lieu	2026-08-20T08:07:42.0669425Z   ✓  [moi request] co header X-Student-Id = 23127344
Regression: 3 API + 3 lan chay theo du lieu (phai xanh)	Chay Newman - 3 API + 3 lan chay theo du lieu	2026-08-20T08:07:42.0703358Z   ✓  [API1] thoi gian phan hoi < 2000ms
Regression: 3 API + 3 lan chay theo du lieu (phai xanh)	Chay Newman - 3 API + 3 lan chay theo du lieu	2026-08-20T08:07:42.0738360Z   ✓  Status 200
Regression: 3 API + 3 lan chay theo du lieu (phai xanh)	Chay Newman - 3 API + 3 lan chay theo du lieu	2026-08-20T08:07:42.0742106Z   ✓  Body JSON khop chinh xac {"message":"Profile updated"}
Regression: 3 API + 3 lan chay theo du lieu (phai xanh)	Chay Newman - 3 API + 3 lan chay theo du lieu	2026-08-20T08:07:42.0787399Z   GET http://localhost:3000/api/users/me   PUT http://localhost:3000/api/users/me [200 OK, 468B, 3ms]
Regression: 3 API + 3 lan chay theo du lieu (phai xanh)	Chay Newman - 3 API + 3 lan chay theo du lieu	2026-08-20T08:07:42.0799130Z   ✓  GET /api/users/me: name = "HACKED BY A1-E03"
Regression: 3 API + 3 lan chay theo du lieu (phai xanh)	Chay Newman - 3 API + 3 lan chay theo du lieu	2026-08-20T08:07:42.0809250Z [200 OK, 296B, 4ms]
Regression: 3 API + 3 lan chay theo du lieu (phai xanh)	Chay Newman - 3 API + 3 lan chay theo du lieu	2026-08-20T08:07:42.0813249Z   ✓  [cleanup] tra ten admin ve gia tri seed
Regression: 3 API + 3 lan chay theo du lieu (phai xanh)	Chay Newman - 3 API + 3 lan chay theo du lieu	2026-08-20T08:07:42.0842766Z 
Regression: 3 API + 3 lan chay theo du lieu (phai xanh)	Chay Newman - 3 API + 3 lan chay theo du lieu	2026-08-20T08:07:42.0843475Z ↳ A1-E04 - [TU BO SUNG] Chuoi leo thang day du: nang quyen -> dang nhap lai -> token moi mang role admin
Regression: 3 API + 3 lan chay theo du lieu (phai xanh)	Chay Newman - 3 API + 3 lan chay theo du lieu	2026-08-20T08:07:42.0865069Z   ┌
Regression: 3 API + 3 lan chay theo du lieu (phai xanh)	Chay Newman - 3 API + 3 lan chay theo du lieu	2026-08-20T08:07:42.0865566Z   │ '[X-Student-Id] 23127344 -> PUT {{baseUrl}}/api/users/
Regression: 3 API + 3 lan chay theo du lieu (phai xanh)	Chay Newman - 3 API + 3 lan chay theo du lieu	2026-08-20T08:07:42.0866248Z   │ me'
Regression: 3 API + 3 lan chay theo du lieu (phai xanh)	Chay Newman - 3 API + 3 lan chay theo du lieu	2026-08-20T08:07:42.0931317Z   └
Regression: 3 API + 3 lan chay theo du lieu (phai xanh)	Chay Newman - 3 API + 3 lan chay theo du lieu	2026-08-20T08:07:42.0967071Z   PUT http://localhost:3000/api/users/me [200 OK, 296B, 3ms]
Regression: 3 API + 3 lan chay theo du lieu (phai xanh)	Chay Newman - 3 API + 3 lan chay theo du lieu	2026-08-20T08:07:42.1000639Z   ✓  [moi request] co header X-Student-Id = 23127344
Regression: 3 API + 3 lan chay theo du lieu (phai xanh)	Chay Newman - 3 API + 3 lan chay theo du lieu	2026-08-20T08:07:42.1046420Z   ✓  [API1] thoi gian phan hoi < 2000ms
Regression: 3 API + 3 lan chay theo du lieu (phai xanh)	Chay Newman - 3 API + 3 lan chay theo du lieu	2026-08-20T08:07:42.1081029Z   ✓  Status 200
Regression: 3 API + 3 lan chay theo du lieu (phai xanh)	Chay Newman - 3 API + 3 lan chay theo du lieu	2026-08-20T08:07:42.1137604Z   GET http://localhost:3000/api/users/me   GET http://localhost:3000/api/admin/users [200 OK, 683B, 2ms]
Regression: 3 API + 3 lan chay theo du lieu (phai xanh)	Chay Newman - 3 API + 3 lan chay theo du lieu	2026-08-20T08:07:42.1143567Z   ✓  SEC-03 rieng: GET /api/admin/users khong kiem role nen token role=user van doc duoc
Regression: 3 API + 3 lan chay theo du lieu (phai xanh)	Chay Newman - 3 API + 3 lan chay theo du lieu	2026-08-20T08:07:42.1150891Z [200 OK, 472B, 5ms]
Regression: 3 API + 3 lan chay theo du lieu (phai xanh)	Chay Newman - 3 API + 3 lan chay theo du lieu	2026-08-20T08:07:42.1201959Z   POST http://localhost:3000/api/login [200 OK, 657B, 2ms]
Regression: 3 API + 3 lan chay theo du lieu (phai xanh)	Chay Newman - 3 API + 3 lan chay theo du lieu	2026-08-20T08:07:42.1215631Z   ┌
Regression: 3 API + 3 lan chay theo du lieu (phai xanh)	Chay Newman - 3 API + 3 lan chay theo du lieu	2026-08-20T08:07:42.1216895Z   │ '[A1-E04] token moi sau leo thang: {"id":2,"role":"adm
Regression: 3 API + 3 lan chay theo du lieu (phai xanh)	Chay Newman - 3 API + 3 lan chay theo du lieu	2026-08-20T08:07:42.1217991Z   │ in","iat":1787213262}'
Regression: 3 API + 3 lan chay theo du lieu (phai xanh)	Chay Newman - 3 API + 3 lan chay theo du lieu	2026-08-20T08:07:42.1231469Z   └
Regression: 3 API + 3 lan chay theo du lieu (phai xanh)	Chay Newman - 3 API + 3 lan chay theo du lieu	2026-08-20T08:07:42.1266677Z   PUT http://localhost:3000/api/users/me [200 OK, 296B, 3ms]
Regression: 3 API + 3 lan chay theo du lieu (phai xanh)	Chay Newman - 3 API + 3 lan chay theo du lieu	2026-08-20T08:07:42.1277352Z   ✓  Chuoi leo thang: DB=admin -> dang nhap lai nhan token claim admin -> tra role ve user
Regression: 3 API + 3 lan chay theo du lieu (phai xanh)	Chay Newman - 3 API + 3 lan chay theo du lieu	2026-08-20T08:07:42.1312469Z 
Regression: 3 API + 3 lan chay theo du lieu (phai xanh)	Chay Newman - 3 API + 3 lan chay theo du lieu	2026-08-20T08:07:42.1312975Z ↳ A1-E05 - [TU BO SUNG] Kiem chung DONG rang email khong sua duoc
Regression: 3 API + 3 lan chay theo du lieu (phai xanh)	Chay Newman - 3 API + 3 lan chay theo du lieu	2026-08-20T08:07:42.1339808Z   ┌
Regression: 3 API + 3 lan chay theo du lieu (phai xanh)	Chay Newman - 3 API + 3 lan chay theo du lieu	2026-08-20T08:07:42.1340302Z   │ '[X-Student-Id] 23127344 -> PUT {{baseUrl}}/api/users/
Regression: 3 API + 3 lan chay theo du lieu (phai xanh)	Chay Newman - 3 API + 3 lan chay theo du lieu	2026-08-20T08:07:42.1340964Z   │ me'
Regression: 3 API + 3 lan chay theo du lieu (phai xanh)	Chay Newman - 3 API + 3 lan chay theo du lieu	2026-08-20T08:07:42.1395811Z   └
Regression: 3 API + 3 lan chay theo du lieu (phai xanh)	Chay Newman - 3 API + 3 lan chay theo du lieu	2026-08-20T08:07:42.1435933Z   PUT http://localhost:3000/api/users/me [200 OK, 296B, 4ms]
Regression: 3 API + 3 lan chay theo du lieu (phai xanh)	Chay Newman - 3 API + 3 lan chay theo du lieu	2026-08-20T08:07:42.1468360Z   ✓  [moi request] co header X-Student-Id = 23127344
Regression: 3 API + 3 lan chay theo du lieu (phai xanh)	Chay Newman - 3 API + 3 lan chay theo du lieu	2026-08-20T08:07:42.1500565Z   ✓  [API1] thoi gian phan hoi < 2000ms
Regression: 3 API + 3 lan chay theo du lieu (phai xanh)	Chay Newman - 3 API + 3 lan chay theo du lieu	2026-08-20T08:07:42.1534265Z   ✓  Status 200
Regression: 3 API + 3 lan chay theo du lieu (phai xanh)	Chay Newman - 3 API + 3 lan chay theo du lieu	2026-08-20T08:07:42.1537432Z   ✓  Body JSON khop chinh xac {"message":"Profile updated"}
Regression: 3 API + 3 lan chay theo du lieu (phai xanh)	Chay Newman - 3 API + 3 lan chay theo du lieu	2026-08-20T08:07:42.1577412Z   GET http://localhost:3000/api/users/me [200 OK, 471B, 2ms]
Regression: 3 API + 3 lan chay theo du lieu (phai xanh)	Chay Newman - 3 API + 3 lan chay theo du lieu	2026-08-20T08:07:42.1586082Z   ✓  GET /api/users/me: email KHONG doi
Regression: 3 API + 3 lan chay theo du lieu (phai xanh)	Chay Newman - 3 API + 3 lan chay theo du lieu	2026-08-20T08:07:42.1612110Z 
Regression: 3 API + 3 lan chay theo du lieu (phai xanh)	Chay Newman - 3 API + 3 lan chay theo du lieu	2026-08-20T08:07:42.1612612Z ❏ 99 - Teardown (don du lieu de chay lai duoc)
Regression: 3 API + 3 lan chay theo du lieu (phai xanh)	Chay Newman - 3 API + 3 lan chay theo du lieu	2026-08-20T08:07:42.1613411Z ↳ TEARDOWN-01 - Xoa toan bo coupon do suite tao ra
Regression: 3 API + 3 lan chay theo du lieu (phai xanh)	Chay Newman - 3 API + 3 lan chay theo du lieu	2026-08-20T08:07:42.1638042Z   ┌
Regression: 3 API + 3 lan chay theo du lieu (phai xanh)	Chay Newman - 3 API + 3 lan chay theo du lieu	2026-08-20T08:07:42.1638883Z   │ '[X-Student-Id] 23127344 -> GET {{baseUrl}}/api/coupon
Regression: 3 API + 3 lan chay theo du lieu (phai xanh)	Chay Newman - 3 API + 3 lan chay theo du lieu	2026-08-20T08:07:42.1639485Z   │ s'
Regression: 3 API + 3 lan chay theo du lieu (phai xanh)	Chay Newman - 3 API + 3 lan chay theo du lieu	2026-08-20T08:07:42.1675762Z   └
Regression: 3 API + 3 lan chay theo du lieu (phai xanh)	Chay Newman - 3 API + 3 lan chay theo du lieu	2026-08-20T08:07:42.1697466Z   GET http://localhost:3000/api/coupons [200 OK, 874B, 2ms]
Regression: 3 API + 3 lan chay theo du lieu (phai xanh)	Chay Newman - 3 API + 3 lan chay theo du lieu	2026-08-20T08:07:42.1728773Z   ✓  [moi request] co header X-Student-Id = 23127344
Regression: 3 API + 3 lan chay theo du lieu (phai xanh)	Chay Newman - 3 API + 3 lan chay theo du lieu	2026-08-20T08:07:42.1760138Z   ┌
Regression: 3 API + 3 lan chay theo du lieu (phai xanh)	Chay Newman - 3 API + 3 lan chay theo du lieu	2026-08-20T08:07:42.1760754Z   │ '[TEARDOWN] se xoa 0 coupon do suite tao: []'
Regression: 3 API + 3 lan chay theo du lieu (phai xanh)	Chay Newman - 3 API + 3 lan chay theo du lieu	2026-08-20T08:07:42.1763886Z   └
Regression: 3 API + 3 lan chay theo du lieu (phai xanh)	Chay Newman - 3 API + 3 lan chay theo du lieu	2026-08-20T08:07:42.1764423Z   ✓  Xoa het coupon do suite tao ra
Regression: 3 API + 3 lan chay theo du lieu (phai xanh)	Chay Newman - 3 API + 3 lan chay theo du lieu	2026-08-20T08:07:42.1817689Z   PUT http://localhost:3000/api/users/me [200 OK, 296B, 3ms]
Regression: 3 API + 3 lan chay theo du lieu (phai xanh)	Chay Newman - 3 API + 3 lan chay theo du lieu	2026-08-20T08:07:42.1825238Z   ✓  Dua profile user A ve trang thai seed (role=user)
Regression: 3 API + 3 lan chay theo du lieu (phai xanh)	Chay Newman - 3 API + 3 lan chay theo du lieu	2026-08-20T08:07:42.3925411Z 
Regression: 3 API + 3 lan chay theo du lieu (phai xanh)	Chay Newman - 3 API + 3 lan chay theo du lieu	2026-08-20T08:07:42.3928019Z ┌─────────────────────────┬─────────────────┬─────────────────┐
Regression: 3 API + 3 lan chay theo du lieu (phai xanh)	Chay Newman - 3 API + 3 lan chay theo du lieu	2026-08-20T08:07:42.3929482Z │                         │        executed │          failed │
Regression: 3 API + 3 lan chay theo du lieu (phai xanh)	Chay Newman - 3 API + 3 lan chay theo du lieu	2026-08-20T08:07:42.3930541Z ├─────────────────────────┼─────────────────┼─────────────────┤
Regression: 3 API + 3 lan chay theo du lieu (phai xanh)	Chay Newman - 3 API + 3 lan chay theo du lieu	2026-08-20T08:07:42.3931450Z │              iterations │               1 │               0 │
Regression: 3 API + 3 lan chay theo du lieu (phai xanh)	Chay Newman - 3 API + 3 lan chay theo du lieu	2026-08-20T08:07:42.3932422Z ├─────────────────────────┼─────────────────┼─────────────────┤
Regression: 3 API + 3 lan chay theo du lieu (phai xanh)	Chay Newman - 3 API + 3 lan chay theo du lieu	2026-08-20T08:07:42.3933309Z │                requests │             102 │               0 │
Regression: 3 API + 3 lan chay theo du lieu (phai xanh)	Chay Newman - 3 API + 3 lan chay theo du lieu	2026-08-20T08:07:42.3934273Z ├─────────────────────────┼─────────────────┼─────────────────┤
Regression: 3 API + 3 lan chay theo du lieu (phai xanh)	Chay Newman - 3 API + 3 lan chay theo du lieu	2026-08-20T08:07:42.3935155Z │            test-scripts │             150 │               0 │
Regression: 3 API + 3 lan chay theo du lieu (phai xanh)	Chay Newman - 3 API + 3 lan chay theo du lieu	2026-08-20T08:07:42.3936123Z ├─────────────────────────┼─────────────────┼─────────────────┤
Regression: 3 API + 3 lan chay theo du lieu (phai xanh)	Chay Newman - 3 API + 3 lan chay theo du lieu	2026-08-20T08:07:42.3937108Z │      prerequest-scripts │             100 │               0 │
Regression: 3 API + 3 lan chay theo du lieu (phai xanh)	Chay Newman - 3 API + 3 lan chay theo du lieu	2026-08-20T08:07:42.3938140Z ├─────────────────────────┼─────────────────┼─────────────────┤
Regression: 3 API + 3 lan chay theo du lieu (phai xanh)	Chay Newman - 3 API + 3 lan chay theo du lieu	2026-08-20T08:07:42.3939307Z │              assertions │             224 │               0 │
Regression: 3 API + 3 lan chay theo du lieu (phai xanh)	Chay Newman - 3 API + 3 lan chay theo du lieu	2026-08-20T08:07:42.3940303Z ├─────────────────────────┴─────────────────┴─────────────────┤
Regression: 3 API + 3 lan chay theo du lieu (phai xanh)	Chay Newman - 3 API + 3 lan chay theo du lieu	2026-08-20T08:07:42.3941225Z │ total run duration: 1920ms                                  │
Regression: 3 API + 3 lan chay theo du lieu (phai xanh)	Chay Newman - 3 API + 3 lan chay theo du lieu	2026-08-20T08:07:42.3942244Z ├─────────────────────────────────────────────────────────────┤
Regression: 3 API + 3 lan chay theo du lieu (phai xanh)	Chay Newman - 3 API + 3 lan chay theo du lieu	2026-08-20T08:07:42.3943190Z │ total data received: 15.92kB (approx)                       │
Regression: 3 API + 3 lan chay theo du lieu (phai xanh)	Chay Newman - 3 API + 3 lan chay theo du lieu	2026-08-20T08:07:42.3944195Z ├─────────────────────────────────────────────────────────────┤
Regression: 3 API + 3 lan chay theo du lieu (phai xanh)	Chay Newman - 3 API + 3 lan chay theo du lieu	2026-08-20T08:07:42.3945138Z │ average response time: 3ms [min: 1ms, max: 25ms, s.d.: 3ms] │
Regression: 3 API + 3 lan chay theo du lieu (phai xanh)	Chay Newman - 3 API + 3 lan chay theo du lieu	2026-08-20T08:07:42.3946157Z └─────────────────────────────────────────────────────────────┘
Regression: 3 API + 3 lan chay theo du lieu (phai xanh)	Chay Newman - 3 API + 3 lan chay theo du lieu	2026-08-20T08:07:42.4204086Z [run_newman] api1 ket thuc voi ma thoat 0
Regression: 3 API + 3 lan chay theo du lieu (phai xanh)	Chay Newman - 3 API + 3 lan chay theo du lieu	2026-08-20T08:07:42.4204435Z 
Regression: 3 API + 3 lan chay theo du lieu (phai xanh)	Chay Newman - 3 API + 3 lan chay theo du lieu	2026-08-20T08:07:42.4204703Z ==============================================================
Regression: 3 API + 3 lan chay theo du lieu (phai xanh)	Chay Newman - 3 API + 3 lan chay theo du lieu	2026-08-20T08:07:42.4205409Z  api2  |  API2 - PUT /api/orders/:id/cancel (Pool B / FR-10)
Regression: 3 API + 3 lan chay theo du lieu (phai xanh)	Chay Newman - 3 API + 3 lan chay theo du lieu	2026-08-20T08:07:42.4206608Z ==============================================================
Regression: 3 API + 3 lan chay theo du lieu (phai xanh)	Chay Newman - 3 API + 3 lan chay theo du lieu	2026-08-20T08:07:42.4466492Z [reset_db] reset DB tai: /home/runner/work/_temp/sut/hw3/docs/eshop-sut/backend
Regression: 3 API + 3 lan chay theo du lieu (phai xanh)	Chay Newman - 3 API + 3 lan chay theo du lieu	2026-08-20T08:07:42.7751685Z [reset_db] OK sau 1 lan kiem tra: user A role=user, 4 coupon seed, 0 don hang.
Regression: 3 API + 3 lan chay theo du lieu (phai xanh)	Chay Newman - 3 API + 3 lan chay theo du lieu	2026-08-20T08:07:43.8043260Z HW06 - EShop API Testing (23127344)
Regression: 3 API + 3 lan chay theo du lieu (phai xanh)	Chay Newman - 3 API + 3 lan chay theo du lieu	2026-08-20T08:07:43.8059864Z 
Regression: 3 API + 3 lan chay theo du lieu (phai xanh)	Chay Newman - 3 API + 3 lan chay theo du lieu	2026-08-20T08:07:43.8062016Z ❏ 00 - Setup (dang nhap, tao user B, tu ky token gia mao)
Regression: 3 API + 3 lan chay theo du lieu (phai xanh)	Chay Newman - 3 API + 3 lan chay theo du lieu	2026-08-20T08:07:43.8062592Z ↳ SETUP-01 - Dang nhap admin -> tokenAdmin
Regression: 3 API + 3 lan chay theo du lieu (phai xanh)	Chay Newman - 3 API + 3 lan chay theo du lieu	2026-08-20T08:07:43.8211761Z   ┌
Regression: 3 API + 3 lan chay theo du lieu (phai xanh)	Chay Newman - 3 API + 3 lan chay theo du lieu	2026-08-20T08:07:43.8213770Z   │ '[X-Student-Id] 23127344 -> POST {{baseUrl}}/api/login
Regression: 3 API + 3 lan chay theo du lieu (phai xanh)	Chay Newman - 3 API + 3 lan chay theo du lieu	2026-08-20T08:07:43.8214261Z   │ '
Regression: 3 API + 3 lan chay theo du lieu (phai xanh)	Chay Newman - 3 API + 3 lan chay theo du lieu	2026-08-20T08:07:43.8360362Z   └
Regression: 3 API + 3 lan chay theo du lieu (phai xanh)	Chay Newman - 3 API + 3 lan chay theo du lieu	2026-08-20T08:07:43.8734869Z   POST http://localhost:3000/api/login [200 OK, 640B, 35ms]
Regression: 3 API + 3 lan chay theo du lieu (phai xanh)	Chay Newman - 3 API + 3 lan chay theo du lieu	2026-08-20T08:07:43.8890662Z   ✓  [moi request] co header X-Student-Id = 23127344
Regression: 3 API + 3 lan chay theo du lieu (phai xanh)	Chay Newman - 3 API + 3 lan chay theo du lieu	2026-08-20T08:07:43.8976965Z   ✓  Dang nhap admin thanh cong
Regression: 3 API + 3 lan chay theo du lieu (phai xanh)	Chay Newman - 3 API + 3 lan chay theo du lieu	2026-08-20T08:07:43.8984375Z   ┌
Regression: 3 API + 3 lan chay theo du lieu (phai xanh)	Chay Newman - 3 API + 3 lan chay theo du lieu	2026-08-20T08:07:43.8986978Z   │ '[SETUP] tokenAdmin da luu, admin id=1'
Regression: 3 API + 3 lan chay theo du lieu (phai xanh)	Chay Newman - 3 API + 3 lan chay theo du lieu	2026-08-20T08:07:43.9038582Z   └
Regression: 3 API + 3 lan chay theo du lieu (phai xanh)	Chay Newman - 3 API + 3 lan chay theo du lieu	2026-08-20T08:07:43.9038816Z 
Regression: 3 API + 3 lan chay theo du lieu (phai xanh)	Chay Newman - 3 API + 3 lan chay theo du lieu	2026-08-20T08:07:43.9039473Z ↳ SETUP-02 - Dang nhap user A -> tokenUser
Regression: 3 API + 3 lan chay theo du lieu (phai xanh)	Chay Newman - 3 API + 3 lan chay theo du lieu	2026-08-20T08:07:43.9107598Z   ┌
Regression: 3 API + 3 lan chay theo du lieu (phai xanh)	Chay Newman - 3 API + 3 lan chay theo du lieu	2026-08-20T08:07:43.9108416Z   │ '[X-Student-Id] 23127344 -> POST {{baseUrl}}/api/login
Regression: 3 API + 3 lan chay theo du lieu (phai xanh)	Chay Newman - 3 API + 3 lan chay theo du lieu	2026-08-20T08:07:43.9109388Z   │ '
Regression: 3 API + 3 lan chay theo du lieu (phai xanh)	Chay Newman - 3 API + 3 lan chay theo du lieu	2026-08-20T08:07:43.9159462Z   └
Regression: 3 API + 3 lan chay theo du lieu (phai xanh)	Chay Newman - 3 API + 3 lan chay theo du lieu	2026-08-20T08:07:43.9213331Z   POST http://localhost:3000/api/login [200 OK, 635B, 5ms]
Regression: 3 API + 3 lan chay theo du lieu (phai xanh)	Chay Newman - 3 API + 3 lan chay theo du lieu	2026-08-20T08:07:43.9270119Z   ✓  [moi request] co header X-Student-Id = 23127344
Regression: 3 API + 3 lan chay theo du lieu (phai xanh)	Chay Newman - 3 API + 3 lan chay theo du lieu	2026-08-20T08:07:43.9335065Z   ✓  Dang nhap user A thanh cong
Regression: 3 API + 3 lan chay theo du lieu (phai xanh)	Chay Newman - 3 API + 3 lan chay theo du lieu	2026-08-20T08:07:43.9344219Z   ┌
Regression: 3 API + 3 lan chay theo du lieu (phai xanh)	Chay Newman - 3 API + 3 lan chay theo du lieu	2026-08-20T08:07:43.9345108Z   │ '[SETUP] tokenUser da luu, user A id=2 role=user'
Regression: 3 API + 3 lan chay theo du lieu (phai xanh)	Chay Newman - 3 API + 3 lan chay theo du lieu	2026-08-20T08:07:43.9350509Z   └
Regression: 3 API + 3 lan chay theo du lieu (phai xanh)	Chay Newman - 3 API + 3 lan chay theo du lieu	2026-08-20T08:07:43.9351114Z   ✓  [tien dieu kien] user A phai co role="user" (DB vua reset)
Regression: 3 API + 3 lan chay theo du lieu (phai xanh)	Chay Newman - 3 API + 3 lan chay theo du lieu	2026-08-20T08:07:43.9405560Z 
Regression: 3 API + 3 lan chay theo du lieu (phai xanh)	Chay Newman - 3 API + 3 lan chay theo du lieu	2026-08-20T08:07:43.9406252Z ↳ SETUP-03 - Tao user B (cho cac test IDOR)
Regression: 3 API + 3 lan chay theo du lieu (phai xanh)	Chay Newman - 3 API + 3 lan chay theo du lieu	2026-08-20T08:07:43.9447837Z   ┌
Regression: 3 API + 3 lan chay theo du lieu (phai xanh)	Chay Newman - 3 API + 3 lan chay theo du lieu	2026-08-20T08:07:43.9448379Z   │ '[X-Student-Id] 23127344 -> POST {{baseUrl}}/api/regis
Regression: 3 API + 3 lan chay theo du lieu (phai xanh)	Chay Newman - 3 API + 3 lan chay theo du lieu	2026-08-20T08:07:43.9449220Z   │ ter'
Regression: 3 API + 3 lan chay theo du lieu (phai xanh)	Chay Newman - 3 API + 3 lan chay theo du lieu	2026-08-20T08:07:43.9508434Z   └
Regression: 3 API + 3 lan chay theo du lieu (phai xanh)	Chay Newman - 3 API + 3 lan chay theo du lieu	2026-08-20T08:07:43.9554485Z   POST http://localhost:3000/api/register [200 OK, 316B, 5ms]
Regression: 3 API + 3 lan chay theo du lieu (phai xanh)	Chay Newman - 3 API + 3 lan chay theo du lieu	2026-08-20T08:07:43.9618831Z   ✓  [moi request] co header X-Student-Id = 23127344
Regression: 3 API + 3 lan chay theo du lieu (phai xanh)	Chay Newman - 3 API + 3 lan chay theo du lieu	2026-08-20T08:07:43.9690273Z   ✓  Dang ky user B tra 200
Regression: 3 API + 3 lan chay theo du lieu (phai xanh)	Chay Newman - 3 API + 3 lan chay theo du lieu	2026-08-20T08:07:43.9693690Z   ┌
Regression: 3 API + 3 lan chay theo du lieu (phai xanh)	Chay Newman - 3 API + 3 lan chay theo du lieu	2026-08-20T08:07:43.9694559Z   │ '[SETUP] user B da dang ky, id=3'
Regression: 3 API + 3 lan chay theo du lieu (phai xanh)	Chay Newman - 3 API + 3 lan chay theo du lieu	2026-08-20T08:07:43.9750569Z   └
Regression: 3 API + 3 lan chay theo du lieu (phai xanh)	Chay Newman - 3 API + 3 lan chay theo du lieu	2026-08-20T08:07:43.9750763Z 
Regression: 3 API + 3 lan chay theo du lieu (phai xanh)	Chay Newman - 3 API + 3 lan chay theo du lieu	2026-08-20T08:07:43.9751047Z ↳ SETUP-04 - Dang nhap user B -> tokenUserB
Regression: 3 API + 3 lan chay theo du lieu (phai xanh)	Chay Newman - 3 API + 3 lan chay theo du lieu	2026-08-20T08:07:43.9791229Z   ┌
Regression: 3 API + 3 lan chay theo du lieu (phai xanh)	Chay Newman - 3 API + 3 lan chay theo du lieu	2026-08-20T08:07:43.9792185Z   │ '[X-Student-Id] 23127344 -> POST {{baseUrl}}/api/login
Regression: 3 API + 3 lan chay theo du lieu (phai xanh)	Chay Newman - 3 API + 3 lan chay theo du lieu	2026-08-20T08:07:43.9793073Z   │ '
Regression: 3 API + 3 lan chay theo du lieu (phai xanh)	Chay Newman - 3 API + 3 lan chay theo du lieu	2026-08-20T08:07:43.9853209Z   └
Regression: 3 API + 3 lan chay theo du lieu (phai xanh)	Chay Newman - 3 API + 3 lan chay theo du lieu	2026-08-20T08:07:43.9888198Z   POST http://localhost:3000/api/login [200 OK, 643B, 3ms]
Regression: 3 API + 3 lan chay theo du lieu (phai xanh)	Chay Newman - 3 API + 3 lan chay theo du lieu	2026-08-20T08:07:43.9923327Z   ✓  [moi request] co header X-Student-Id = 23127344
Regression: 3 API + 3 lan chay theo du lieu (phai xanh)	Chay Newman - 3 API + 3 lan chay theo du lieu	2026-08-20T08:07:43.9976605Z   ✓  Dang nhap user B thanh cong
Regression: 3 API + 3 lan chay theo du lieu (phai xanh)	Chay Newman - 3 API + 3 lan chay theo du lieu	2026-08-20T08:07:43.9981098Z   ┌
Regression: 3 API + 3 lan chay theo du lieu (phai xanh)	Chay Newman - 3 API + 3 lan chay theo du lieu	2026-08-20T08:07:43.9981693Z   │ '[SETUP] tokenUserB da luu, user B id=3'
Regression: 3 API + 3 lan chay theo du lieu (phai xanh)	Chay Newman - 3 API + 3 lan chay theo du lieu	2026-08-20T08:07:44.0035043Z   └
Regression: 3 API + 3 lan chay theo du lieu (phai xanh)	Chay Newman - 3 API + 3 lan chay theo du lieu	2026-08-20T08:07:44.0035240Z 
Regression: 3 API + 3 lan chay theo du lieu (phai xanh)	Chay Newman - 3 API + 3 lan chay theo du lieu	2026-08-20T08:07:44.0035637Z ↳ SETUP-05 - Tu ky 7 token gia mao (chung minh SECRET_KEY bi hardcode)
Regression: 3 API + 3 lan chay theo du lieu (phai xanh)	Chay Newman - 3 API + 3 lan chay theo du lieu	2026-08-20T08:07:44.0078037Z   ┌
Regression: 3 API + 3 lan chay theo du lieu (phai xanh)	Chay Newman - 3 API + 3 lan chay theo du lieu	2026-08-20T08:07:44.0079096Z   │ '[X-Student-Id] 23127344 -> GET {{baseUrl}}/api/produc
Regression: 3 API + 3 lan chay theo du lieu (phai xanh)	Chay Newman - 3 API + 3 lan chay theo du lieu	2026-08-20T08:07:44.0079594Z   │ ts'
Regression: 3 API + 3 lan chay theo du lieu (phai xanh)	Chay Newman - 3 API + 3 lan chay theo du lieu	2026-08-20T08:07:44.0141394Z   └
Regression: 3 API + 3 lan chay theo du lieu (phai xanh)	Chay Newman - 3 API + 3 lan chay theo du lieu	2026-08-20T08:07:44.0186951Z   GET http://localhost:3000/api/products [200 OK, 1.24kB, 4ms]
Regression: 3 API + 3 lan chay theo du lieu (phai xanh)	Chay Newman - 3 API + 3 lan chay theo du lieu	2026-08-20T08:07:44.0239452Z   ✓  [moi request] co header X-Student-Id = 23127344
Regression: 3 API + 3 lan chay theo du lieu (phai xanh)	Chay Newman - 3 API + 3 lan chay theo du lieu	2026-08-20T08:07:44.0305536Z   ┌
Regression: 3 API + 3 lan chay theo du lieu (phai xanh)	Chay Newman - 3 API + 3 lan chay theo du lieu	2026-08-20T08:07:44.0306045Z   │ `Using "CryptoJS" is deprecated. Use "require('crypto-
Regression: 3 API + 3 lan chay theo du lieu (phai xanh)	Chay Newman - 3 API + 3 lan chay theo du lieu	2026-08-20T08:07:44.0306473Z   │ js')" instead.`
Regression: 3 API + 3 lan chay theo du lieu (phai xanh)	Chay Newman - 3 API + 3 lan chay theo du lieu	2026-08-20T08:07:44.0340343Z   └
Regression: 3 API + 3 lan chay theo du lieu (phai xanh)	Chay Newman - 3 API + 3 lan chay theo du lieu	2026-08-20T08:07:44.0340955Z   ✓  Da tu ky duoc 7 token gia mao bang secret lay tu ma nguon (SEC-02)
Regression: 3 API + 3 lan chay theo du lieu (phai xanh)	Chay Newman - 3 API + 3 lan chay theo du lieu	2026-08-20T08:07:44.0401006Z   GET http://localhost:3000/api/users/me [200 OK, 452B, 3ms]
Regression: 3 API + 3 lan chay theo du lieu (phai xanh)	Chay Newman - 3 API + 3 lan chay theo du lieu	2026-08-20T08:07:44.0416436Z   ✓  Token tu ky duoc SUT chap nhan -> secret hardcode la lo hong that
Regression: 3 API + 3 lan chay theo du lieu (phai xanh)	Chay Newman - 3 API + 3 lan chay theo du lieu	2026-08-20T08:07:44.0472730Z 
Regression: 3 API + 3 lan chay theo du lieu (phai xanh)	Chay Newman - 3 API + 3 lan chay theo du lieu	2026-08-20T08:07:44.0473891Z ❏ API2 - PUT /api/orders/:id/cancel (Pool B / FR-10)
Regression: 3 API + 3 lan chay theo du lieu (phai xanh)	Chay Newman - 3 API + 3 lan chay theo du lieu	2026-08-20T08:07:44.0475173Z ↳ TC-API2-009 - :id = 0 (bien cau truc min-1)
Regression: 3 API + 3 lan chay theo du lieu (phai xanh)	Chay Newman - 3 API + 3 lan chay theo du lieu	2026-08-20T08:07:44.0520799Z   ┌
Regression: 3 API + 3 lan chay theo du lieu (phai xanh)	Chay Newman - 3 API + 3 lan chay theo du lieu	2026-08-20T08:07:44.0521853Z   │ '[X-Student-Id] 23127344 -> PUT {{baseUrl}}/api/orders
Regression: 3 API + 3 lan chay theo du lieu (phai xanh)	Chay Newman - 3 API + 3 lan chay theo du lieu	2026-08-20T08:07:44.0522913Z   │ /0/cancel'
Regression: 3 API + 3 lan chay theo du lieu (phai xanh)	Chay Newman - 3 API + 3 lan chay theo du lieu	2026-08-20T08:07:44.0574720Z   │ '===== bat dau folder API2 ====='
Regression: 3 API + 3 lan chay theo du lieu (phai xanh)	Chay Newman - 3 API + 3 lan chay theo du lieu	2026-08-20T08:07:44.0621758Z   └
Regression: 3 API + 3 lan chay theo du lieu (phai xanh)	Chay Newman - 3 API + 3 lan chay theo du lieu	2026-08-20T08:07:44.0656269Z   PUT http://localhost:3000/api/orders/0/cancel [404 Not Found, 301B, 3ms]
Regression: 3 API + 3 lan chay theo du lieu (phai xanh)	Chay Newman - 3 API + 3 lan chay theo du lieu	2026-08-20T08:07:44.0710117Z   ✓  [moi request] co header X-Student-Id = 23127344
Regression: 3 API + 3 lan chay theo du lieu (phai xanh)	Chay Newman - 3 API + 3 lan chay theo du lieu	2026-08-20T08:07:44.0755499Z   ✓  [API2] thoi gian phan hoi < 2000ms
Regression: 3 API + 3 lan chay theo du lieu (phai xanh)	Chay Newman - 3 API + 3 lan chay theo du lieu	2026-08-20T08:07:44.0796192Z   ✓  Status 404
Regression: 3 API + 3 lan chay theo du lieu (phai xanh)	Chay Newman - 3 API + 3 lan chay theo du lieu	2026-08-20T08:07:44.0803730Z   ✓  Body JSON khop chinh xac {"error":"Order not found"}
Regression: 3 API + 3 lan chay theo du lieu (phai xanh)	Chay Newman - 3 API + 3 lan chay theo du lieu	2026-08-20T08:07:44.0849026Z 
Regression: 3 API + 3 lan chay theo du lieu (phai xanh)	Chay Newman - 3 API + 3 lan chay theo du lieu	2026-08-20T08:07:44.0850405Z ↳ TC-API2-010 - :id = 1 (bien cau truc min)
Regression: 3 API + 3 lan chay theo du lieu (phai xanh)	Chay Newman - 3 API + 3 lan chay theo du lieu	2026-08-20T08:07:44.0890892Z   ┌
Regression: 3 API + 3 lan chay theo du lieu (phai xanh)	Chay Newman - 3 API + 3 lan chay theo du lieu	2026-08-20T08:07:44.0891634Z   │ '[X-Student-Id] 23127344 -> PUT {{baseUrl}}/api/orders
Regression: 3 API + 3 lan chay theo du lieu (phai xanh)	Chay Newman - 3 API + 3 lan chay theo du lieu	2026-08-20T08:07:44.0892133Z   │ /{{orderId}}/cancel'
Regression: 3 API + 3 lan chay theo du lieu (phai xanh)	Chay Newman - 3 API + 3 lan chay theo du lieu	2026-08-20T08:07:44.0976639Z   └
Regression: 3 API + 3 lan chay theo du lieu (phai xanh)	Chay Newman - 3 API + 3 lan chay theo du lieu	2026-08-20T08:07:44.1028481Z   POST http://localhost:3000/api/checkout [200 OK, 312B, 5ms]
Regression: 3 API + 3 lan chay theo du lieu (phai xanh)	Chay Newman - 3 API + 3 lan chay theo du lieu	2026-08-20T08:07:44.1037573Z   ┌
Regression: 3 API + 3 lan chay theo du lieu (phai xanh)	Chay Newman - 3 API + 3 lan chay theo du lieu	2026-08-20T08:07:44.1037987Z   │ '[SETUP] tao don #1 (pending)'
Regression: 3 API + 3 lan chay theo du lieu (phai xanh)	Chay Newman - 3 API + 3 lan chay theo du lieu	2026-08-20T08:07:44.1087657Z   └
Regression: 3 API + 3 lan chay theo du lieu (phai xanh)	Chay Newman - 3 API + 3 lan chay theo du lieu	2026-08-20T08:07:44.1144855Z   PUT http://localhost:3000/api/orders/1/cancel [200 OK, 308B, 6ms]
Regression: 3 API + 3 lan chay theo du lieu (phai xanh)	Chay Newman - 3 API + 3 lan chay theo du lieu	2026-08-20T08:07:44.1183845Z   ✓  [moi request] co header X-Student-Id = 23127344
Regression: 3 API + 3 lan chay theo du lieu (phai xanh)	Chay Newman - 3 API + 3 lan chay theo du lieu	2026-08-20T08:07:44.1229911Z   ✓  [API2] thoi gian phan hoi < 2000ms
Regression: 3 API + 3 lan chay theo du lieu (phai xanh)	Chay Newman - 3 API + 3 lan chay theo du lieu	2026-08-20T08:07:44.1285570Z   ✓  [tien dieu kien] don vua tao phai co id = 1 (DB vua reset)
Regression: 3 API + 3 lan chay theo du lieu (phai xanh)	Chay Newman - 3 API + 3 lan chay theo du lieu	2026-08-20T08:07:44.1291825Z   ✓  Status 200
Regression: 3 API + 3 lan chay theo du lieu (phai xanh)	Chay Newman - 3 API + 3 lan chay theo du lieu	2026-08-20T08:07:44.1296373Z   ✓  Body JSON khop chinh xac {"message":"Order canceled successfully"}
Regression: 3 API + 3 lan chay theo du lieu (phai xanh)	Chay Newman - 3 API + 3 lan chay theo du lieu	2026-08-20T08:07:44.1349610Z   GET http://localhost:3000/api/orders/my-orders [200 OK, 405B, 3ms]
Regression: 3 API + 3 lan chay theo du lieu (phai xanh)	Chay Newman - 3 API + 3 lan chay theo du lieu	2026-08-20T08:07:44.1361889Z   ✓  GET /api/orders/my-orders: status = "canceled"
Regression: 3 API + 3 lan chay theo du lieu (phai xanh)	Chay Newman - 3 API + 3 lan chay theo du lieu	2026-08-20T08:07:44.1391569Z 
Regression: 3 API + 3 lan chay theo du lieu (phai xanh)	Chay Newman - 3 API + 3 lan chay theo du lieu	2026-08-20T08:07:44.1392103Z ↳ TC-API2-011 - :id = 2 (bien min+1)
Regression: 3 API + 3 lan chay theo du lieu (phai xanh)	Chay Newman - 3 API + 3 lan chay theo du lieu	2026-08-20T08:07:44.1422025Z   ┌
Regression: 3 API + 3 lan chay theo du lieu (phai xanh)	Chay Newman - 3 API + 3 lan chay theo du lieu	2026-08-20T08:07:44.1422704Z   │ '[X-Student-Id] 23127344 -> PUT {{baseUrl}}/api/orders
Regression: 3 API + 3 lan chay theo du lieu (phai xanh)	Chay Newman - 3 API + 3 lan chay theo du lieu	2026-08-20T08:07:44.1423338Z   │ /{{orderId}}/cancel'
Regression: 3 API + 3 lan chay theo du lieu (phai xanh)	Chay Newman - 3 API + 3 lan chay theo du lieu	2026-08-20T08:07:44.1507011Z   └
Regression: 3 API + 3 lan chay theo du lieu (phai xanh)	Chay Newman - 3 API + 3 lan chay theo du lieu	2026-08-20T08:07:44.1549950Z   POST http://localhost:3000/api/checkout [200 OK, 312B, 4ms]
Regression: 3 API + 3 lan chay theo du lieu (phai xanh)	Chay Newman - 3 API + 3 lan chay theo du lieu	2026-08-20T08:07:44.1560496Z   ┌
Regression: 3 API + 3 lan chay theo du lieu (phai xanh)	Chay Newman - 3 API + 3 lan chay theo du lieu	2026-08-20T08:07:44.1561040Z   │ '[SETUP] tao don #2 (pending)'
Regression: 3 API + 3 lan chay theo du lieu (phai xanh)	Chay Newman - 3 API + 3 lan chay theo du lieu	2026-08-20T08:07:44.1605284Z   └
Regression: 3 API + 3 lan chay theo du lieu (phai xanh)	Chay Newman - 3 API + 3 lan chay theo du lieu	2026-08-20T08:07:44.1649707Z   PUT http://localhost:3000/api/orders/2/cancel [200 OK, 308B, 4ms]
Regression: 3 API + 3 lan chay theo du lieu (phai xanh)	Chay Newman - 3 API + 3 lan chay theo du lieu	2026-08-20T08:07:44.1688943Z   ✓  [moi request] co header X-Student-Id = 23127344
Regression: 3 API + 3 lan chay theo du lieu (phai xanh)	Chay Newman - 3 API + 3 lan chay theo du lieu	2026-08-20T08:07:44.1727901Z   ✓  [API2] thoi gian phan hoi < 2000ms
Regression: 3 API + 3 lan chay theo du lieu (phai xanh)	Chay Newman - 3 API + 3 lan chay theo du lieu	2026-08-20T08:07:44.1765093Z   ✓  [tien dieu kien] don vua tao phai co id = 2 (DB vua reset)
Regression: 3 API + 3 lan chay theo du lieu (phai xanh)	Chay Newman - 3 API + 3 lan chay theo du lieu	2026-08-20T08:07:44.1768904Z   ✓  Status 200
Regression: 3 API + 3 lan chay theo du lieu (phai xanh)	Chay Newman - 3 API + 3 lan chay theo du lieu	2026-08-20T08:07:44.1772832Z   ✓  Body JSON khop chinh xac {"message":"Order canceled successfully"}
Regression: 3 API + 3 lan chay theo du lieu (phai xanh)	Chay Newman - 3 API + 3 lan chay theo du lieu	2026-08-20T08:07:44.1825255Z   GET http://localhost:3000/api/orders/my-orders [200 OK, 542B, 3ms]
Regression: 3 API + 3 lan chay theo du lieu (phai xanh)	Chay Newman - 3 API + 3 lan chay theo du lieu	2026-08-20T08:07:44.1839116Z   ✓  GET /api/orders/my-orders: status = "canceled"
Regression: 3 API + 3 lan chay theo du lieu (phai xanh)	Chay Newman - 3 API + 3 lan chay theo du lieu	2026-08-20T08:07:44.1909464Z 
Regression: 3 API + 3 lan chay theo du lieu (phai xanh)	Chay Newman - 3 API + 3 lan chay theo du lieu	2026-08-20T08:07:44.1910366Z ↳ TC-API2-012 - :id cuc lon (tran so)
Regression: 3 API + 3 lan chay theo du lieu (phai xanh)	Chay Newman - 3 API + 3 lan chay theo du lieu	2026-08-20T08:07:44.1934047Z   ┌
Regression: 3 API + 3 lan chay theo du lieu (phai xanh)	Chay Newman - 3 API + 3 lan chay theo du lieu	2026-08-20T08:07:44.1934609Z   │ '[X-Student-Id] 23127344 -> PUT {{baseUrl}}/api/orders
Regression: 3 API + 3 lan chay theo du lieu (phai xanh)	Chay Newman - 3 API + 3 lan chay theo du lieu	2026-08-20T08:07:44.1935053Z   │ /99999999999999999999/cancel'
Regression: 3 API + 3 lan chay theo du lieu (phai xanh)	Chay Newman - 3 API + 3 lan chay theo du lieu	2026-08-20T08:07:44.2004304Z   └
Regression: 3 API + 3 lan chay theo du lieu (phai xanh)	Chay Newman - 3 API + 3 lan chay theo du lieu	2026-08-20T08:07:44.2029270Z   PUT http://localhost:3000/api/orders/99999999999999999999/cancel [404 Not Found, 301B, 2ms]
Regression: 3 API + 3 lan chay theo du lieu (phai xanh)	Chay Newman - 3 API + 3 lan chay theo du lieu	2026-08-20T08:07:44.2067579Z   ✓  [moi request] co header X-Student-Id = 23127344
Regression: 3 API + 3 lan chay theo du lieu (phai xanh)	Chay Newman - 3 API + 3 lan chay theo du lieu	2026-08-20T08:07:44.2103527Z   ✓  [API2] thoi gian phan hoi < 2000ms
Regression: 3 API + 3 lan chay theo du lieu (phai xanh)	Chay Newman - 3 API + 3 lan chay theo du lieu	2026-08-20T08:07:44.2142688Z   ✓  Status 404
Regression: 3 API + 3 lan chay theo du lieu (phai xanh)	Chay Newman - 3 API + 3 lan chay theo du lieu	2026-08-20T08:07:44.2147073Z   ✓  Body JSON khop chinh xac {"error":"Order not found"}
Regression: 3 API + 3 lan chay theo du lieu (phai xanh)	Chay Newman - 3 API + 3 lan chay theo du lieu	2026-08-20T08:07:44.2191066Z 
Regression: 3 API + 3 lan chay theo du lieu (phai xanh)	Chay Newman - 3 API + 3 lan chay theo du lieu	2026-08-20T08:07:44.2192076Z ↳ TC-API2-001 - Huy don pending (chuyen tiep hop le)
Regression: 3 API + 3 lan chay theo du lieu (phai xanh)	Chay Newman - 3 API + 3 lan chay theo du lieu	2026-08-20T08:07:44.2221368Z   ┌
Regression: 3 API + 3 lan chay theo du lieu (phai xanh)	Chay Newman - 3 API + 3 lan chay theo du lieu	2026-08-20T08:07:44.2221999Z   │ '[X-Student-Id] 23127344 -> PUT {{baseUrl}}/api/orders
Regression: 3 API + 3 lan chay theo du lieu (phai xanh)	Chay Newman - 3 API + 3 lan chay theo du lieu	2026-08-20T08:07:44.2222445Z   │ /{{orderId}}/cancel'
Regression: 3 API + 3 lan chay theo du lieu (phai xanh)	Chay Newman - 3 API + 3 lan chay theo du lieu	2026-08-20T08:07:44.2282444Z   └
Regression: 3 API + 3 lan chay theo du lieu (phai xanh)	Chay Newman - 3 API + 3 lan chay theo du lieu	2026-08-20T08:07:44.2339062Z   POST http://localhost:3000/api/checkout [200 OK, 312B, 5ms]
Regression: 3 API + 3 lan chay theo du lieu (phai xanh)	Chay Newman - 3 API + 3 lan chay theo du lieu	2026-08-20T08:07:44.2347327Z   ┌
Regression: 3 API + 3 lan chay theo du lieu (phai xanh)	Chay Newman - 3 API + 3 lan chay theo du lieu	2026-08-20T08:07:44.2347815Z   │ '[SETUP] tao don #3 (pending)'
Regression: 3 API + 3 lan chay theo du lieu (phai xanh)	Chay Newman - 3 API + 3 lan chay theo du lieu	2026-08-20T08:07:44.2392183Z   └
Regression: 3 API + 3 lan chay theo du lieu (phai xanh)	Chay Newman - 3 API + 3 lan chay theo du lieu	2026-08-20T08:07:44.2433501Z   PUT http://localhost:3000/api/orders/3/cancel [200 OK, 308B, 4ms]
Regression: 3 API + 3 lan chay theo du lieu (phai xanh)	Chay Newman - 3 API + 3 lan chay theo du lieu	2026-08-20T08:07:44.2470376Z   ✓  [moi request] co header X-Student-Id = 23127344
Regression: 3 API + 3 lan chay theo du lieu (phai xanh)	Chay Newman - 3 API + 3 lan chay theo du lieu	2026-08-20T08:07:44.2506641Z   ✓  [API2] thoi gian phan hoi < 2000ms
Regression: 3 API + 3 lan chay theo du lieu (phai xanh)	Chay Newman - 3 API + 3 lan chay theo du lieu	2026-08-20T08:07:44.2547015Z   ✓  Status 200
Regression: 3 API + 3 lan chay theo du lieu (phai xanh)	Chay Newman - 3 API + 3 lan chay theo du lieu	2026-08-20T08:07:44.2553129Z   ✓  Body JSON khop chinh xac {"message":"Order canceled successfully"}
Regression: 3 API + 3 lan chay theo du lieu (phai xanh)	Chay Newman - 3 API + 3 lan chay theo du lieu	2026-08-20T08:07:44.2603343Z   GET http://localhost:3000/api/orders/my-orders [200 OK, 678B, 3ms]
Regression: 3 API + 3 lan chay theo du lieu (phai xanh)	Chay Newman - 3 API + 3 lan chay theo du lieu	2026-08-20T08:07:44.2620269Z   ✓  GET /api/orders/my-orders: status = "canceled"
Regression: 3 API + 3 lan chay theo du lieu (phai xanh)	Chay Newman - 3 API + 3 lan chay theo du lieu	2026-08-20T08:07:44.2661939Z 
Regression: 3 API + 3 lan chay theo du lieu (phai xanh)	Chay Newman - 3 API + 3 lan chay theo du lieu	2026-08-20T08:07:44.2662645Z ↳ TC-API2-002 - :id hop le nhung don khong ton tai
Regression: 3 API + 3 lan chay theo du lieu (phai xanh)	Chay Newman - 3 API + 3 lan chay theo du lieu	2026-08-20T08:07:44.2691417Z   ┌
Regression: 3 API + 3 lan chay theo du lieu (phai xanh)	Chay Newman - 3 API + 3 lan chay theo du lieu	2026-08-20T08:07:44.2692137Z   │ '[X-Student-Id] 23127344 -> PUT {{baseUrl}}/api/orders
Regression: 3 API + 3 lan chay theo du lieu (phai xanh)	Chay Newman - 3 API + 3 lan chay theo du lieu	2026-08-20T08:07:44.2692767Z   │ /999999/cancel'
Regression: 3 API + 3 lan chay theo du lieu (phai xanh)	Chay Newman - 3 API + 3 lan chay theo du lieu	2026-08-20T08:07:44.2783175Z   └
Regression: 3 API + 3 lan chay theo du lieu (phai xanh)	Chay Newman - 3 API + 3 lan chay theo du lieu	2026-08-20T08:07:44.2813002Z   PUT http://localhost:3000/api/orders/999999/cancel [404 Not Found, 301B, 2ms]
Regression: 3 API + 3 lan chay theo du lieu (phai xanh)	Chay Newman - 3 API + 3 lan chay theo du lieu	2026-08-20T08:07:44.2852874Z   ✓  [moi request] co header X-Student-Id = 23127344
Regression: 3 API + 3 lan chay theo du lieu (phai xanh)	Chay Newman - 3 API + 3 lan chay theo du lieu	2026-08-20T08:07:44.2887487Z   ✓  [API2] thoi gian phan hoi < 2000ms
Regression: 3 API + 3 lan chay theo du lieu (phai xanh)	Chay Newman - 3 API + 3 lan chay theo du lieu	2026-08-20T08:07:44.2934546Z   ✓  Status 404
Regression: 3 API + 3 lan chay theo du lieu (phai xanh)	Chay Newman - 3 API + 3 lan chay theo du lieu	2026-08-20T08:07:44.2935610Z   ✓  Body JSON khop chinh xac {"error":"Order not found"}
Regression: 3 API + 3 lan chay theo du lieu (phai xanh)	Chay Newman - 3 API + 3 lan chay theo du lieu	2026-08-20T08:07:44.2973831Z 
Regression: 3 API + 3 lan chay theo du lieu (phai xanh)	Chay Newman - 3 API + 3 lan chay theo du lieu	2026-08-20T08:07:44.2974297Z ↳ TC-API2-003 - :id khong phai so
Regression: 3 API + 3 lan chay theo du lieu (phai xanh)	Chay Newman - 3 API + 3 lan chay theo du lieu	2026-08-20T08:07:44.3002661Z   ┌
Regression: 3 API + 3 lan chay theo du lieu (phai xanh)	Chay Newman - 3 API + 3 lan chay theo du lieu	2026-08-20T08:07:44.3003288Z   │ '[X-Student-Id] 23127344 -> PUT {{baseUrl}}/api/orders
Regression: 3 API + 3 lan chay theo du lieu (phai xanh)	Chay Newman - 3 API + 3 lan chay theo du lieu	2026-08-20T08:07:44.3003874Z   │ /abc/cancel'
Regression: 3 API + 3 lan chay theo du lieu (phai xanh)	Chay Newman - 3 API + 3 lan chay theo du lieu	2026-08-20T08:07:44.3060950Z   └
Regression: 3 API + 3 lan chay theo du lieu (phai xanh)	Chay Newman - 3 API + 3 lan chay theo du lieu	2026-08-20T08:07:44.3086459Z   PUT http://localhost:3000/api/orders/abc/cancel [404 Not Found, 301B, 2ms]
Regression: 3 API + 3 lan chay theo du lieu (phai xanh)	Chay Newman - 3 API + 3 lan chay theo du lieu	2026-08-20T08:07:44.3124226Z   ✓  [moi request] co header X-Student-Id = 23127344
Regression: 3 API + 3 lan chay theo du lieu (phai xanh)	Chay Newman - 3 API + 3 lan chay theo du lieu	2026-08-20T08:07:44.3179705Z   ✓  [API2] thoi gian phan hoi < 2000ms
Regression: 3 API + 3 lan chay theo du lieu (phai xanh)	Chay Newman - 3 API + 3 lan chay theo du lieu	2026-08-20T08:07:44.3275853Z   ✓  Status 404
Regression: 3 API + 3 lan chay theo du lieu (phai xanh)	Chay Newman - 3 API + 3 lan chay theo du lieu	2026-08-20T08:07:44.3279011Z   ✓  Body JSON khop chinh xac {"error":"Order not found"}
Regression: 3 API + 3 lan chay theo du lieu (phai xanh)	Chay Newman - 3 API + 3 lan chay theo du lieu	2026-08-20T08:07:44.3323802Z 
Regression: 3 API + 3 lan chay theo du lieu (phai xanh)	Chay Newman - 3 API + 3 lan chay theo du lieu	2026-08-20T08:07:44.3324396Z ↳ TC-API2-004 - :id la segment rong -> 404 tang routing (HTML)
Regression: 3 API + 3 lan chay theo du lieu (phai xanh)	Chay Newman - 3 API + 3 lan chay theo du lieu	2026-08-20T08:07:44.3351663Z   ┌
Regression: 3 API + 3 lan chay theo du lieu (phai xanh)	Chay Newman - 3 API + 3 lan chay theo du lieu	2026-08-20T08:07:44.3352475Z   │ '[X-Student-Id] 23127344 -> PUT {{baseUrl}}/api/orders
Regression: 3 API + 3 lan chay theo du lieu (phai xanh)	Chay Newman - 3 API + 3 lan chay theo du lieu	2026-08-20T08:07:44.3371000Z   │ //cancel'
Regression: 3 API + 3 lan chay theo du lieu (phai xanh)	Chay Newman - 3 API + 3 lan chay theo du lieu	2026-08-20T08:07:44.3415811Z   └
Regression: 3 API + 3 lan chay theo du lieu (phai xanh)	Chay Newman - 3 API + 3 lan chay theo du lieu	2026-08-20T08:07:44.3437361Z   PUT http://localhost:3000/api/orders//cancel [404 Not Found, 461B, 2ms]
Regression: 3 API + 3 lan chay theo du lieu (phai xanh)	Chay Newman - 3 API + 3 lan chay theo du lieu	2026-08-20T08:07:44.3476504Z   ✓  [moi request] co header X-Student-Id = 23127344
Regression: 3 API + 3 lan chay theo du lieu (phai xanh)	Chay Newman - 3 API + 3 lan chay theo du lieu	2026-08-20T08:07:44.3513944Z   ✓  [API2] thoi gian phan hoi < 2000ms
Regression: 3 API + 3 lan chay theo du lieu (phai xanh)	Chay Newman - 3 API + 3 lan chay theo du lieu	2026-08-20T08:07:44.3559724Z   ✓  Status 404
Regression: 3 API + 3 lan chay theo du lieu (phai xanh)	Chay Newman - 3 API + 3 lan chay theo du lieu	2026-08-20T08:07:44.3565212Z   ✓  Body la HTML, KHONG phai JSON co key error
Regression: 3 API + 3 lan chay theo du lieu (phai xanh)	Chay Newman - 3 API + 3 lan chay theo du lieu	2026-08-20T08:07:44.3593175Z 
Regression: 3 API + 3 lan chay theo du lieu (phai xanh)	Chay Newman - 3 API + 3 lan chay theo du lieu	2026-08-20T08:07:44.3593689Z ↳ TC-API2-005 - :id am
Regression: 3 API + 3 lan chay theo du lieu (phai xanh)	Chay Newman - 3 API + 3 lan chay theo du lieu	2026-08-20T08:07:44.3620240Z   ┌
Regression: 3 API + 3 lan chay theo du lieu (phai xanh)	Chay Newman - 3 API + 3 lan chay theo du lieu	2026-08-20T08:07:44.3621088Z   │ '[X-Student-Id] 23127344 -> PUT {{baseUrl}}/api/orders
Regression: 3 API + 3 lan chay theo du lieu (phai xanh)	Chay Newman - 3 API + 3 lan chay theo du lieu	2026-08-20T08:07:44.3621890Z   │ /-1/cancel'
Regression: 3 API + 3 lan chay theo du lieu (phai xanh)	Chay Newman - 3 API + 3 lan chay theo du lieu	2026-08-20T08:07:44.3690616Z   └
Regression: 3 API + 3 lan chay theo du lieu (phai xanh)	Chay Newman - 3 API + 3 lan chay theo du lieu	2026-08-20T08:07:44.3713822Z   PUT http://localhost:3000/api/orders/-1/cancel [404 Not Found, 301B, 3ms]
Regression: 3 API + 3 lan chay theo du lieu (phai xanh)	Chay Newman - 3 API + 3 lan chay theo du lieu	2026-08-20T08:07:44.3749252Z   ✓  [moi request] co header X-Student-Id = 23127344
Regression: 3 API + 3 lan chay theo du lieu (phai xanh)	Chay Newman - 3 API + 3 lan chay theo du lieu	2026-08-20T08:07:44.3792777Z   ✓  [API2] thoi gian phan hoi < 2000ms
Regression: 3 API + 3 lan chay theo du lieu (phai xanh)	Chay Newman - 3 API + 3 lan chay theo du lieu	2026-08-20T08:07:44.3828528Z   ✓  Status 404
Regression: 3 API + 3 lan chay theo du lieu (phai xanh)	Chay Newman - 3 API + 3 lan chay theo du lieu	2026-08-20T08:07:44.3849789Z   ✓  Body JSON khop chinh xac {"error":"Order not found"}
Regression: 3 API + 3 lan chay theo du lieu (phai xanh)	Chay Newman - 3 API + 3 lan chay theo du lieu	2026-08-20T08:07:44.3862845Z 
Regression: 3 API + 3 lan chay theo du lieu (phai xanh)	Chay Newman - 3 API + 3 lan chay theo du lieu	2026-08-20T08:07:44.3863338Z ↳ TC-API2-006 - :id dang thap phan
Regression: 3 API + 3 lan chay theo du lieu (phai xanh)	Chay Newman - 3 API + 3 lan chay theo du lieu	2026-08-20T08:07:44.3890616Z   ┌
Regression: 3 API + 3 lan chay theo du lieu (phai xanh)	Chay Newman - 3 API + 3 lan chay theo du lieu	2026-08-20T08:07:44.3891078Z   │ '[X-Student-Id] 23127344 -> PUT {{baseUrl}}/api/orders
Regression: 3 API + 3 lan chay theo du lieu (phai xanh)	Chay Newman - 3 API + 3 lan chay theo du lieu	2026-08-20T08:07:44.3891468Z   │ /1.5/cancel'
Regression: 3 API + 3 lan chay theo du lieu (phai xanh)	Chay Newman - 3 API + 3 lan chay theo du lieu	2026-08-20T08:07:44.3951786Z   └
Regression: 3 API + 3 lan chay theo du lieu (phai xanh)	Chay Newman - 3 API + 3 lan chay theo du lieu	2026-08-20T08:07:44.3981381Z   PUT http://localhost:3000/api/orders/1.5/cancel [404 Not Found, 301B, 2ms]
Regression: 3 API + 3 lan chay theo du lieu (phai xanh)	Chay Newman - 3 API + 3 lan chay theo du lieu	2026-08-20T08:07:44.4015518Z   ✓  [moi request] co header X-Student-Id = 23127344
Regression: 3 API + 3 lan chay theo du lieu (phai xanh)	Chay Newman - 3 API + 3 lan chay theo du lieu	2026-08-20T08:07:44.4047520Z   ✓  [API2] thoi gian phan hoi < 2000ms
Regression: 3 API + 3 lan chay theo du lieu (phai xanh)	Chay Newman - 3 API + 3 lan chay theo du lieu	2026-08-20T08:07:44.4094759Z   ✓  Status 404
Regression: 3 API + 3 lan chay theo du lieu (phai xanh)	Chay Newman - 3 API + 3 lan chay theo du lieu	2026-08-20T08:07:44.4103499Z   ✓  Body JSON khop chinh xac {"error":"Order not found"}
Regression: 3 API + 3 lan chay theo du lieu (phai xanh)	Chay Newman - 3 API + 3 lan chay theo du lieu	2026-08-20T08:07:44.4153863Z 
Regression: 3 API + 3 lan chay theo du lieu (phai xanh)	Chay Newman - 3 API + 3 lan chay theo du lieu	2026-08-20T08:07:44.4154561Z ↳ TC-API2-007 - :id co ky tu thua -> don goc KHONG bi huy
Regression: 3 API + 3 lan chay theo du lieu (phai xanh)	Chay Newman - 3 API + 3 lan chay theo du lieu	2026-08-20T08:07:44.4189413Z   ┌
Regression: 3 API + 3 lan chay theo du lieu (phai xanh)	Chay Newman - 3 API + 3 lan chay theo du lieu	2026-08-20T08:07:44.4190222Z   │ '[X-Student-Id] 23127344 -> PUT {{baseUrl}}/api/orders
Regression: 3 API + 3 lan chay theo du lieu (phai xanh)	Chay Newman - 3 API + 3 lan chay theo du lieu	2026-08-20T08:07:44.4191018Z   │ /{{orderId}}abc/cancel'
Regression: 3 API + 3 lan chay theo du lieu (phai xanh)	Chay Newman - 3 API + 3 lan chay theo du lieu	2026-08-20T08:07:44.4251251Z   └
Regression: 3 API + 3 lan chay theo du lieu (phai xanh)	Chay Newman - 3 API + 3 lan chay theo du lieu	2026-08-20T08:07:44.4291543Z   POST http://localhost:3000/api/checkout [200 OK, 312B, 3ms]
Regression: 3 API + 3 lan chay theo du lieu (phai xanh)	Chay Newman - 3 API + 3 lan chay theo du lieu	2026-08-20T08:07:44.4299225Z   ┌
Regression: 3 API + 3 lan chay theo du lieu (phai xanh)	Chay Newman - 3 API + 3 lan chay theo du lieu	2026-08-20T08:07:44.4299840Z   │ '[SETUP] tao don #4 (pending)'
Regression: 3 API + 3 lan chay theo du lieu (phai xanh)	Chay Newman - 3 API + 3 lan chay theo du lieu	2026-08-20T08:07:44.4337961Z   └
Regression: 3 API + 3 lan chay theo du lieu (phai xanh)	Chay Newman - 3 API + 3 lan chay theo du lieu	2026-08-20T08:07:44.4362401Z   PUT http://localhost:3000/api/orders/4abc/cancel [404 Not Found, 301B, 2ms]
Regression: 3 API + 3 lan chay theo du lieu (phai xanh)	Chay Newman - 3 API + 3 lan chay theo du lieu	2026-08-20T08:07:44.4396369Z   ✓  [moi request] co header X-Student-Id = 23127344
Regression: 3 API + 3 lan chay theo du lieu (phai xanh)	Chay Newman - 3 API + 3 lan chay theo du lieu	2026-08-20T08:07:44.4433055Z   ✓  [API2] thoi gian phan hoi < 2000ms
Regression: 3 API + 3 lan chay theo du lieu (phai xanh)	Chay Newman - 3 API + 3 lan chay theo du lieu	2026-08-20T08:07:44.4471649Z   ✓  Status 404
Regression: 3 API + 3 lan chay theo du lieu (phai xanh)	Chay Newman - 3 API + 3 lan chay theo du lieu	2026-08-20T08:07:44.4475169Z   ✓  Body JSON khop chinh xac {"error":"Order not found"}
Regression: 3 API + 3 lan chay theo du lieu (phai xanh)	Chay Newman - 3 API + 3 lan chay theo du lieu	2026-08-20T08:07:44.4516687Z   GET http://localhost:3000/api/orders/my-orders [200 OK, 813B, 2ms]
Regression: 3 API + 3 lan chay theo du lieu (phai xanh)	Chay Newman - 3 API + 3 lan chay theo du lieu	2026-08-20T08:07:44.4529717Z   ✓  GET /api/orders/my-orders: status = "pending"
Regression: 3 API + 3 lan chay theo du lieu (phai xanh)	Chay Newman - 3 API + 3 lan chay theo du lieu	2026-08-20T08:07:44.4561778Z 
Regression: 3 API + 3 lan chay theo du lieu (phai xanh)	Chay Newman - 3 API + 3 lan chay theo du lieu	2026-08-20T08:07:44.4564091Z ↳ TC-API2-008 - Body request khong co tac dung
Regression: 3 API + 3 lan chay theo du lieu (phai xanh)	Chay Newman - 3 API + 3 lan chay theo du lieu	2026-08-20T08:07:44.4588150Z   ┌
Regression: 3 API + 3 lan chay theo du lieu (phai xanh)	Chay Newman - 3 API + 3 lan chay theo du lieu	2026-08-20T08:07:44.4588745Z   │ '[X-Student-Id] 23127344 -> PUT {{baseUrl}}/api/orders
Regression: 3 API + 3 lan chay theo du lieu (phai xanh)	Chay Newman - 3 API + 3 lan chay theo du lieu	2026-08-20T08:07:44.4589600Z   │ /{{orderId}}/cancel'
Regression: 3 API + 3 lan chay theo du lieu (phai xanh)	Chay Newman - 3 API + 3 lan chay theo du lieu	2026-08-20T08:07:44.4659416Z   └
Regression: 3 API + 3 lan chay theo du lieu (phai xanh)	Chay Newman - 3 API + 3 lan chay theo du lieu	2026-08-20T08:07:44.4697528Z   POST http://localhost:3000/api/checkout [200 OK, 312B, 4ms]
Regression: 3 API + 3 lan chay theo du lieu (phai xanh)	Chay Newman - 3 API + 3 lan chay theo du lieu	2026-08-20T08:07:44.4705642Z   ┌
Regression: 3 API + 3 lan chay theo du lieu (phai xanh)	Chay Newman - 3 API + 3 lan chay theo du lieu	2026-08-20T08:07:44.4706448Z   │ '[SETUP] tao don #5 (pending)'
Regression: 3 API + 3 lan chay theo du lieu (phai xanh)	Chay Newman - 3 API + 3 lan chay theo du lieu	2026-08-20T08:07:44.4747485Z   └
Regression: 3 API + 3 lan chay theo du lieu (phai xanh)	Chay Newman - 3 API + 3 lan chay theo du lieu	2026-08-20T08:07:44.4785153Z   PUT http://localhost:3000/api/orders/5/cancel [200 OK, 308B, 4ms]
Regression: 3 API + 3 lan chay theo du lieu (phai xanh)	Chay Newman - 3 API + 3 lan chay theo du lieu	2026-08-20T08:07:44.4825672Z   ✓  [moi request] co header X-Student-Id = 23127344
Regression: 3 API + 3 lan chay theo du lieu (phai xanh)	Chay Newman - 3 API + 3 lan chay theo du lieu	2026-08-20T08:07:44.4861673Z   ✓  [API2] thoi gian phan hoi < 2000ms
Regression: 3 API + 3 lan chay theo du lieu (phai xanh)	Chay Newman - 3 API + 3 lan chay theo du lieu	2026-08-20T08:07:44.4929980Z   ✓  Status 200
Regression: 3 API + 3 lan chay theo du lieu (phai xanh)	Chay Newman - 3 API + 3 lan chay theo du lieu	2026-08-20T08:07:44.4931323Z   ✓  Body JSON khop chinh xac {"message":"Order canceled successfully"}
Regression: 3 API + 3 lan chay theo du lieu (phai xanh)	Chay Newman - 3 API + 3 lan chay theo du lieu	2026-08-20T08:07:44.4984818Z   GET http://localhost:3000/api/orders/my-orders [200 OK, 949B, 4ms]
Regression: 3 API + 3 lan chay theo du lieu (phai xanh)	Chay Newman - 3 API + 3 lan chay theo du lieu	2026-08-20T08:07:44.5009084Z   ✓  GET /api/orders/my-orders: status = "canceled"
Regression: 3 API + 3 lan chay theo du lieu (phai xanh)	Chay Newman - 3 API + 3 lan chay theo du lieu	2026-08-20T08:07:44.5056252Z 
Regression: 3 API + 3 lan chay theo du lieu (phai xanh)	Chay Newman - 3 API + 3 lan chay theo du lieu	2026-08-20T08:07:44.5057142Z ↳ TC-API2-013 - Token gia mao id=0 - khong so huu don nao
Regression: 3 API + 3 lan chay theo du lieu (phai xanh)	Chay Newman - 3 API + 3 lan chay theo du lieu	2026-08-20T08:07:44.5093190Z   ┌
Regression: 3 API + 3 lan chay theo du lieu (phai xanh)	Chay Newman - 3 API + 3 lan chay theo du lieu	2026-08-20T08:07:44.5093975Z   │ '[X-Student-Id] 23127344 -> PUT {{baseUrl}}/api/orders
Regression: 3 API + 3 lan chay theo du lieu (phai xanh)	Chay Newman - 3 API + 3 lan chay theo du lieu	2026-08-20T08:07:44.5094931Z   │ /{{orderId}}/cancel'
Regression: 3 API + 3 lan chay theo du lieu (phai xanh)	Chay Newman - 3 API + 3 lan chay theo du lieu	2026-08-20T08:07:44.5169522Z   └
Regression: 3 API + 3 lan chay theo du lieu (phai xanh)	Chay Newman - 3 API + 3 lan chay theo du lieu	2026-08-20T08:07:44.5226950Z   POST http://localhost:3000/api/checkout [200 OK, 312B, 6ms]
Regression: 3 API + 3 lan chay theo du lieu (phai xanh)	Chay Newman - 3 API + 3 lan chay theo du lieu	2026-08-20T08:07:44.5234564Z   ┌
Regression: 3 API + 3 lan chay theo du lieu (phai xanh)	Chay Newman - 3 API + 3 lan chay theo du lieu	2026-08-20T08:07:44.5234908Z   │ '[SETUP] tao don #6 (pending)'
Regression: 3 API + 3 lan chay theo du lieu (phai xanh)	Chay Newman - 3 API + 3 lan chay theo du lieu	2026-08-20T08:07:44.5281382Z   └
Regression: 3 API + 3 lan chay theo du lieu (phai xanh)	Chay Newman - 3 API + 3 lan chay theo du lieu	2026-08-20T08:07:44.5307499Z   PUT http://localhost:3000/api/orders/6/cancel [404 Not Found, 301B, 2ms]
Regression: 3 API + 3 lan chay theo du lieu (phai xanh)	Chay Newman - 3 API + 3 lan chay theo du lieu	2026-08-20T08:07:44.5348325Z   ✓  [moi request] co header X-Student-Id = 23127344
Regression: 3 API + 3 lan chay theo du lieu (phai xanh)	Chay Newman - 3 API + 3 lan chay theo du lieu	2026-08-20T08:07:44.5385954Z   ✓  [API2] thoi gian phan hoi < 2000ms
Regression: 3 API + 3 lan chay theo du lieu (phai xanh)	Chay Newman - 3 API + 3 lan chay theo du lieu	2026-08-20T08:07:44.5422187Z   ✓  Status 404
Regression: 3 API + 3 lan chay theo du lieu (phai xanh)	Chay Newman - 3 API + 3 lan chay theo du lieu	2026-08-20T08:07:44.5425995Z   ✓  Body JSON khop chinh xac {"error":"Order not found"}
Regression: 3 API + 3 lan chay theo du lieu (phai xanh)	Chay Newman - 3 API + 3 lan chay theo du lieu	2026-08-20T08:07:44.5463988Z   GET http://localhost:3000/api/orders/my-orders [200 OK, 1.08kB, 2ms]
Regression: 3 API + 3 lan chay theo du lieu (phai xanh)	Chay Newman - 3 API + 3 lan chay theo du lieu	2026-08-20T08:07:44.5480219Z   ✓  GET /api/orders/my-orders: status = "pending"
Regression: 3 API + 3 lan chay theo du lieu (phai xanh)	Chay Newman - 3 API + 3 lan chay theo du lieu	2026-08-20T08:07:44.5511352Z 
Regression: 3 API + 3 lan chay theo du lieu (phai xanh)	Chay Newman - 3 API + 3 lan chay theo du lieu	2026-08-20T08:07:44.5512278Z ↳ TC-API2-014 - Token gia mao id=1 (trung admin thuc) huy don cua admin
Regression: 3 API + 3 lan chay theo du lieu (phai xanh)	Chay Newman - 3 API + 3 lan chay theo du lieu	2026-08-20T08:07:44.5538325Z   ┌
Regression: 3 API + 3 lan chay theo du lieu (phai xanh)	Chay Newman - 3 API + 3 lan chay theo du lieu	2026-08-20T08:07:44.5539248Z   │ '[X-Student-Id] 23127344 -> PUT {{baseUrl}}/api/orders
Regression: 3 API + 3 lan chay theo du lieu (phai xanh)	Chay Newman - 3 API + 3 lan chay theo du lieu	2026-08-20T08:07:44.5540349Z   │ /{{orderId}}/cancel'
Regression: 3 API + 3 lan chay theo du lieu (phai xanh)	Chay Newman - 3 API + 3 lan chay theo du lieu	2026-08-20T08:07:44.5628430Z   └
Regression: 3 API + 3 lan chay theo du lieu (phai xanh)	Chay Newman - 3 API + 3 lan chay theo du lieu	2026-08-20T08:07:44.5696844Z   POST http://localhost:3000/api/checkout [200 OK, 312B, 7ms]
Regression: 3 API + 3 lan chay theo du lieu (phai xanh)	Chay Newman - 3 API + 3 lan chay theo du lieu	2026-08-20T08:07:44.5710429Z   ┌
Regression: 3 API + 3 lan chay theo du lieu (phai xanh)	Chay Newman - 3 API + 3 lan chay theo du lieu	2026-08-20T08:07:44.5711225Z   │ '[SETUP] tao don #7 (pending)'
Regression: 3 API + 3 lan chay theo du lieu (phai xanh)	Chay Newman - 3 API + 3 lan chay theo du lieu	2026-08-20T08:07:44.5758426Z   └
Regression: 3 API + 3 lan chay theo du lieu (phai xanh)	Chay Newman - 3 API + 3 lan chay theo du lieu	2026-08-20T08:07:44.5812028Z   PUT http://localhost:3000/api/orders/7/cancel [200 OK, 308B, 5ms]
Regression: 3 API + 3 lan chay theo du lieu (phai xanh)	Chay Newman - 3 API + 3 lan chay theo du lieu	2026-08-20T08:07:44.5850458Z   ✓  [moi request] co header X-Student-Id = 23127344
Regression: 3 API + 3 lan chay theo du lieu (phai xanh)	Chay Newman - 3 API + 3 lan chay theo du lieu	2026-08-20T08:07:44.5891783Z   ✓  [API2] thoi gian phan hoi < 2000ms
Regression: 3 API + 3 lan chay theo du lieu (phai xanh)	Chay Newman - 3 API + 3 lan chay theo du lieu	2026-08-20T08:07:44.5947662Z   ✓  Status 200
Regression: 3 API + 3 lan chay theo du lieu (phai xanh)	Chay Newman - 3 API + 3 lan chay theo du lieu	2026-08-20T08:07:44.5951193Z   ✓  Body JSON khop chinh xac {"message":"Order canceled successfully"}
Regression: 3 API + 3 lan chay theo du lieu (phai xanh)	Chay Newman - 3 API + 3 lan chay theo du lieu	2026-08-20T08:07:44.5995755Z   GET http://localhost:3000/api/orders/my-orders [200 OK, 405B, 2ms]
Regression: 3 API + 3 lan chay theo du lieu (phai xanh)	Chay Newman - 3 API + 3 lan chay theo du lieu	2026-08-20T08:07:44.6007068Z   ✓  GET /api/orders/my-orders: status = "canceled"
Regression: 3 API + 3 lan chay theo du lieu (phai xanh)	Chay Newman - 3 API + 3 lan chay theo du lieu	2026-08-20T08:07:44.6053155Z 
Regression: 3 API + 3 lan chay theo du lieu (phai xanh)	Chay Newman - 3 API + 3 lan chay theo du lieu	2026-08-20T08:07:44.6054053Z ↳ TC-API2-015 - Token gia mao id=2 (trung user A thuc)
Regression: 3 API + 3 lan chay theo du lieu (phai xanh)	Chay Newman - 3 API + 3 lan chay theo du lieu	2026-08-20T08:07:44.6080645Z   ┌
Regression: 3 API + 3 lan chay theo du lieu (phai xanh)	Chay Newman - 3 API + 3 lan chay theo du lieu	2026-08-20T08:07:44.6081544Z   │ '[X-Student-Id] 23127344 -> PUT {{baseUrl}}/api/orders
Regression: 3 API + 3 lan chay theo du lieu (phai xanh)	Chay Newman - 3 API + 3 lan chay theo du lieu	2026-08-20T08:07:44.6082379Z   │ /{{orderId}}/cancel'
Regression: 3 API + 3 lan chay theo du lieu (phai xanh)	Chay Newman - 3 API + 3 lan chay theo du lieu	2026-08-20T08:07:44.6141259Z   └
Regression: 3 API + 3 lan chay theo du lieu (phai xanh)	Chay Newman - 3 API + 3 lan chay theo du lieu	2026-08-20T08:07:44.6195152Z   POST http://localhost:3000/api/checkout [200 OK, 312B, 5ms]
Regression: 3 API + 3 lan chay theo du lieu (phai xanh)	Chay Newman - 3 API + 3 lan chay theo du lieu	2026-08-20T08:07:44.6204446Z   ┌
Regression: 3 API + 3 lan chay theo du lieu (phai xanh)	Chay Newman - 3 API + 3 lan chay theo du lieu	2026-08-20T08:07:44.6205531Z   │ '[SETUP] tao don #8 (pending)'
Regression: 3 API + 3 lan chay theo du lieu (phai xanh)	Chay Newman - 3 API + 3 lan chay theo du lieu	2026-08-20T08:07:44.6245603Z   └
Regression: 3 API + 3 lan chay theo du lieu (phai xanh)	Chay Newman - 3 API + 3 lan chay theo du lieu	2026-08-20T08:07:44.6282232Z   PUT http://localhost:3000/api/orders/8/cancel [200 OK, 308B, 3ms]
Regression: 3 API + 3 lan chay theo du lieu (phai xanh)	Chay Newman - 3 API + 3 lan chay theo du lieu	2026-08-20T08:07:44.6316458Z   ✓  [moi request] co header X-Student-Id = 23127344
Regression: 3 API + 3 lan chay theo du lieu (phai xanh)	Chay Newman - 3 API + 3 lan chay theo du lieu	2026-08-20T08:07:44.6346861Z   ✓  [API2] thoi gian phan hoi < 2000ms
Regression: 3 API + 3 lan chay theo du lieu (phai xanh)	Chay Newman - 3 API + 3 lan chay theo du lieu	2026-08-20T08:07:44.6381732Z   ✓  Status 200
Regression: 3 API + 3 lan chay theo du lieu (phai xanh)	Chay Newman - 3 API + 3 lan chay theo du lieu	2026-08-20T08:07:44.6384984Z   ✓  Body JSON khop chinh xac {"message":"Order canceled successfully"}
Regression: 3 API + 3 lan chay theo du lieu (phai xanh)	Chay Newman - 3 API + 3 lan chay theo du lieu	2026-08-20T08:07:44.6424818Z   GET http://localhost:3000/api/orders/my-orders [200 OK, 1.22kB, 2ms]
Regression: 3 API + 3 lan chay theo du lieu (phai xanh)	Chay Newman - 3 API + 3 lan chay theo du lieu	2026-08-20T08:07:44.6439877Z   ✓  GET /api/orders/my-orders: status = "canceled"
Regression: 3 API + 3 lan chay theo du lieu (phai xanh)	Chay Newman - 3 API + 3 lan chay theo du lieu	2026-08-20T08:07:44.6471330Z 
Regression: 3 API + 3 lan chay theo du lieu (phai xanh)	Chay Newman - 3 API + 3 lan chay theo du lieu	2026-08-20T08:07:44.6471869Z ↳ TC-API2-016 - Header Authorization co 2 dau cach -> 403
Regression: 3 API + 3 lan chay theo du lieu (phai xanh)	Chay Newman - 3 API + 3 lan chay theo du lieu	2026-08-20T08:07:44.6497486Z   ┌
Regression: 3 API + 3 lan chay theo du lieu (phai xanh)	Chay Newman - 3 API + 3 lan chay theo du lieu	2026-08-20T08:07:44.6498305Z   │ '[X-Student-Id] 23127344 -> PUT {{baseUrl}}/api/orders
Regression: 3 API + 3 lan chay theo du lieu (phai xanh)	Chay Newman - 3 API + 3 lan chay theo du lieu	2026-08-20T08:07:44.6499337Z   │ /{{orderId}}/cancel'
Regression: 3 API + 3 lan chay theo du lieu (phai xanh)	Chay Newman - 3 API + 3 lan chay theo du lieu	2026-08-20T08:07:44.6564927Z   └
Regression: 3 API + 3 lan chay theo du lieu (phai xanh)	Chay Newman - 3 API + 3 lan chay theo du lieu	2026-08-20T08:07:44.6606790Z   POST http://localhost:3000/api/checkout [200 OK, 312B, 4ms]
Regression: 3 API + 3 lan chay theo du lieu (phai xanh)	Chay Newman - 3 API + 3 lan chay theo du lieu	2026-08-20T08:07:44.6614389Z   ┌
Regression: 3 API + 3 lan chay theo du lieu (phai xanh)	Chay Newman - 3 API + 3 lan chay theo du lieu	2026-08-20T08:07:44.6614858Z   │ '[SETUP] tao don #9 (pending)'
Regression: 3 API + 3 lan chay theo du lieu (phai xanh)	Chay Newman - 3 API + 3 lan chay theo du lieu	2026-08-20T08:07:44.6654280Z   └
Regression: 3 API + 3 lan chay theo du lieu (phai xanh)	Chay Newman - 3 API + 3 lan chay theo du lieu	2026-08-20T08:07:44.6669126Z   PUT http://localhost:3000/api/orders/9/cancel [403 Forbidden, 295B, 1ms]
Regression: 3 API + 3 lan chay theo du lieu (phai xanh)	Chay Newman - 3 API + 3 lan chay theo du lieu	2026-08-20T08:07:44.6691856Z   ✓  [moi request] co header X-Student-Id = 23127344
Regression: 3 API + 3 lan chay theo du lieu (phai xanh)	Chay Newman - 3 API + 3 lan chay theo du lieu	2026-08-20T08:07:44.6741156Z   ✓  [API2] thoi gian phan hoi < 2000ms
Regression: 3 API + 3 lan chay theo du lieu (phai xanh)	Chay Newman - 3 API + 3 lan chay theo du lieu	2026-08-20T08:07:44.6775289Z   ✓  Status 403
Regression: 3 API + 3 lan chay theo du lieu (phai xanh)	Chay Newman - 3 API + 3 lan chay theo du lieu	2026-08-20T08:07:44.6778255Z   ✓  Body JSON khop chinh xac {"error":"Forbidden"}
Regression: 3 API + 3 lan chay theo du lieu (phai xanh)	Chay Newman - 3 API + 3 lan chay theo du lieu	2026-08-20T08:07:44.6814784Z 
Regression: 3 API + 3 lan chay theo du lieu (phai xanh)	Chay Newman - 3 API + 3 lan chay theo du lieu	2026-08-20T08:07:44.6815527Z ↳ TC-API2-017 - Huy don confirmed (chuyen tiep hop le)
Regression: 3 API + 3 lan chay theo du lieu (phai xanh)	Chay Newman - 3 API + 3 lan chay theo du lieu	2026-08-20T08:07:44.6836288Z   ┌
Regression: 3 API + 3 lan chay theo du lieu (phai xanh)	Chay Newman - 3 API + 3 lan chay theo du lieu	2026-08-20T08:07:44.6836880Z   │ '[X-Student-Id] 23127344 -> PUT {{baseUrl}}/api/orders
Regression: 3 API + 3 lan chay theo du lieu (phai xanh)	Chay Newman - 3 API + 3 lan chay theo du lieu	2026-08-20T08:07:44.6837302Z   │ /{{orderId}}/cancel'
Regression: 3 API + 3 lan chay theo du lieu (phai xanh)	Chay Newman - 3 API + 3 lan chay theo du lieu	2026-08-20T08:07:44.6903888Z   └
Regression: 3 API + 3 lan chay theo du lieu (phai xanh)	Chay Newman - 3 API + 3 lan chay theo du lieu	2026-08-20T08:07:44.6938092Z   POST http://localhost:3000/api/checkout [200 OK, 313B, 3ms]
Regression: 3 API + 3 lan chay theo du lieu (phai xanh)	Chay Newman - 3 API + 3 lan chay theo du lieu	2026-08-20T08:07:44.6946230Z   ┌
Regression: 3 API + 3 lan chay theo du lieu (phai xanh)	Chay Newman - 3 API + 3 lan chay theo du lieu	2026-08-20T08:07:44.6946721Z   │ '[SETUP] tao don #10 (pending)'
Regression: 3 API + 3 lan chay theo du lieu (phai xanh)	Chay Newman - 3 API + 3 lan chay theo du lieu	2026-08-20T08:07:44.6965894Z   └
Regression: 3 API + 3 lan chay theo du lieu (phai xanh)	Chay Newman - 3 API + 3 lan chay theo du lieu	2026-08-20T08:07:44.7002914Z   PUT http://localhost:3000/api/admin/orders/10/status [200 OK, 301B, 4ms]
Regression: 3 API + 3 lan chay theo du lieu (phai xanh)	Chay Newman - 3 API + 3 lan chay theo du lieu	2026-08-20T08:07:44.7010427Z   ┌
Regression: 3 API + 3 lan chay theo du lieu (phai xanh)	Chay Newman - 3 API + 3 lan chay theo du lieu	2026-08-20T08:07:44.7010994Z   │ '[SETUP] don #10 -> confirmed (HTTP 200)'
Regression: 3 API + 3 lan chay theo du lieu (phai xanh)	Chay Newman - 3 API + 3 lan chay theo du lieu	2026-08-20T08:07:44.7053344Z   └
Regression: 3 API + 3 lan chay theo du lieu (phai xanh)	Chay Newman - 3 API + 3 lan chay theo du lieu	2026-08-20T08:07:44.7091840Z   PUT http://localhost:3000/api/orders/10/cancel [200 OK, 308B, 3ms]
Regression: 3 API + 3 lan chay theo du lieu (phai xanh)	Chay Newman - 3 API + 3 lan chay theo du lieu	2026-08-20T08:07:44.7123651Z   ✓  [moi request] co header X-Student-Id = 23127344
Regression: 3 API + 3 lan chay theo du lieu (phai xanh)	Chay Newman - 3 API + 3 lan chay theo du lieu	2026-08-20T08:07:44.7158916Z   ✓  [API2] thoi gian phan hoi < 2000ms
Regression: 3 API + 3 lan chay theo du lieu (phai xanh)	Chay Newman - 3 API + 3 lan chay theo du lieu	2026-08-20T08:07:44.7197914Z   ✓  Status 200
Regression: 3 API + 3 lan chay theo du lieu (phai xanh)	Chay Newman - 3 API + 3 lan chay theo du lieu	2026-08-20T08:07:44.7201165Z   ✓  Body JSON khop chinh xac {"message":"Order canceled successfully"}
Regression: 3 API + 3 lan chay theo du lieu (phai xanh)	Chay Newman - 3 API + 3 lan chay theo du lieu	2026-08-20T08:07:44.7243480Z   GET http://localhost:3000/api/orders/my-orders [200 OK, 1.49kB, 3ms]
Regression: 3 API + 3 lan chay theo du lieu (phai xanh)	Chay Newman - 3 API + 3 lan chay theo du lieu	2026-08-20T08:07:44.7261050Z   ✓  GET /api/orders/my-orders: status = "canceled"
Regression: 3 API + 3 lan chay theo du lieu (phai xanh)	Chay Newman - 3 API + 3 lan chay theo du lieu	2026-08-20T08:07:44.7297418Z 
Regression: 3 API + 3 lan chay theo du lieu (phai xanh)	Chay Newman - 3 API + 3 lan chay theo du lieu	2026-08-20T08:07:44.7298394Z ↳ TC-API2-018 - [CRITICAL] Huy don shipping bang token user - trai FR-10
Regression: 3 API + 3 lan chay theo du lieu (phai xanh)	Chay Newman - 3 API + 3 lan chay theo du lieu	2026-08-20T08:07:44.7324111Z   ┌
Regression: 3 API + 3 lan chay theo du lieu (phai xanh)	Chay Newman - 3 API + 3 lan chay theo du lieu	2026-08-20T08:07:44.7324781Z   │ '[X-Student-Id] 23127344 -> PUT {{baseUrl}}/api/orders
Regression: 3 API + 3 lan chay theo du lieu (phai xanh)	Chay Newman - 3 API + 3 lan chay theo du lieu	2026-08-20T08:07:44.7325457Z   │ /{{orderId}}/cancel'
Regression: 3 API + 3 lan chay theo du lieu (phai xanh)	Chay Newman - 3 API + 3 lan chay theo du lieu	2026-08-20T08:07:44.7382291Z   └
Regression: 3 API + 3 lan chay theo du lieu (phai xanh)	Chay Newman - 3 API + 3 lan chay theo du lieu	2026-08-20T08:07:44.7436071Z   POST http://localhost:3000/api/checkout [200 OK, 313B, 5ms]
Regression: 3 API + 3 lan chay theo du lieu (phai xanh)	Chay Newman - 3 API + 3 lan chay theo du lieu	2026-08-20T08:07:44.7445451Z   ┌
Regression: 3 API + 3 lan chay theo du lieu (phai xanh)	Chay Newman - 3 API + 3 lan chay theo du lieu	2026-08-20T08:07:44.7445956Z   │ '[SETUP] tao don #11 (pending)'
Regression: 3 API + 3 lan chay theo du lieu (phai xanh)	Chay Newman - 3 API + 3 lan chay theo du lieu	2026-08-20T08:07:44.7466133Z   └
Regression: 3 API + 3 lan chay theo du lieu (phai xanh)	Chay Newman - 3 API + 3 lan chay theo du lieu	2026-08-20T08:07:44.7500163Z   PUT http://localhost:3000/api/admin/orders/11/status [200 OK, 301B, 3ms]
Regression: 3 API + 3 lan chay theo du lieu (phai xanh)	Chay Newman - 3 API + 3 lan chay theo du lieu	2026-08-20T08:07:44.7507054Z   ┌
Regression: 3 API + 3 lan chay theo du lieu (phai xanh)	Chay Newman - 3 API + 3 lan chay theo du lieu	2026-08-20T08:07:44.7507940Z   │ '[SETUP] don #11 -> confirmed (HTTP 200)'
Regression: 3 API + 3 lan chay theo du lieu (phai xanh)	Chay Newman - 3 API + 3 lan chay theo du lieu	2026-08-20T08:07:44.7526780Z   └
Regression: 3 API + 3 lan chay theo du lieu (phai xanh)	Chay Newman - 3 API + 3 lan chay theo du lieu	2026-08-20T08:07:44.7564573Z   PUT http://localhost:3000/api/admin/orders/11/status [200 OK, 301B, 4ms]
Regression: 3 API + 3 lan chay theo du lieu (phai xanh)	Chay Newman - 3 API + 3 lan chay theo du lieu	2026-08-20T08:07:44.7572491Z   ┌
Regression: 3 API + 3 lan chay theo du lieu (phai xanh)	Chay Newman - 3 API + 3 lan chay theo du lieu	2026-08-20T08:07:44.7573064Z   │ '[SETUP] don #11 -> shipping (HTTP 200)'
Regression: 3 API + 3 lan chay theo du lieu (phai xanh)	Chay Newman - 3 API + 3 lan chay theo du lieu	2026-08-20T08:07:44.7611062Z   └
Regression: 3 API + 3 lan chay theo du lieu (phai xanh)	Chay Newman - 3 API + 3 lan chay theo du lieu	2026-08-20T08:07:44.7658839Z   PUT http://localhost:3000/api/orders/11/cancel [200 OK, 308B, 4ms]
Regression: 3 API + 3 lan chay theo du lieu (phai xanh)	Chay Newman - 3 API + 3 lan chay theo du lieu	2026-08-20T08:07:44.7681522Z   ✓  [moi request] co header X-Student-Id = 23127344
Regression: 3 API + 3 lan chay theo du lieu (phai xanh)	Chay Newman - 3 API + 3 lan chay theo du lieu	2026-08-20T08:07:44.7711850Z   ✓  [API2] thoi gian phan hoi < 2000ms
Regression: 3 API + 3 lan chay theo du lieu (phai xanh)	Chay Newman - 3 API + 3 lan chay theo du lieu	2026-08-20T08:07:44.7777889Z   ✓  Status 200
Regression: 3 API + 3 lan chay theo du lieu (phai xanh)	Chay Newman - 3 API + 3 lan chay theo du lieu	2026-08-20T08:07:44.7797283Z   ✓  Body JSON khop chinh xac {"message":"Order canceled successfully"}
Regression: 3 API + 3 lan chay theo du lieu (phai xanh)	Chay Newman - 3 API + 3 lan chay theo du lieu	2026-08-20T08:07:44.7799356Z   ┌
Regression: 3 API + 3 lan chay theo du lieu (phai xanh)	Chay Newman - 3 API + 3 lan chay theo du lieu	2026-08-20T08:07:44.7804624Z   │ '[BUG] don #11 o trang thai shipping da bi user huy th
Regression: 3 API + 3 lan chay theo du lieu (phai xanh)	Chay Newman - 3 API + 3 lan chay theo du lieu	2026-08-20T08:07:44.7805280Z   │ anh cong (HTTP 200)'
Regression: 3 API + 3 lan chay theo du lieu (phai xanh)	Chay Newman - 3 API + 3 lan chay theo du lieu	2026-08-20T08:07:44.7805682Z   └
Regression: 3 API + 3 lan chay theo du lieu (phai xanh)	Chay Newman - 3 API + 3 lan chay theo du lieu	2026-08-20T08:07:44.7806343Z   ✓  Ghi nhan vi pham FR-10: don shipping khong duoc phep bi user huy
Regression: 3 API + 3 lan chay theo du lieu (phai xanh)	Chay Newman - 3 API + 3 lan chay theo du lieu	2026-08-20T08:07:44.7822903Z   GET http://localhost:3000/api/orders/my-orders [200 OK, 1.63kB, 3ms]
Regression: 3 API + 3 lan chay theo du lieu (phai xanh)	Chay Newman - 3 API + 3 lan chay theo du lieu	2026-08-20T08:07:44.7841931Z   ✓  GET /api/orders/my-orders: status = "canceled"
Regression: 3 API + 3 lan chay theo du lieu (phai xanh)	Chay Newman - 3 API + 3 lan chay theo du lieu	2026-08-20T08:07:44.7871384Z 
Regression: 3 API + 3 lan chay theo du lieu (phai xanh)	Chay Newman - 3 API + 3 lan chay theo du lieu	2026-08-20T08:07:44.7872082Z ↳ TC-API2-019 - Huy don delivered (trang thai ket thuc) -> 400
Regression: 3 API + 3 lan chay theo du lieu (phai xanh)	Chay Newman - 3 API + 3 lan chay theo du lieu	2026-08-20T08:07:44.7898325Z   ┌
Regression: 3 API + 3 lan chay theo du lieu (phai xanh)	Chay Newman - 3 API + 3 lan chay theo du lieu	2026-08-20T08:07:44.7899269Z   │ '[X-Student-Id] 23127344 -> PUT {{baseUrl}}/api/orders
Regression: 3 API + 3 lan chay theo du lieu (phai xanh)	Chay Newman - 3 API + 3 lan chay theo du lieu	2026-08-20T08:07:44.7900074Z   │ /{{orderId}}/cancel'
Regression: 3 API + 3 lan chay theo du lieu (phai xanh)	Chay Newman - 3 API + 3 lan chay theo du lieu	2026-08-20T08:07:44.7965436Z   └
Regression: 3 API + 3 lan chay theo du lieu (phai xanh)	Chay Newman - 3 API + 3 lan chay theo du lieu	2026-08-20T08:07:44.7999235Z   POST http://localhost:3000/api/checkout [200 OK, 313B, 3ms]
Regression: 3 API + 3 lan chay theo du lieu (phai xanh)	Chay Newman - 3 API + 3 lan chay theo du lieu	2026-08-20T08:07:44.8007494Z   ┌
Regression: 3 API + 3 lan chay theo du lieu (phai xanh)	Chay Newman - 3 API + 3 lan chay theo du lieu	2026-08-20T08:07:44.8008143Z   │ '[SETUP] tao don #12 (pending)'
Regression: 3 API + 3 lan chay theo du lieu (phai xanh)	Chay Newman - 3 API + 3 lan chay theo du lieu	2026-08-20T08:07:44.8029975Z   └
Regression: 3 API + 3 lan chay theo du lieu (phai xanh)	Chay Newman - 3 API + 3 lan chay theo du lieu	2026-08-20T08:07:44.8066934Z   PUT http://localhost:3000/api/admin/orders/12/status [200 OK, 301B, 4ms]
Regression: 3 API + 3 lan chay theo du lieu (phai xanh)	Chay Newman - 3 API + 3 lan chay theo du lieu	2026-08-20T08:07:44.8074318Z   ┌
Regression: 3 API + 3 lan chay theo du lieu (phai xanh)	Chay Newman - 3 API + 3 lan chay theo du lieu	2026-08-20T08:07:44.8074843Z   │ '[SETUP] don #12 -> confirmed (HTTP 200)'
Regression: 3 API + 3 lan chay theo du lieu (phai xanh)	Chay Newman - 3 API + 3 lan chay theo du lieu	2026-08-20T08:07:44.8095254Z   └
Regression: 3 API + 3 lan chay theo du lieu (phai xanh)	Chay Newman - 3 API + 3 lan chay theo du lieu	2026-08-20T08:07:44.8136533Z   PUT http://localhost:3000/api/admin/orders/12/status [200 OK, 301B, 4ms]
Regression: 3 API + 3 lan chay theo du lieu (phai xanh)	Chay Newman - 3 API + 3 lan chay theo du lieu	2026-08-20T08:07:44.8144519Z   ┌
Regression: 3 API + 3 lan chay theo du lieu (phai xanh)	Chay Newman - 3 API + 3 lan chay theo du lieu	2026-08-20T08:07:44.8145087Z   │ '[SETUP] don #12 -> shipping (HTTP 200)'
Regression: 3 API + 3 lan chay theo du lieu (phai xanh)	Chay Newman - 3 API + 3 lan chay theo du lieu	2026-08-20T08:07:44.8165749Z   └
Regression: 3 API + 3 lan chay theo du lieu (phai xanh)	Chay Newman - 3 API + 3 lan chay theo du lieu	2026-08-20T08:07:44.8206436Z   PUT http://localhost:3000/api/admin/orders/12/status [200 OK, 301B, 4ms]
Regression: 3 API + 3 lan chay theo du lieu (phai xanh)	Chay Newman - 3 API + 3 lan chay theo du lieu	2026-08-20T08:07:44.8213852Z   ┌
Regression: 3 API + 3 lan chay theo du lieu (phai xanh)	Chay Newman - 3 API + 3 lan chay theo du lieu	2026-08-20T08:07:44.8214380Z   │ '[SETUP] don #12 -> delivered (HTTP 200)'
Regression: 3 API + 3 lan chay theo du lieu (phai xanh)	Chay Newman - 3 API + 3 lan chay theo du lieu	2026-08-20T08:07:44.8257516Z   └
Regression: 3 API + 3 lan chay theo du lieu (phai xanh)	Chay Newman - 3 API + 3 lan chay theo du lieu	2026-08-20T08:07:44.8279113Z   PUT http://localhost:3000/api/orders/12/cancel [400 Bad Request, 313B, 2ms]
Regression: 3 API + 3 lan chay theo du lieu (phai xanh)	Chay Newman - 3 API + 3 lan chay theo du lieu	2026-08-20T08:07:44.8301315Z   ✓  [moi request] co header X-Student-Id = 23127344
Regression: 3 API + 3 lan chay theo du lieu (phai xanh)	Chay Newman - 3 API + 3 lan chay theo du lieu	2026-08-20T08:07:44.8331216Z   ✓  [API2] thoi gian phan hoi < 2000ms
Regression: 3 API + 3 lan chay theo du lieu (phai xanh)	Chay Newman - 3 API + 3 lan chay theo du lieu	2026-08-20T08:07:44.8365411Z   ✓  Status 400
Regression: 3 API + 3 lan chay theo du lieu (phai xanh)	Chay Newman - 3 API + 3 lan chay theo du lieu	2026-08-20T08:07:44.8368068Z   ✓  Body JSON khop chinh xac {"error":"Cannot cancel this order."}
Regression: 3 API + 3 lan chay theo du lieu (phai xanh)	Chay Newman - 3 API + 3 lan chay theo du lieu	2026-08-20T08:07:44.8412847Z   GET http://localhost:3000/api/orders/my-orders [200 OK, 1.77kB, 2ms]
Regression: 3 API + 3 lan chay theo du lieu (phai xanh)	Chay Newman - 3 API + 3 lan chay theo du lieu	2026-08-20T08:07:44.8432548Z   ✓  GET /api/orders/my-orders: status = "delivered"
Regression: 3 API + 3 lan chay theo du lieu (phai xanh)	Chay Newman - 3 API + 3 lan chay theo du lieu	2026-08-20T08:07:44.8470602Z 
Regression: 3 API + 3 lan chay theo du lieu (phai xanh)	Chay Newman - 3 API + 3 lan chay theo du lieu	2026-08-20T08:07:44.8471231Z ↳ TC-API2-020 - Huy don da canceled (trang thai ket thuc) -> 400
Regression: 3 API + 3 lan chay theo du lieu (phai xanh)	Chay Newman - 3 API + 3 lan chay theo du lieu	2026-08-20T08:07:44.8519961Z   ┌
Regression: 3 API + 3 lan chay theo du lieu (phai xanh)	Chay Newman - 3 API + 3 lan chay theo du lieu	2026-08-20T08:07:44.8521381Z   │ '[X-Student-Id] 23127344 -> PUT {{baseUrl}}/api/orders
Regression: 3 API + 3 lan chay theo du lieu (phai xanh)	Chay Newman - 3 API + 3 lan chay theo du lieu	2026-08-20T08:07:44.8522258Z   │ /{{orderId}}/cancel'
Regression: 3 API + 3 lan chay theo du lieu (phai xanh)	Chay Newman - 3 API + 3 lan chay theo du lieu	2026-08-20T08:07:44.8590193Z   └
Regression: 3 API + 3 lan chay theo du lieu (phai xanh)	Chay Newman - 3 API + 3 lan chay theo du lieu	2026-08-20T08:07:44.8631324Z   POST http://localhost:3000/api/checkout [200 OK, 313B, 4ms]
Regression: 3 API + 3 lan chay theo du lieu (phai xanh)	Chay Newman - 3 API + 3 lan chay theo du lieu	2026-08-20T08:07:44.8644100Z   ┌
Regression: 3 API + 3 lan chay theo du lieu (phai xanh)	Chay Newman - 3 API + 3 lan chay theo du lieu	2026-08-20T08:07:44.8644620Z   │ '[SETUP] tao don #13 (pending)'
Regression: 3 API + 3 lan chay theo du lieu (phai xanh)	Chay Newman - 3 API + 3 lan chay theo du lieu	2026-08-20T08:07:44.8661210Z   └
Regression: 3 API + 3 lan chay theo du lieu (phai xanh)	Chay Newman - 3 API + 3 lan chay theo du lieu	2026-08-20T08:07:44.8698436Z   PUT http://localhost:3000/api/orders/13/cancel [200 OK, 308B, 3ms]
Regression: 3 API + 3 lan chay theo du lieu (phai xanh)	Chay Newman - 3 API + 3 lan chay theo du lieu	2026-08-20T08:07:44.8706641Z   ┌
Regression: 3 API + 3 lan chay theo du lieu (phai xanh)	Chay Newman - 3 API + 3 lan chay theo du lieu	2026-08-20T08:07:44.8707246Z   │ '[SETUP] huy lan 1 don #13 -> HTTP 200'
Regression: 3 API + 3 lan chay theo du lieu (phai xanh)	Chay Newman - 3 API + 3 lan chay theo du lieu	2026-08-20T08:07:44.8750158Z   └
Regression: 3 API + 3 lan chay theo du lieu (phai xanh)	Chay Newman - 3 API + 3 lan chay theo du lieu	2026-08-20T08:07:44.8770623Z   PUT http://localhost:3000/api/orders/13/cancel [400 Bad Request, 313B, 2ms]
Regression: 3 API + 3 lan chay theo du lieu (phai xanh)	Chay Newman - 3 API + 3 lan chay theo du lieu	2026-08-20T08:07:44.8806180Z   ✓  [moi request] co header X-Student-Id = 23127344
Regression: 3 API + 3 lan chay theo du lieu (phai xanh)	Chay Newman - 3 API + 3 lan chay theo du lieu	2026-08-20T08:07:44.8844962Z   ✓  [API2] thoi gian phan hoi < 2000ms
Regression: 3 API + 3 lan chay theo du lieu (phai xanh)	Chay Newman - 3 API + 3 lan chay theo du lieu	2026-08-20T08:07:44.8882392Z   ✓  Status 400
Regression: 3 API + 3 lan chay theo du lieu (phai xanh)	Chay Newman - 3 API + 3 lan chay theo du lieu	2026-08-20T08:07:44.8885937Z   ✓  Body JSON khop chinh xac {"error":"Cannot cancel this order."}
Regression: 3 API + 3 lan chay theo du lieu (phai xanh)	Chay Newman - 3 API + 3 lan chay theo du lieu	2026-08-20T08:07:44.8933266Z   GET http://localhost:3000/api/orders/my-orders [200 OK, 1.91kB, 3ms]
Regression: 3 API + 3 lan chay theo du lieu (phai xanh)	Chay Newman - 3 API + 3 lan chay theo du lieu	2026-08-20T08:07:44.8954732Z   ✓  GET /api/orders/my-orders: status = "canceled"
Regression: 3 API + 3 lan chay theo du lieu (phai xanh)	Chay Newman - 3 API + 3 lan chay theo du lieu	2026-08-20T08:07:44.8995240Z 
Regression: 3 API + 3 lan chay theo du lieu (phai xanh)	Chay Newman - 3 API + 3 lan chay theo du lieu	2026-08-20T08:07:44.8996144Z ↳ TC-API2-021 - Huy lap: goi 2 lan lien tiep cung don
Regression: 3 API + 3 lan chay theo du lieu (phai xanh)	Chay Newman - 3 API + 3 lan chay theo du lieu	2026-08-20T08:07:44.9024590Z   ┌
Regression: 3 API + 3 lan chay theo du lieu (phai xanh)	Chay Newman - 3 API + 3 lan chay theo du lieu	2026-08-20T08:07:44.9025292Z   │ '[X-Student-Id] 23127344 -> PUT {{baseUrl}}/api/orders
Regression: 3 API + 3 lan chay theo du lieu (phai xanh)	Chay Newman - 3 API + 3 lan chay theo du lieu	2026-08-20T08:07:44.9026116Z   │ /{{orderId}}/cancel'
Regression: 3 API + 3 lan chay theo du lieu (phai xanh)	Chay Newman - 3 API + 3 lan chay theo du lieu	2026-08-20T08:07:44.9101854Z   └
Regression: 3 API + 3 lan chay theo du lieu (phai xanh)	Chay Newman - 3 API + 3 lan chay theo du lieu	2026-08-20T08:07:44.9137164Z   POST http://localhost:3000/api/checkout [200 OK, 313B, 3ms]
Regression: 3 API + 3 lan chay theo du lieu (phai xanh)	Chay Newman - 3 API + 3 lan chay theo du lieu	2026-08-20T08:07:44.9146119Z   ┌
Regression: 3 API + 3 lan chay theo du lieu (phai xanh)	Chay Newman - 3 API + 3 lan chay theo du lieu	2026-08-20T08:07:44.9146633Z   │ '[SETUP] tao don #14 (pending)'
Regression: 3 API + 3 lan chay theo du lieu (phai xanh)	Chay Newman - 3 API + 3 lan chay theo du lieu	2026-08-20T08:07:44.9165162Z   └
Regression: 3 API + 3 lan chay theo du lieu (phai xanh)	Chay Newman - 3 API + 3 lan chay theo du lieu	2026-08-20T08:07:44.9194648Z   PUT http://localhost:3000/api/orders/14/cancel [200 OK, 308B, 3ms]
Regression: 3 API + 3 lan chay theo du lieu (phai xanh)	Chay Newman - 3 API + 3 lan chay theo du lieu	2026-08-20T08:07:44.9201366Z   ┌
Regression: 3 API + 3 lan chay theo du lieu (phai xanh)	Chay Newman - 3 API + 3 lan chay theo du lieu	2026-08-20T08:07:44.9201890Z   │ '[SETUP] huy lan 1 don #14 -> HTTP 200'
Regression: 3 API + 3 lan chay theo du lieu (phai xanh)	Chay Newman - 3 API + 3 lan chay theo du lieu	2026-08-20T08:07:44.9242431Z   └
Regression: 3 API + 3 lan chay theo du lieu (phai xanh)	Chay Newman - 3 API + 3 lan chay theo du lieu	2026-08-20T08:07:44.9277647Z   PUT http://localhost:3000/api/orders/14/cancel [400 Bad Request, 313B, 3ms]
Regression: 3 API + 3 lan chay theo du lieu (phai xanh)	Chay Newman - 3 API + 3 lan chay theo du lieu	2026-08-20T08:07:44.9301737Z   ✓  [moi request] co header X-Student-Id = 23127344
Regression: 3 API + 3 lan chay theo du lieu (phai xanh)	Chay Newman - 3 API + 3 lan chay theo du lieu	2026-08-20T08:07:44.9334460Z   ✓  [API2] thoi gian phan hoi < 2000ms
Regression: 3 API + 3 lan chay theo du lieu (phai xanh)	Chay Newman - 3 API + 3 lan chay theo du lieu	2026-08-20T08:07:44.9368001Z   ✓  Lan huy dau tien tra 200
Regression: 3 API + 3 lan chay theo du lieu (phai xanh)	Chay Newman - 3 API + 3 lan chay theo du lieu	2026-08-20T08:07:44.9371496Z   ✓  Status 400
Regression: 3 API + 3 lan chay theo du lieu (phai xanh)	Chay Newman - 3 API + 3 lan chay theo du lieu	2026-08-20T08:07:44.9374505Z   ✓  Body JSON khop chinh xac {"error":"Cannot cancel this order."}
Regression: 3 API + 3 lan chay theo du lieu (phai xanh)	Chay Newman - 3 API + 3 lan chay theo du lieu	2026-08-20T08:07:44.9430668Z   GET http://localhost:3000/api/orders/my-orders [200 OK, 2.04kB, 3ms]
Regression: 3 API + 3 lan chay theo du lieu (phai xanh)	Chay Newman - 3 API + 3 lan chay theo du lieu	2026-08-20T08:07:44.9450575Z   ✓  GET /api/orders/my-orders: status = "canceled"
Regression: 3 API + 3 lan chay theo du lieu (phai xanh)	Chay Newman - 3 API + 3 lan chay theo du lieu	2026-08-20T08:07:44.9487877Z 
Regression: 3 API + 3 lan chay theo du lieu (phai xanh)	Chay Newman - 3 API + 3 lan chay theo du lieu	2026-08-20T08:07:44.9488380Z ↳ TC-API2-023 - Route admin TU CHOI shipping -> canceled (doi chung)
Regression: 3 API + 3 lan chay theo du lieu (phai xanh)	Chay Newman - 3 API + 3 lan chay theo du lieu	2026-08-20T08:07:44.9514999Z   ┌
Regression: 3 API + 3 lan chay theo du lieu (phai xanh)	Chay Newman - 3 API + 3 lan chay theo du lieu	2026-08-20T08:07:44.9515565Z   │ '[X-Student-Id] 23127344 -> PUT {{baseUrl}}/api/admin/
Regression: 3 API + 3 lan chay theo du lieu (phai xanh)	Chay Newman - 3 API + 3 lan chay theo du lieu	2026-08-20T08:07:44.9516307Z   │ orders/{{orderId}}/status'
Regression: 3 API + 3 lan chay theo du lieu (phai xanh)	Chay Newman - 3 API + 3 lan chay theo du lieu	2026-08-20T08:07:44.9587649Z   └
Regression: 3 API + 3 lan chay theo du lieu (phai xanh)	Chay Newman - 3 API + 3 lan chay theo du lieu	2026-08-20T08:07:44.9627533Z   POST http://localhost:3000/api/checkout [200 OK, 313B, 4ms]
Regression: 3 API + 3 lan chay theo du lieu (phai xanh)	Chay Newman - 3 API + 3 lan chay theo du lieu	2026-08-20T08:07:44.9647071Z   ┌
Regression: 3 API + 3 lan chay theo du lieu (phai xanh)	Chay Newman - 3 API + 3 lan chay theo du lieu	2026-08-20T08:07:44.9647555Z   │ '[SETUP] tao don #15 (pending)'
Regression: 3 API + 3 lan chay theo du lieu (phai xanh)	Chay Newman - 3 API + 3 lan chay theo du lieu	2026-08-20T08:07:44.9656549Z   └
Regression: 3 API + 3 lan chay theo du lieu (phai xanh)	Chay Newman - 3 API + 3 lan chay theo du lieu	2026-08-20T08:07:44.9694218Z   PUT http://localhost:3000/api/admin/orders/15/status [200 OK, 301B, 4ms]
Regression: 3 API + 3 lan chay theo du lieu (phai xanh)	Chay Newman - 3 API + 3 lan chay theo du lieu	2026-08-20T08:07:44.9701454Z   ┌
Regression: 3 API + 3 lan chay theo du lieu (phai xanh)	Chay Newman - 3 API + 3 lan chay theo du lieu	2026-08-20T08:07:44.9702076Z   │ '[SETUP] don #15 -> confirmed (HTTP 200)'
Regression: 3 API + 3 lan chay theo du lieu (phai xanh)	Chay Newman - 3 API + 3 lan chay theo du lieu	2026-08-20T08:07:44.9710758Z   └
Regression: 3 API + 3 lan chay theo du lieu (phai xanh)	Chay Newman - 3 API + 3 lan chay theo du lieu	2026-08-20T08:07:44.9744302Z   PUT http://localhost:3000/api/admin/orders/15/status [200 OK, 301B, 3ms]
Regression: 3 API + 3 lan chay theo du lieu (phai xanh)	Chay Newman - 3 API + 3 lan chay theo du lieu	2026-08-20T08:07:44.9750259Z   ┌
Regression: 3 API + 3 lan chay theo du lieu (phai xanh)	Chay Newman - 3 API + 3 lan chay theo du lieu	2026-08-20T08:07:44.9750968Z   │ '[SETUP] don #15 -> shipping (HTTP 200)'
Regression: 3 API + 3 lan chay theo du lieu (phai xanh)	Chay Newman - 3 API + 3 lan chay theo du lieu	2026-08-20T08:07:44.9781018Z   └
Regression: 3 API + 3 lan chay theo du lieu (phai xanh)	Chay Newman - 3 API + 3 lan chay theo du lieu	2026-08-20T08:07:44.9799626Z   PUT http://localhost:3000/api/admin/orders/15/status [400 Bad Request, 338B, 1ms]
Regression: 3 API + 3 lan chay theo du lieu (phai xanh)	Chay Newman - 3 API + 3 lan chay theo du lieu	2026-08-20T08:07:44.9831667Z   ✓  [moi request] co header X-Student-Id = 23127344
Regression: 3 API + 3 lan chay theo du lieu (phai xanh)	Chay Newman - 3 API + 3 lan chay theo du lieu	2026-08-20T08:07:44.9862721Z   ✓  [API2] thoi gian phan hoi < 2000ms
Regression: 3 API + 3 lan chay theo du lieu (phai xanh)	Chay Newman - 3 API + 3 lan chay theo du lieu	2026-08-20T08:07:44.9897970Z   ✓  Status 400
Regression: 3 API + 3 lan chay theo du lieu (phai xanh)	Chay Newman - 3 API + 3 lan chay theo du lieu	2026-08-20T08:07:44.9900466Z   ✓  Body.error = "Invalid state transition from shipping to canceled"
Regression: 3 API + 3 lan chay theo du lieu (phai xanh)	Chay Newman - 3 API + 3 lan chay theo du lieu	2026-08-20T08:07:44.9940800Z   GET http://localhost:3000/api/orders/my-orders [200 OK, 2.18kB, 2ms]
Regression: 3 API + 3 lan chay theo du lieu (phai xanh)	Chay Newman - 3 API + 3 lan chay theo du lieu	2026-08-20T08:07:44.9976452Z   ✓  GET /api/orders/my-orders: status = "shipping"
Regression: 3 API + 3 lan chay theo du lieu (phai xanh)	Chay Newman - 3 API + 3 lan chay theo du lieu	2026-08-20T08:07:45.0027782Z 
Regression: 3 API + 3 lan chay theo du lieu (phai xanh)	Chay Newman - 3 API + 3 lan chay theo du lieu	2026-08-20T08:07:45.0028480Z ↳ TC-API2-024 - Route admin CHO PHEP canceled -> delivered (mau thuan FR-10)
Regression: 3 API + 3 lan chay theo du lieu (phai xanh)	Chay Newman - 3 API + 3 lan chay theo du lieu	2026-08-20T08:07:45.0058339Z   ┌
Regression: 3 API + 3 lan chay theo du lieu (phai xanh)	Chay Newman - 3 API + 3 lan chay theo du lieu	2026-08-20T08:07:45.0059129Z   │ '[X-Student-Id] 23127344 -> PUT {{baseUrl}}/api/admin/
Regression: 3 API + 3 lan chay theo du lieu (phai xanh)	Chay Newman - 3 API + 3 lan chay theo du lieu	2026-08-20T08:07:45.0059772Z   │ orders/{{orderId}}/status'
Regression: 3 API + 3 lan chay theo du lieu (phai xanh)	Chay Newman - 3 API + 3 lan chay theo du lieu	2026-08-20T08:07:45.0125163Z   └
Regression: 3 API + 3 lan chay theo du lieu (phai xanh)	Chay Newman - 3 API + 3 lan chay theo du lieu	2026-08-20T08:07:45.0166281Z   POST http://localhost:3000/api/checkout [200 OK, 313B, 4ms]
Regression: 3 API + 3 lan chay theo du lieu (phai xanh)	Chay Newman - 3 API + 3 lan chay theo du lieu	2026-08-20T08:07:45.0173477Z   ┌
Regression: 3 API + 3 lan chay theo du lieu (phai xanh)	Chay Newman - 3 API + 3 lan chay theo du lieu	2026-08-20T08:07:45.0173831Z   │ '[SETUP] tao don #16 (pending)'
Regression: 3 API + 3 lan chay theo du lieu (phai xanh)	Chay Newman - 3 API + 3 lan chay theo du lieu	2026-08-20T08:07:45.0181551Z   └
Regression: 3 API + 3 lan chay theo du lieu (phai xanh)	Chay Newman - 3 API + 3 lan chay theo du lieu	2026-08-20T08:07:45.0213842Z   PUT http://localhost:3000/api/orders/16/cancel [200 OK, 308B, 3ms]
Regression: 3 API + 3 lan chay theo du lieu (phai xanh)	Chay Newman - 3 API + 3 lan chay theo du lieu	2026-08-20T08:07:45.0221449Z   ┌
Regression: 3 API + 3 lan chay theo du lieu (phai xanh)	Chay Newman - 3 API + 3 lan chay theo du lieu	2026-08-20T08:07:45.0222026Z   │ '[SETUP] huy lan 1 don #16 -> HTTP 200'
Regression: 3 API + 3 lan chay theo du lieu (phai xanh)	Chay Newman - 3 API + 3 lan chay theo du lieu	2026-08-20T08:07:45.0263438Z   └
Regression: 3 API + 3 lan chay theo du lieu (phai xanh)	Chay Newman - 3 API + 3 lan chay theo du lieu	2026-08-20T08:07:45.0300898Z   PUT http://localhost:3000/api/admin/orders/16/status [200 OK, 301B, 3ms]
Regression: 3 API + 3 lan chay theo du lieu (phai xanh)	Chay Newman - 3 API + 3 lan chay theo du lieu	2026-08-20T08:07:45.0332984Z   ✓  [moi request] co header X-Student-Id = 23127344
Regression: 3 API + 3 lan chay theo du lieu (phai xanh)	Chay Newman - 3 API + 3 lan chay theo du lieu	2026-08-20T08:07:45.0365563Z   ✓  [API2] thoi gian phan hoi < 2000ms
Regression: 3 API + 3 lan chay theo du lieu (phai xanh)	Chay Newman - 3 API + 3 lan chay theo du lieu	2026-08-20T08:07:45.0407295Z   ✓  Status 200
Regression: 3 API + 3 lan chay theo du lieu (phai xanh)	Chay Newman - 3 API + 3 lan chay theo du lieu	2026-08-20T08:07:45.0410326Z   ✓  Body.message = "Order status updated"
Regression: 3 API + 3 lan chay theo du lieu (phai xanh)	Chay Newman - 3 API + 3 lan chay theo du lieu	2026-08-20T08:07:45.0449371Z   GET http://localhost:3000/api/orders/my-orders [200 OK, 2.32kB, 2ms]
Regression: 3 API + 3 lan chay theo du lieu (phai xanh)	Chay Newman - 3 API + 3 lan chay theo du lieu	2026-08-20T08:07:45.0474602Z   ✓  GET /api/orders/my-orders: status = "delivered"
Regression: 3 API + 3 lan chay theo du lieu (phai xanh)	Chay Newman - 3 API + 3 lan chay theo du lieu	2026-08-20T08:07:45.0511834Z 
Regression: 3 API + 3 lan chay theo du lieu (phai xanh)	Chay Newman - 3 API + 3 lan chay theo du lieu	2026-08-20T08:07:45.0512514Z ↳ TC-API2-025 - Khong gui header Authorization -> 401
Regression: 3 API + 3 lan chay theo du lieu (phai xanh)	Chay Newman - 3 API + 3 lan chay theo du lieu	2026-08-20T08:07:45.0537447Z   ┌
Regression: 3 API + 3 lan chay theo du lieu (phai xanh)	Chay Newman - 3 API + 3 lan chay theo du lieu	2026-08-20T08:07:45.0538024Z   │ '[X-Student-Id] 23127344 -> PUT {{baseUrl}}/api/orders
Regression: 3 API + 3 lan chay theo du lieu (phai xanh)	Chay Newman - 3 API + 3 lan chay theo du lieu	2026-08-20T08:07:45.0538963Z   │ /1/cancel'
Regression: 3 API + 3 lan chay theo du lieu (phai xanh)	Chay Newman - 3 API + 3 lan chay theo du lieu	2026-08-20T08:07:45.0598472Z   └
Regression: 3 API + 3 lan chay theo du lieu (phai xanh)	Chay Newman - 3 API + 3 lan chay theo du lieu	2026-08-20T08:07:45.0620017Z   PUT http://localhost:3000/api/orders/1/cancel [401 Unauthorized, 301B, 2ms]
Regression: 3 API + 3 lan chay theo du lieu (phai xanh)	Chay Newman - 3 API + 3 lan chay theo du lieu	2026-08-20T08:07:45.0655484Z   ✓  [moi request] co header X-Student-Id = 23127344
Regression: 3 API + 3 lan chay theo du lieu (phai xanh)	Chay Newman - 3 API + 3 lan chay theo du lieu	2026-08-20T08:07:45.0692057Z   ✓  [API2] thoi gian phan hoi < 2000ms
Regression: 3 API + 3 lan chay theo du lieu (phai xanh)	Chay Newman - 3 API + 3 lan chay theo du lieu	2026-08-20T08:07:45.0742211Z   ✓  Status 401
Regression: 3 API + 3 lan chay theo du lieu (phai xanh)	Chay Newman - 3 API + 3 lan chay theo du lieu	2026-08-20T08:07:45.0745866Z   ✓  Body JSON khop chinh xac {"error":"Unauthorized"}
Regression: 3 API + 3 lan chay theo du lieu (phai xanh)	Chay Newman - 3 API + 3 lan chay theo du lieu	2026-08-20T08:07:45.0798157Z 
Regression: 3 API + 3 lan chay theo du lieu (phai xanh)	Chay Newman - 3 API + 3 lan chay theo du lieu	2026-08-20T08:07:45.0798893Z ↳ TC-API2-026 - Header Authorization rong -> 403
Regression: 3 API + 3 lan chay theo du lieu (phai xanh)	Chay Newman - 3 API + 3 lan chay theo du lieu	2026-08-20T08:07:45.0824082Z   ┌
Regression: 3 API + 3 lan chay theo du lieu (phai xanh)	Chay Newman - 3 API + 3 lan chay theo du lieu	2026-08-20T08:07:45.0824692Z   │ '[X-Student-Id] 23127344 -> PUT {{baseUrl}}/api/orders
Regression: 3 API + 3 lan chay theo du lieu (phai xanh)	Chay Newman - 3 API + 3 lan chay theo du lieu	2026-08-20T08:07:45.0825345Z   │ /1/cancel'
Regression: 3 API + 3 lan chay theo du lieu (phai xanh)	Chay Newman - 3 API + 3 lan chay theo du lieu	2026-08-20T08:07:45.0883975Z   └
Regression: 3 API + 3 lan chay theo du lieu (phai xanh)	Chay Newman - 3 API + 3 lan chay theo du lieu	2026-08-20T08:07:45.0903120Z   PUT http://localhost:3000/api/orders/1/cancel [403 Forbidden, 295B, 2ms]
Regression: 3 API + 3 lan chay theo du lieu (phai xanh)	Chay Newman - 3 API + 3 lan chay theo du lieu	2026-08-20T08:07:45.0936478Z   ✓  [moi request] co header X-Student-Id = 23127344
Regression: 3 API + 3 lan chay theo du lieu (phai xanh)	Chay Newman - 3 API + 3 lan chay theo du lieu	2026-08-20T08:07:45.0966524Z   ✓  [API2] thoi gian phan hoi < 2000ms
Regression: 3 API + 3 lan chay theo du lieu (phai xanh)	Chay Newman - 3 API + 3 lan chay theo du lieu	2026-08-20T08:07:45.0997535Z   ✓  Status 403
Regression: 3 API + 3 lan chay theo du lieu (phai xanh)	Chay Newman - 3 API + 3 lan chay theo du lieu	2026-08-20T08:07:45.1001563Z   ✓  Body JSON khop chinh xac {"error":"Forbidden"}
Regression: 3 API + 3 lan chay theo du lieu (phai xanh)	Chay Newman - 3 API + 3 lan chay theo du lieu	2026-08-20T08:07:45.1037404Z 
Regression: 3 API + 3 lan chay theo du lieu (phai xanh)	Chay Newman - 3 API + 3 lan chay theo du lieu	2026-08-20T08:07:45.1038083Z ↳ TC-API2-027 - Header khong co dau cach phan tach -> 401
Regression: 3 API + 3 lan chay theo du lieu (phai xanh)	Chay Newman - 3 API + 3 lan chay theo du lieu	2026-08-20T08:07:45.1063310Z   ┌
Regression: 3 API + 3 lan chay theo du lieu (phai xanh)	Chay Newman - 3 API + 3 lan chay theo du lieu	2026-08-20T08:07:45.1064764Z   │ '[X-Student-Id] 23127344 -> PUT {{baseUrl}}/api/orders
Regression: 3 API + 3 lan chay theo du lieu (phai xanh)	Chay Newman - 3 API + 3 lan chay theo du lieu	2026-08-20T08:07:45.1065488Z   │ /1/cancel'
Regression: 3 API + 3 lan chay theo du lieu (phai xanh)	Chay Newman - 3 API + 3 lan chay theo du lieu	2026-08-20T08:07:45.1137979Z   └
Regression: 3 API + 3 lan chay theo du lieu (phai xanh)	Chay Newman - 3 API + 3 lan chay theo du lieu	2026-08-20T08:07:45.1157851Z   PUT http://localhost:3000/api/orders/1/cancel [401 Unauthorized, 301B, 2ms]
Regression: 3 API + 3 lan chay theo du lieu (phai xanh)	Chay Newman - 3 API + 3 lan chay theo du lieu	2026-08-20T08:07:45.1195252Z   ✓  [moi request] co header X-Student-Id = 23127344
Regression: 3 API + 3 lan chay theo du lieu (phai xanh)	Chay Newman - 3 API + 3 lan chay theo du lieu	2026-08-20T08:07:45.1230649Z   ✓  [API2] thoi gian phan hoi < 2000ms
Regression: 3 API + 3 lan chay theo du lieu (phai xanh)	Chay Newman - 3 API + 3 lan chay theo du lieu	2026-08-20T08:07:45.1262814Z   ✓  Status 401
Regression: 3 API + 3 lan chay theo du lieu (phai xanh)	Chay Newman - 3 API + 3 lan chay theo du lieu	2026-08-20T08:07:45.1265787Z   ✓  Body JSON khop chinh xac {"error":"Unauthorized"}
Regression: 3 API + 3 lan chay theo du lieu (phai xanh)	Chay Newman - 3 API + 3 lan chay theo du lieu	2026-08-20T08:07:45.1302173Z 
Regression: 3 API + 3 lan chay theo du lieu (phai xanh)	Chay Newman - 3 API + 3 lan chay theo du lieu	2026-08-20T08:07:45.1302791Z ↳ TC-API2-028 - Scheme khong chuan (Basic) van duoc chap nhan
Regression: 3 API + 3 lan chay theo du lieu (phai xanh)	Chay Newman - 3 API + 3 lan chay theo du lieu	2026-08-20T08:07:45.1329765Z   ┌
Regression: 3 API + 3 lan chay theo du lieu (phai xanh)	Chay Newman - 3 API + 3 lan chay theo du lieu	2026-08-20T08:07:45.1330787Z   │ '[X-Student-Id] 23127344 -> PUT {{baseUrl}}/api/orders
Regression: 3 API + 3 lan chay theo du lieu (phai xanh)	Chay Newman - 3 API + 3 lan chay theo du lieu	2026-08-20T08:07:45.1331946Z   │ /{{orderId}}/cancel'
Regression: 3 API + 3 lan chay theo du lieu (phai xanh)	Chay Newman - 3 API + 3 lan chay theo du lieu	2026-08-20T08:07:45.1398407Z   └
Regression: 3 API + 3 lan chay theo du lieu (phai xanh)	Chay Newman - 3 API + 3 lan chay theo du lieu	2026-08-20T08:07:45.1439337Z   POST http://localhost:3000/api/checkout [200 OK, 313B, 4ms]
Regression: 3 API + 3 lan chay theo du lieu (phai xanh)	Chay Newman - 3 API + 3 lan chay theo du lieu	2026-08-20T08:07:45.1447133Z   ┌
Regression: 3 API + 3 lan chay theo du lieu (phai xanh)	Chay Newman - 3 API + 3 lan chay theo du lieu	2026-08-20T08:07:45.1447633Z   │ '[SETUP] tao don #17 (pending)'
Regression: 3 API + 3 lan chay theo du lieu (phai xanh)	Chay Newman - 3 API + 3 lan chay theo du lieu	2026-08-20T08:07:45.1487603Z   └
Regression: 3 API + 3 lan chay theo du lieu (phai xanh)	Chay Newman - 3 API + 3 lan chay theo du lieu	2026-08-20T08:07:45.1526305Z   PUT http://localhost:3000/api/orders/17/cancel [200 OK, 308B, 4ms]
Regression: 3 API + 3 lan chay theo du lieu (phai xanh)	Chay Newman - 3 API + 3 lan chay theo du lieu	2026-08-20T08:07:45.1561548Z   ✓  [moi request] co header X-Student-Id = 23127344
Regression: 3 API + 3 lan chay theo du lieu (phai xanh)	Chay Newman - 3 API + 3 lan chay theo du lieu	2026-08-20T08:07:45.1591751Z   ✓  [API2] thoi gian phan hoi < 2000ms
Regression: 3 API + 3 lan chay theo du lieu (phai xanh)	Chay Newman - 3 API + 3 lan chay theo du lieu	2026-08-20T08:07:45.1622666Z   ✓  Status 200
Regression: 3 API + 3 lan chay theo du lieu (phai xanh)	Chay Newman - 3 API + 3 lan chay theo du lieu	2026-08-20T08:07:45.1626763Z   ✓  Body JSON khop chinh xac {"message":"Order canceled successfully"}
Regression: 3 API + 3 lan chay theo du lieu (phai xanh)	Chay Newman - 3 API + 3 lan chay theo du lieu	2026-08-20T08:07:45.1671547Z   GET http://localhost:3000/api/orders/my-orders [200 OK, 2.45kB, 2ms]
Regression: 3 API + 3 lan chay theo du lieu (phai xanh)	Chay Newman - 3 API + 3 lan chay theo du lieu	2026-08-20T08:07:45.1695729Z   ✓  GET /api/orders/my-orders: status = "canceled"
Regression: 3 API + 3 lan chay theo du lieu (phai xanh)	Chay Newman - 3 API + 3 lan chay theo du lieu	2026-08-20T08:07:45.1732540Z 
Regression: 3 API + 3 lan chay theo du lieu (phai xanh)	Chay Newman - 3 API + 3 lan chay theo du lieu	2026-08-20T08:07:45.1733245Z ↳ TC-API2-029 - JWT sai cu phap -> 403
Regression: 3 API + 3 lan chay theo du lieu (phai xanh)	Chay Newman - 3 API + 3 lan chay theo du lieu	2026-08-20T08:07:45.1760783Z   ┌
Regression: 3 API + 3 lan chay theo du lieu (phai xanh)	Chay Newman - 3 API + 3 lan chay theo du lieu	2026-08-20T08:07:45.1761265Z   │ '[X-Student-Id] 23127344 -> PUT {{baseUrl}}/api/orders
Regression: 3 API + 3 lan chay theo du lieu (phai xanh)	Chay Newman - 3 API + 3 lan chay theo du lieu	2026-08-20T08:07:45.1761657Z   │ /1/cancel'
Regression: 3 API + 3 lan chay theo du lieu (phai xanh)	Chay Newman - 3 API + 3 lan chay theo du lieu	2026-08-20T08:07:45.1823933Z   └
Regression: 3 API + 3 lan chay theo du lieu (phai xanh)	Chay Newman - 3 API + 3 lan chay theo du lieu	2026-08-20T08:07:45.1842993Z   PUT http://localhost:3000/api/orders/1/cancel [403 Forbidden, 295B, 2ms]
Regression: 3 API + 3 lan chay theo du lieu (phai xanh)	Chay Newman - 3 API + 3 lan chay theo du lieu	2026-08-20T08:07:45.1879843Z   ✓  [moi request] co header X-Student-Id = 23127344
Regression: 3 API + 3 lan chay theo du lieu (phai xanh)	Chay Newman - 3 API + 3 lan chay theo du lieu	2026-08-20T08:07:45.1912317Z   ✓  [API2] thoi gian phan hoi < 2000ms
Regression: 3 API + 3 lan chay theo du lieu (phai xanh)	Chay Newman - 3 API + 3 lan chay theo du lieu	2026-08-20T08:07:45.1943674Z   ✓  Status 403
Regression: 3 API + 3 lan chay theo du lieu (phai xanh)	Chay Newman - 3 API + 3 lan chay theo du lieu	2026-08-20T08:07:45.1946963Z   ✓  Body JSON khop chinh xac {"error":"Forbidden"}
Regression: 3 API + 3 lan chay theo du lieu (phai xanh)	Chay Newman - 3 API + 3 lan chay theo du lieu	2026-08-20T08:07:45.1983430Z 
Regression: 3 API + 3 lan chay theo du lieu (phai xanh)	Chay Newman - 3 API + 3 lan chay theo du lieu	2026-08-20T08:07:45.1984034Z ↳ TC-API2-030 - JWT ky bang secret khac -> 403
Regression: 3 API + 3 lan chay theo du lieu (phai xanh)	Chay Newman - 3 API + 3 lan chay theo du lieu	2026-08-20T08:07:45.2014489Z   ┌
Regression: 3 API + 3 lan chay theo du lieu (phai xanh)	Chay Newman - 3 API + 3 lan chay theo du lieu	2026-08-20T08:07:45.2015338Z   │ '[X-Student-Id] 23127344 -> PUT {{baseUrl}}/api/orders
Regression: 3 API + 3 lan chay theo du lieu (phai xanh)	Chay Newman - 3 API + 3 lan chay theo du lieu	2026-08-20T08:07:45.2016144Z   │ /1/cancel'
Regression: 3 API + 3 lan chay theo du lieu (phai xanh)	Chay Newman - 3 API + 3 lan chay theo du lieu	2026-08-20T08:07:45.2094595Z   └
Regression: 3 API + 3 lan chay theo du lieu (phai xanh)	Chay Newman - 3 API + 3 lan chay theo du lieu	2026-08-20T08:07:45.2115832Z   PUT http://localhost:3000/api/orders/1/cancel [403 Forbidden, 295B, 2ms]
Regression: 3 API + 3 lan chay theo du lieu (phai xanh)	Chay Newman - 3 API + 3 lan chay theo du lieu	2026-08-20T08:07:45.2143150Z   ✓  [moi request] co header X-Student-Id = 23127344
Regression: 3 API + 3 lan chay theo du lieu (phai xanh)	Chay Newman - 3 API + 3 lan chay theo du lieu	2026-08-20T08:07:45.2185793Z   ✓  [API2] thoi gian phan hoi < 2000ms
Regression: 3 API + 3 lan chay theo du lieu (phai xanh)	Chay Newman - 3 API + 3 lan chay theo du lieu	2026-08-20T08:07:45.2216202Z   ✓  Status 403
Regression: 3 API + 3 lan chay theo du lieu (phai xanh)	Chay Newman - 3 API + 3 lan chay theo du lieu	2026-08-20T08:07:45.2219401Z   ✓  Body JSON khop chinh xac {"error":"Forbidden"}
Regression: 3 API + 3 lan chay theo du lieu (phai xanh)	Chay Newman - 3 API + 3 lan chay theo du lieu	2026-08-20T08:07:45.2252419Z 
Regression: 3 API + 3 lan chay theo du lieu (phai xanh)	Chay Newman - 3 API + 3 lan chay theo du lieu	2026-08-20T08:07:45.2252871Z ↳ TC-API2-031 - Token tu ky co exp qua khu -> 403
Regression: 3 API + 3 lan chay theo du lieu (phai xanh)	Chay Newman - 3 API + 3 lan chay theo du lieu	2026-08-20T08:07:45.2278901Z   ┌
Regression: 3 API + 3 lan chay theo du lieu (phai xanh)	Chay Newman - 3 API + 3 lan chay theo du lieu	2026-08-20T08:07:45.2279436Z   │ '[X-Student-Id] 23127344 -> PUT {{baseUrl}}/api/orders
Regression: 3 API + 3 lan chay theo du lieu (phai xanh)	Chay Newman - 3 API + 3 lan chay theo du lieu	2026-08-20T08:07:45.2280082Z   │ /1/cancel'
Regression: 3 API + 3 lan chay theo du lieu (phai xanh)	Chay Newman - 3 API + 3 lan chay theo du lieu	2026-08-20T08:07:45.2335667Z   └
Regression: 3 API + 3 lan chay theo du lieu (phai xanh)	Chay Newman - 3 API + 3 lan chay theo du lieu	2026-08-20T08:07:45.2355927Z   PUT http://localhost:3000/api/orders/1/cancel [403 Forbidden, 295B, 2ms]
Regression: 3 API + 3 lan chay theo du lieu (phai xanh)	Chay Newman - 3 API + 3 lan chay theo du lieu	2026-08-20T08:07:45.2384406Z   ✓  [moi request] co header X-Student-Id = 23127344
Regression: 3 API + 3 lan chay theo du lieu (phai xanh)	Chay Newman - 3 API + 3 lan chay theo du lieu	2026-08-20T08:07:45.2435140Z   ✓  [API2] thoi gian phan hoi < 2000ms
Regression: 3 API + 3 lan chay theo du lieu (phai xanh)	Chay Newman - 3 API + 3 lan chay theo du lieu	2026-08-20T08:07:45.2472198Z   ✓  Status 403
Regression: 3 API + 3 lan chay theo du lieu (phai xanh)	Chay Newman - 3 API + 3 lan chay theo du lieu	2026-08-20T08:07:45.2474960Z   ✓  Body JSON khop chinh xac {"error":"Forbidden"}
Regression: 3 API + 3 lan chay theo du lieu (phai xanh)	Chay Newman - 3 API + 3 lan chay theo du lieu	2026-08-20T08:07:45.2510622Z 
Regression: 3 API + 3 lan chay theo du lieu (phai xanh)	Chay Newman - 3 API + 3 lan chay theo du lieu	2026-08-20T08:07:45.2511127Z ↳ TC-API2-032 - Token hop le voi id nguoi dung khong ton tai -> 404
Regression: 3 API + 3 lan chay theo du lieu (phai xanh)	Chay Newman - 3 API + 3 lan chay theo du lieu	2026-08-20T08:07:45.2537173Z   ┌
Regression: 3 API + 3 lan chay theo du lieu (phai xanh)	Chay Newman - 3 API + 3 lan chay theo du lieu	2026-08-20T08:07:45.2537868Z   │ '[X-Student-Id] 23127344 -> PUT {{baseUrl}}/api/orders
Regression: 3 API + 3 lan chay theo du lieu (phai xanh)	Chay Newman - 3 API + 3 lan chay theo du lieu	2026-08-20T08:07:45.2538881Z   │ /{{orderId}}/cancel'
Regression: 3 API + 3 lan chay theo du lieu (phai xanh)	Chay Newman - 3 API + 3 lan chay theo du lieu	2026-08-20T08:07:45.2601052Z   └
Regression: 3 API + 3 lan chay theo du lieu (phai xanh)	Chay Newman - 3 API + 3 lan chay theo du lieu	2026-08-20T08:07:45.2637739Z   POST http://localhost:3000/api/checkout [200 OK, 313B, 3ms]
Regression: 3 API + 3 lan chay theo du lieu (phai xanh)	Chay Newman - 3 API + 3 lan chay theo du lieu	2026-08-20T08:07:45.2645355Z   ┌
Regression: 3 API + 3 lan chay theo du lieu (phai xanh)	Chay Newman - 3 API + 3 lan chay theo du lieu	2026-08-20T08:07:45.2645734Z   │ '[SETUP] tao don #18 (pending)'
Regression: 3 API + 3 lan chay theo du lieu (phai xanh)	Chay Newman - 3 API + 3 lan chay theo du lieu	2026-08-20T08:07:45.2686505Z   └
Regression: 3 API + 3 lan chay theo du lieu (phai xanh)	Chay Newman - 3 API + 3 lan chay theo du lieu	2026-08-20T08:07:45.2709927Z   PUT http://localhost:3000/api/orders/18/cancel [404 Not Found, 301B, 2ms]
Regression: 3 API + 3 lan chay theo du lieu (phai xanh)	Chay Newman - 3 API + 3 lan chay theo du lieu	2026-08-20T08:07:45.2744064Z   ✓  [moi request] co header X-Student-Id = 23127344
Regression: 3 API + 3 lan chay theo du lieu (phai xanh)	Chay Newman - 3 API + 3 lan chay theo du lieu	2026-08-20T08:07:45.2775347Z   ✓  [API2] thoi gian phan hoi < 2000ms
Regression: 3 API + 3 lan chay theo du lieu (phai xanh)	Chay Newman - 3 API + 3 lan chay theo du lieu	2026-08-20T08:07:45.2822438Z   ✓  Status 404
Regression: 3 API + 3 lan chay theo du lieu (phai xanh)	Chay Newman - 3 API + 3 lan chay theo du lieu	2026-08-20T08:07:45.2829900Z   ✓  Body JSON khop chinh xac {"error":"Order not found"}
Regression: 3 API + 3 lan chay theo du lieu (phai xanh)	Chay Newman - 3 API + 3 lan chay theo du lieu	2026-08-20T08:07:45.2871288Z   GET http://localhost:3000/api/orders/my-orders [200 OK, 2.59kB, 2ms]
Regression: 3 API + 3 lan chay theo du lieu (phai xanh)	Chay Newman - 3 API + 3 lan chay theo du lieu	2026-08-20T08:07:45.2895689Z   ✓  GET /api/orders/my-orders: status = "pending"
Regression: 3 API + 3 lan chay theo du lieu (phai xanh)	Chay Newman - 3 API + 3 lan chay theo du lieu	2026-08-20T08:07:45.2932164Z 
Regression: 3 API + 3 lan chay theo du lieu (phai xanh)	Chay Newman - 3 API + 3 lan chay theo du lieu	2026-08-20T08:07:45.2932643Z ↳ TC-API2-033 - IDOR: user A huy don cua user B -> 404
Regression: 3 API + 3 lan chay theo du lieu (phai xanh)	Chay Newman - 3 API + 3 lan chay theo du lieu	2026-08-20T08:07:45.2955129Z   ┌
Regression: 3 API + 3 lan chay theo du lieu (phai xanh)	Chay Newman - 3 API + 3 lan chay theo du lieu	2026-08-20T08:07:45.2955797Z   │ '[X-Student-Id] 23127344 -> PUT {{baseUrl}}/api/orders
Regression: 3 API + 3 lan chay theo du lieu (phai xanh)	Chay Newman - 3 API + 3 lan chay theo du lieu	2026-08-20T08:07:45.2956487Z   │ /{{orderId}}/cancel'
Regression: 3 API + 3 lan chay theo du lieu (phai xanh)	Chay Newman - 3 API + 3 lan chay theo du lieu	2026-08-20T08:07:45.3018450Z   └
Regression: 3 API + 3 lan chay theo du lieu (phai xanh)	Chay Newman - 3 API + 3 lan chay theo du lieu	2026-08-20T08:07:45.3056949Z   POST http://localhost:3000/api/checkout [200 OK, 313B, 4ms]
Regression: 3 API + 3 lan chay theo du lieu (phai xanh)	Chay Newman - 3 API + 3 lan chay theo du lieu	2026-08-20T08:07:45.3065768Z   ┌
Regression: 3 API + 3 lan chay theo du lieu (phai xanh)	Chay Newman - 3 API + 3 lan chay theo du lieu	2026-08-20T08:07:45.3066281Z   │ '[SETUP] tao don #19 (pending)'
Regression: 3 API + 3 lan chay theo du lieu (phai xanh)	Chay Newman - 3 API + 3 lan chay theo du lieu	2026-08-20T08:07:45.3106546Z   └
Regression: 3 API + 3 lan chay theo du lieu (phai xanh)	Chay Newman - 3 API + 3 lan chay theo du lieu	2026-08-20T08:07:45.3130523Z   PUT http://localhost:3000/api/orders/19/cancel [404 Not Found, 301B, 2ms]
Regression: 3 API + 3 lan chay theo du lieu (phai xanh)	Chay Newman - 3 API + 3 lan chay theo du lieu	2026-08-20T08:07:45.3167609Z   ✓  [moi request] co header X-Student-Id = 23127344
Regression: 3 API + 3 lan chay theo du lieu (phai xanh)	Chay Newman - 3 API + 3 lan chay theo du lieu	2026-08-20T08:07:45.3201722Z   ✓  [API2] thoi gian phan hoi < 2000ms
Regression: 3 API + 3 lan chay theo du lieu (phai xanh)	Chay Newman - 3 API + 3 lan chay theo du lieu	2026-08-20T08:07:45.3237852Z   ✓  Status 404
Regression: 3 API + 3 lan chay theo du lieu (phai xanh)	Chay Newman - 3 API + 3 lan chay theo du lieu	2026-08-20T08:07:45.3241163Z   ✓  Body JSON khop chinh xac {"error":"Order not found"}
Regression: 3 API + 3 lan chay theo du lieu (phai xanh)	Chay Newman - 3 API + 3 lan chay theo du lieu	2026-08-20T08:07:45.3282406Z   GET http://localhost:3000/api/orders/my-orders [200 OK, 405B, 2ms]
Regression: 3 API + 3 lan chay theo du lieu (phai xanh)	Chay Newman - 3 API + 3 lan chay theo du lieu	2026-08-20T08:07:45.3292142Z   ✓  GET /api/orders/my-orders: status = "pending"
Regression: 3 API + 3 lan chay theo du lieu (phai xanh)	Chay Newman - 3 API + 3 lan chay theo du lieu	2026-08-20T08:07:45.3321450Z 
Regression: 3 API + 3 lan chay theo du lieu (phai xanh)	Chay Newman - 3 API + 3 lan chay theo du lieu	2026-08-20T08:07:45.3322431Z ↳ TC-API2-034 - Admin khong so huu don van bi chan -> 404
Regression: 3 API + 3 lan chay theo du lieu (phai xanh)	Chay Newman - 3 API + 3 lan chay theo du lieu	2026-08-20T08:07:45.3348182Z   ┌
Regression: 3 API + 3 lan chay theo du lieu (phai xanh)	Chay Newman - 3 API + 3 lan chay theo du lieu	2026-08-20T08:07:45.3349025Z   │ '[X-Student-Id] 23127344 -> PUT {{baseUrl}}/api/orders
Regression: 3 API + 3 lan chay theo du lieu (phai xanh)	Chay Newman - 3 API + 3 lan chay theo du lieu	2026-08-20T08:07:45.3349708Z   │ /{{orderId}}/cancel'
Regression: 3 API + 3 lan chay theo du lieu (phai xanh)	Chay Newman - 3 API + 3 lan chay theo du lieu	2026-08-20T08:07:45.3401933Z   └
Regression: 3 API + 3 lan chay theo du lieu (phai xanh)	Chay Newman - 3 API + 3 lan chay theo du lieu	2026-08-20T08:07:45.3436797Z   POST http://localhost:3000/api/checkout [200 OK, 313B, 3ms]
Regression: 3 API + 3 lan chay theo du lieu (phai xanh)	Chay Newman - 3 API + 3 lan chay theo du lieu	2026-08-20T08:07:45.3445141Z   ┌
Regression: 3 API + 3 lan chay theo du lieu (phai xanh)	Chay Newman - 3 API + 3 lan chay theo du lieu	2026-08-20T08:07:45.3445682Z   │ '[SETUP] tao don #20 (pending)'
Regression: 3 API + 3 lan chay theo du lieu (phai xanh)	Chay Newman - 3 API + 3 lan chay theo du lieu	2026-08-20T08:07:45.3484777Z   └
Regression: 3 API + 3 lan chay theo du lieu (phai xanh)	Chay Newman - 3 API + 3 lan chay theo du lieu	2026-08-20T08:07:45.3519826Z   PUT http://localhost:3000/api/orders/20/cancel [404 Not Found, 301B, 3ms]
Regression: 3 API + 3 lan chay theo du lieu (phai xanh)	Chay Newman - 3 API + 3 lan chay theo du lieu	2026-08-20T08:07:45.3554335Z   ✓  [moi request] co header X-Student-Id = 23127344
Regression: 3 API + 3 lan chay theo du lieu (phai xanh)	Chay Newman - 3 API + 3 lan chay theo du lieu	2026-08-20T08:07:45.3584283Z   ✓  [API2] thoi gian phan hoi < 2000ms
Regression: 3 API + 3 lan chay theo du lieu (phai xanh)	Chay Newman - 3 API + 3 lan chay theo du lieu	2026-08-20T08:07:45.3614359Z   ✓  Status 404
Regression: 3 API + 3 lan chay theo du lieu (phai xanh)	Chay Newman - 3 API + 3 lan chay theo du lieu	2026-08-20T08:07:45.3617058Z   ✓  Body JSON khop chinh xac {"error":"Order not found"}
Regression: 3 API + 3 lan chay theo du lieu (phai xanh)	Chay Newman - 3 API + 3 lan chay theo du lieu	2026-08-20T08:07:45.3658792Z   GET http://localhost:3000/api/orders/my-orders [200 OK, 2.73kB, 2ms]
Regression: 3 API + 3 lan chay theo du lieu (phai xanh)	Chay Newman - 3 API + 3 lan chay theo du lieu	2026-08-20T08:07:45.3683915Z   ✓  GET /api/orders/my-orders: status = "pending"
Regression: 3 API + 3 lan chay theo du lieu (phai xanh)	Chay Newman - 3 API + 3 lan chay theo du lieu	2026-08-20T08:07:45.3711396Z 
Regression: 3 API + 3 lan chay theo du lieu (phai xanh)	Chay Newman - 3 API + 3 lan chay theo du lieu	2026-08-20T08:07:45.3712008Z ↳ TC-API2-035 - Payload SQL injection trong :id (SEC-05)
Regression: 3 API + 3 lan chay theo du lieu (phai xanh)	Chay Newman - 3 API + 3 lan chay theo du lieu	2026-08-20T08:07:45.3739118Z   ┌
Regression: 3 API + 3 lan chay theo du lieu (phai xanh)	Chay Newman - 3 API + 3 lan chay theo du lieu	2026-08-20T08:07:45.3739660Z   │ '[X-Student-Id] 23127344 -> PUT {{baseUrl}}/api/orders
Regression: 3 API + 3 lan chay theo du lieu (phai xanh)	Chay Newman - 3 API + 3 lan chay theo du lieu	2026-08-20T08:07:45.3740344Z   │ /1%20OR%201=1/cancel'
Regression: 3 API + 3 lan chay theo du lieu (phai xanh)	Chay Newman - 3 API + 3 lan chay theo du lieu	2026-08-20T08:07:45.3791695Z   └
Regression: 3 API + 3 lan chay theo du lieu (phai xanh)	Chay Newman - 3 API + 3 lan chay theo du lieu	2026-08-20T08:07:45.3825534Z   POST http://localhost:3000/api/checkout [200 OK, 313B, 3ms]
Regression: 3 API + 3 lan chay theo du lieu (phai xanh)	Chay Newman - 3 API + 3 lan chay theo du lieu	2026-08-20T08:07:45.3832909Z   ┌
Regression: 3 API + 3 lan chay theo du lieu (phai xanh)	Chay Newman - 3 API + 3 lan chay theo du lieu	2026-08-20T08:07:45.3833437Z   │ '[SETUP] tao don #21 (pending)'
Regression: 3 API + 3 lan chay theo du lieu (phai xanh)	Chay Newman - 3 API + 3 lan chay theo du lieu	2026-08-20T08:07:45.3873774Z   └
Regression: 3 API + 3 lan chay theo du lieu (phai xanh)	Chay Newman - 3 API + 3 lan chay theo du lieu	2026-08-20T08:07:45.3895146Z   PUT http://localhost:3000/api/orders/1%20OR%201=1/cancel [404 Not Found, 301B, 2ms]
Regression: 3 API + 3 lan chay theo du lieu (phai xanh)	Chay Newman - 3 API + 3 lan chay theo du lieu	2026-08-20T08:07:45.3921879Z   ✓  [moi request] co header X-Student-Id = 23127344
Regression: 3 API + 3 lan chay theo du lieu (phai xanh)	Chay Newman - 3 API + 3 lan chay theo du lieu	2026-08-20T08:07:45.3953585Z   ✓  [API2] thoi gian phan hoi < 2000ms
Regression: 3 API + 3 lan chay theo du lieu (phai xanh)	Chay Newman - 3 API + 3 lan chay theo du lieu	2026-08-20T08:07:45.3987319Z   ✓  Status 404
Regression: 3 API + 3 lan chay theo du lieu (phai xanh)	Chay Newman - 3 API + 3 lan chay theo du lieu	2026-08-20T08:07:45.3991098Z   ✓  Body JSON khop chinh xac {"error":"Order not found"}
Regression: 3 API + 3 lan chay theo du lieu (phai xanh)	Chay Newman - 3 API + 3 lan chay theo du lieu	2026-08-20T08:07:45.4033106Z   GET http://localhost:3000/api/orders/my-orders [200 OK, 2.86kB, 3ms]
Regression: 3 API + 3 lan chay theo du lieu (phai xanh)	Chay Newman - 3 API + 3 lan chay theo du lieu	2026-08-20T08:07:45.4059487Z   ✓  GET /api/orders/my-orders: status = "pending"
Regression: 3 API + 3 lan chay theo du lieu (phai xanh)	Chay Newman - 3 API + 3 lan chay theo du lieu	2026-08-20T08:07:45.4092697Z 
Regression: 3 API + 3 lan chay theo du lieu (phai xanh)	Chay Newman - 3 API + 3 lan chay theo du lieu	2026-08-20T08:07:45.4093244Z ↳ TC-API2-036 - Schema response thanh cong (khong co id/status)
Regression: 3 API + 3 lan chay theo du lieu (phai xanh)	Chay Newman - 3 API + 3 lan chay theo du lieu	2026-08-20T08:07:45.4121111Z   ┌
Regression: 3 API + 3 lan chay theo du lieu (phai xanh)	Chay Newman - 3 API + 3 lan chay theo du lieu	2026-08-20T08:07:45.4121868Z   │ '[X-Student-Id] 23127344 -> PUT {{baseUrl}}/api/orders
Regression: 3 API + 3 lan chay theo du lieu (phai xanh)	Chay Newman - 3 API + 3 lan chay theo du lieu	2026-08-20T08:07:45.4122643Z   │ /{{orderId}}/cancel'
Regression: 3 API + 3 lan chay theo du lieu (phai xanh)	Chay Newman - 3 API + 3 lan chay theo du lieu	2026-08-20T08:07:45.4191612Z   └
Regression: 3 API + 3 lan chay theo du lieu (phai xanh)	Chay Newman - 3 API + 3 lan chay theo du lieu	2026-08-20T08:07:45.4227225Z   POST http://localhost:3000/api/checkout [200 OK, 313B, 3ms]
Regression: 3 API + 3 lan chay theo du lieu (phai xanh)	Chay Newman - 3 API + 3 lan chay theo du lieu	2026-08-20T08:07:45.4235345Z   ┌
Regression: 3 API + 3 lan chay theo du lieu (phai xanh)	Chay Newman - 3 API + 3 lan chay theo du lieu	2026-08-20T08:07:45.4235754Z   │ '[SETUP] tao don #22 (pending)'
Regression: 3 API + 3 lan chay theo du lieu (phai xanh)	Chay Newman - 3 API + 3 lan chay theo du lieu	2026-08-20T08:07:45.4275685Z   └
Regression: 3 API + 3 lan chay theo du lieu (phai xanh)	Chay Newman - 3 API + 3 lan chay theo du lieu	2026-08-20T08:07:45.4309367Z   PUT http://localhost:3000/api/orders/22/cancel [200 OK, 308B, 3ms]
Regression: 3 API + 3 lan chay theo du lieu (phai xanh)	Chay Newman - 3 API + 3 lan chay theo du lieu	2026-08-20T08:07:45.4343973Z   ✓  [moi request] co header X-Student-Id = 23127344
Regression: 3 API + 3 lan chay theo du lieu (phai xanh)	Chay Newman - 3 API + 3 lan chay theo du lieu	2026-08-20T08:07:45.4375306Z   ✓  [API2] thoi gian phan hoi < 2000ms
Regression: 3 API + 3 lan chay theo du lieu (phai xanh)	Chay Newman - 3 API + 3 lan chay theo du lieu	2026-08-20T08:07:45.4409716Z   ✓  Status 200
Regression: 3 API + 3 lan chay theo du lieu (phai xanh)	Chay Newman - 3 API + 3 lan chay theo du lieu	2026-08-20T08:07:45.4414640Z   ✓  Response co dung 1 key: message
Regression: 3 API + 3 lan chay theo du lieu (phai xanh)	Chay Newman - 3 API + 3 lan chay theo du lieu	2026-08-20T08:07:45.4418312Z   ✓  Response KHONG chua key "id"
Regression: 3 API + 3 lan chay theo du lieu (phai xanh)	Chay Newman - 3 API + 3 lan chay theo du lieu	2026-08-20T08:07:45.4421821Z   ✓  Response KHONG chua key "status"
Regression: 3 API + 3 lan chay theo du lieu (phai xanh)	Chay Newman - 3 API + 3 lan chay theo du lieu	2026-08-20T08:07:45.4727532Z   ✓  Schema: chi 1 key message
Regression: 3 API + 3 lan chay theo du lieu (phai xanh)	Chay Newman - 3 API + 3 lan chay theo du lieu	2026-08-20T08:07:45.4766602Z 
Regression: 3 API + 3 lan chay theo du lieu (phai xanh)	Chay Newman - 3 API + 3 lan chay theo du lieu	2026-08-20T08:07:45.4767141Z ↳ TC-API2-037 - Schema loi 401
Regression: 3 API + 3 lan chay theo du lieu (phai xanh)	Chay Newman - 3 API + 3 lan chay theo du lieu	2026-08-20T08:07:45.4795245Z   ┌
Regression: 3 API + 3 lan chay theo du lieu (phai xanh)	Chay Newman - 3 API + 3 lan chay theo du lieu	2026-08-20T08:07:45.4796473Z   │ '[X-Student-Id] 23127344 -> PUT {{baseUrl}}/api/orders
Regression: 3 API + 3 lan chay theo du lieu (phai xanh)	Chay Newman - 3 API + 3 lan chay theo du lieu	2026-08-20T08:07:45.4797519Z   │ /1/cancel'
Regression: 3 API + 3 lan chay theo du lieu (phai xanh)	Chay Newman - 3 API + 3 lan chay theo du lieu	2026-08-20T08:07:45.4869826Z   └
Regression: 3 API + 3 lan chay theo du lieu (phai xanh)	Chay Newman - 3 API + 3 lan chay theo du lieu	2026-08-20T08:07:45.4889296Z   PUT http://localhost:3000/api/orders/1/cancel [401 Unauthorized, 301B, 2ms]
Regression: 3 API + 3 lan chay theo du lieu (phai xanh)	Chay Newman - 3 API + 3 lan chay theo du lieu	2026-08-20T08:07:45.4912800Z   ✓  [moi request] co header X-Student-Id = 23127344
Regression: 3 API + 3 lan chay theo du lieu (phai xanh)	Chay Newman - 3 API + 3 lan chay theo du lieu	2026-08-20T08:07:45.4950743Z   ✓  [API2] thoi gian phan hoi < 2000ms
Regression: 3 API + 3 lan chay theo du lieu (phai xanh)	Chay Newman - 3 API + 3 lan chay theo du lieu	2026-08-20T08:07:45.4987757Z   ✓  Status 401
Regression: 3 API + 3 lan chay theo du lieu (phai xanh)	Chay Newman - 3 API + 3 lan chay theo du lieu	2026-08-20T08:07:45.4990789Z   ✓  Response co dung 1 key: error
Regression: 3 API + 3 lan chay theo du lieu (phai xanh)	Chay Newman - 3 API + 3 lan chay theo du lieu	2026-08-20T08:07:45.4993173Z   ✓  Body.error = "Unauthorized"
Regression: 3 API + 3 lan chay theo du lieu (phai xanh)	Chay Newman - 3 API + 3 lan chay theo du lieu	2026-08-20T08:07:45.5058281Z   ✓  Schema: khop dac ta
Regression: 3 API + 3 lan chay theo du lieu (phai xanh)	Chay Newman - 3 API + 3 lan chay theo du lieu	2026-08-20T08:07:45.5091201Z 
Regression: 3 API + 3 lan chay theo du lieu (phai xanh)	Chay Newman - 3 API + 3 lan chay theo du lieu	2026-08-20T08:07:45.5091595Z ↳ TC-API2-038 - Schema loi 403
Regression: 3 API + 3 lan chay theo du lieu (phai xanh)	Chay Newman - 3 API + 3 lan chay theo du lieu	2026-08-20T08:07:45.5119407Z   ┌
Regression: 3 API + 3 lan chay theo du lieu (phai xanh)	Chay Newman - 3 API + 3 lan chay theo du lieu	2026-08-20T08:07:45.5120449Z   │ '[X-Student-Id] 23127344 -> PUT {{baseUrl}}/api/orders
Regression: 3 API + 3 lan chay theo du lieu (phai xanh)	Chay Newman - 3 API + 3 lan chay theo du lieu	2026-08-20T08:07:45.5121220Z   │ /1/cancel'
Regression: 3 API + 3 lan chay theo du lieu (phai xanh)	Chay Newman - 3 API + 3 lan chay theo du lieu	2026-08-20T08:07:45.5195965Z   └
Regression: 3 API + 3 lan chay theo du lieu (phai xanh)	Chay Newman - 3 API + 3 lan chay theo du lieu	2026-08-20T08:07:45.5214133Z   PUT http://localhost:3000/api/orders/1/cancel [403 Forbidden, 295B, 2ms]
Regression: 3 API + 3 lan chay theo du lieu (phai xanh)	Chay Newman - 3 API + 3 lan chay theo du lieu	2026-08-20T08:07:45.5247220Z   ✓  [moi request] co header X-Student-Id = 23127344
Regression: 3 API + 3 lan chay theo du lieu (phai xanh)	Chay Newman - 3 API + 3 lan chay theo du lieu	2026-08-20T08:07:45.5281528Z   ✓  [API2] thoi gian phan hoi < 2000ms
Regression: 3 API + 3 lan chay theo du lieu (phai xanh)	Chay Newman - 3 API + 3 lan chay theo du lieu	2026-08-20T08:07:45.5314901Z   ✓  Status 403
Regression: 3 API + 3 lan chay theo du lieu (phai xanh)	Chay Newman - 3 API + 3 lan chay theo du lieu	2026-08-20T08:07:45.5317695Z   ✓  Response co dung 1 key: error
Regression: 3 API + 3 lan chay theo du lieu (phai xanh)	Chay Newman - 3 API + 3 lan chay theo du lieu	2026-08-20T08:07:45.5320251Z   ✓  Body.error = "Forbidden"
Regression: 3 API + 3 lan chay theo du lieu (phai xanh)	Chay Newman - 3 API + 3 lan chay theo du lieu	2026-08-20T08:07:45.5370162Z   ✓  Schema: khop dac ta
Regression: 3 API + 3 lan chay theo du lieu (phai xanh)	Chay Newman - 3 API + 3 lan chay theo du lieu	2026-08-20T08:07:45.5402499Z 
Regression: 3 API + 3 lan chay theo du lieu (phai xanh)	Chay Newman - 3 API + 3 lan chay theo du lieu	2026-08-20T08:07:45.5402973Z ↳ TC-API2-039 - Schema 404 GIONG HET nhau cho 2 nguyen nhan khac nhau
Regression: 3 API + 3 lan chay theo du lieu (phai xanh)	Chay Newman - 3 API + 3 lan chay theo du lieu	2026-08-20T08:07:45.5429072Z   ┌
Regression: 3 API + 3 lan chay theo du lieu (phai xanh)	Chay Newman - 3 API + 3 lan chay theo du lieu	2026-08-20T08:07:45.5429542Z   │ '[X-Student-Id] 23127344 -> PUT {{baseUrl}}/api/orders
Regression: 3 API + 3 lan chay theo du lieu (phai xanh)	Chay Newman - 3 API + 3 lan chay theo du lieu	2026-08-20T08:07:45.5430225Z   │ /999999/cancel'
Regression: 3 API + 3 lan chay theo du lieu (phai xanh)	Chay Newman - 3 API + 3 lan chay theo du lieu	2026-08-20T08:07:45.5495918Z   └
Regression: 3 API + 3 lan chay theo du lieu (phai xanh)	Chay Newman - 3 API + 3 lan chay theo du lieu	2026-08-20T08:07:45.5537261Z   POST http://localhost:3000/api/checkout [200 OK, 313B, 4ms]
Regression: 3 API + 3 lan chay theo du lieu (phai xanh)	Chay Newman - 3 API + 3 lan chay theo du lieu	2026-08-20T08:07:45.5546840Z   ┌
Regression: 3 API + 3 lan chay theo du lieu (phai xanh)	Chay Newman - 3 API + 3 lan chay theo du lieu	2026-08-20T08:07:45.5547291Z   │ '[SETUP] tao don #23 (pending)'
Regression: 3 API + 3 lan chay theo du lieu (phai xanh)	Chay Newman - 3 API + 3 lan chay theo du lieu	2026-08-20T08:07:45.5590841Z   └
Regression: 3 API + 3 lan chay theo du lieu (phai xanh)	Chay Newman - 3 API + 3 lan chay theo du lieu	2026-08-20T08:07:45.5615012Z   PUT http://localhost:3000/api/orders/999999/cancel [404 Not Found, 301B, 3ms]
Regression: 3 API + 3 lan chay theo du lieu (phai xanh)	Chay Newman - 3 API + 3 lan chay theo du lieu	2026-08-20T08:07:45.5649222Z   ✓  [moi request] co header X-Student-Id = 23127344
Regression: 3 API + 3 lan chay theo du lieu (phai xanh)	Chay Newman - 3 API + 3 lan chay theo du lieu	2026-08-20T08:07:45.5679645Z   ✓  [API2] thoi gian phan hoi < 2000ms
Regression: 3 API + 3 lan chay theo du lieu (phai xanh)	Chay Newman - 3 API + 3 lan chay theo du lieu	2026-08-20T08:07:45.5711057Z   ✓  Status 404
Regression: 3 API + 3 lan chay theo du lieu (phai xanh)	Chay Newman - 3 API + 3 lan chay theo du lieu	2026-08-20T08:07:45.5752329Z   PUT http://localhost:3000/api/orders/23/cancel [404 Not Found, 301B, 1ms]
Regression: 3 API + 3 lan chay theo du lieu (phai xanh)	Chay Newman - 3 API + 3 lan chay theo du lieu	2026-08-20T08:07:45.5760914Z   ✓  Body 404 cua 2 nguyen nhan giong het tung byte
Regression: 3 API + 3 lan chay theo du lieu (phai xanh)	Chay Newman - 3 API + 3 lan chay theo du lieu	2026-08-20T08:07:45.5796679Z 
Regression: 3 API + 3 lan chay theo du lieu (phai xanh)	Chay Newman - 3 API + 3 lan chay theo du lieu	2026-08-20T08:07:45.5797230Z ↳ TC-API2-040 - Schema 400 GIONG HET nhau cho 2 nguyen nhan khac nhau
Regression: 3 API + 3 lan chay theo du lieu (phai xanh)	Chay Newman - 3 API + 3 lan chay theo du lieu	2026-08-20T08:07:45.5822925Z   ┌
Regression: 3 API + 3 lan chay theo du lieu (phai xanh)	Chay Newman - 3 API + 3 lan chay theo du lieu	2026-08-20T08:07:45.5823604Z   │ '[X-Student-Id] 23127344 -> PUT {{baseUrl}}/api/orders
Regression: 3 API + 3 lan chay theo du lieu (phai xanh)	Chay Newman - 3 API + 3 lan chay theo du lieu	2026-08-20T08:07:45.5824208Z   │ /{{orderId}}/cancel'
Regression: 3 API + 3 lan chay theo du lieu (phai xanh)	Chay Newman - 3 API + 3 lan chay theo du lieu	2026-08-20T08:07:45.5887015Z   └
Regression: 3 API + 3 lan chay theo du lieu (phai xanh)	Chay Newman - 3 API + 3 lan chay theo du lieu	2026-08-20T08:07:45.5932545Z   POST http://localhost:3000/api/checkout [200 OK, 313B, 4ms]
Regression: 3 API + 3 lan chay theo du lieu (phai xanh)	Chay Newman - 3 API + 3 lan chay theo du lieu	2026-08-20T08:07:45.5941350Z   ┌
Regression: 3 API + 3 lan chay theo du lieu (phai xanh)	Chay Newman - 3 API + 3 lan chay theo du lieu	2026-08-20T08:07:45.5941832Z   │ '[SETUP] tao don #24 (pending)'
Regression: 3 API + 3 lan chay theo du lieu (phai xanh)	Chay Newman - 3 API + 3 lan chay theo du lieu	2026-08-20T08:07:45.5960827Z   └
Regression: 3 API + 3 lan chay theo du lieu (phai xanh)	Chay Newman - 3 API + 3 lan chay theo du lieu	2026-08-20T08:07:45.5996275Z   PUT http://localhost:3000/api/admin/orders/24/status [200 OK, 301B, 3ms]
Regression: 3 API + 3 lan chay theo du lieu (phai xanh)	Chay Newman - 3 API + 3 lan chay theo du lieu	2026-08-20T08:07:45.6003049Z   ┌
Regression: 3 API + 3 lan chay theo du lieu (phai xanh)	Chay Newman - 3 API + 3 lan chay theo du lieu	2026-08-20T08:07:45.6003584Z   │ '[SETUP] don #24 -> confirmed (HTTP 200)'
Regression: 3 API + 3 lan chay theo du lieu (phai xanh)	Chay Newman - 3 API + 3 lan chay theo du lieu	2026-08-20T08:07:45.6011501Z   └
Regression: 3 API + 3 lan chay theo du lieu (phai xanh)	Chay Newman - 3 API + 3 lan chay theo du lieu	2026-08-20T08:07:45.6044124Z   PUT http://localhost:3000/api/admin/orders/24/status [200 OK, 301B, 3ms]
Regression: 3 API + 3 lan chay theo du lieu (phai xanh)	Chay Newman - 3 API + 3 lan chay theo du lieu	2026-08-20T08:07:45.6050452Z   ┌
Regression: 3 API + 3 lan chay theo du lieu (phai xanh)	Chay Newman - 3 API + 3 lan chay theo du lieu	2026-08-20T08:07:45.6051102Z   │ '[SETUP] don #24 -> shipping (HTTP 200)'
Regression: 3 API + 3 lan chay theo du lieu (phai xanh)	Chay Newman - 3 API + 3 lan chay theo du lieu	2026-08-20T08:07:45.6070082Z   └
Regression: 3 API + 3 lan chay theo du lieu (phai xanh)	Chay Newman - 3 API + 3 lan chay theo du lieu	2026-08-20T08:07:45.6100106Z   PUT http://localhost:3000/api/admin/orders/24/status [200 OK, 301B, 3ms]
Regression: 3 API + 3 lan chay theo du lieu (phai xanh)	Chay Newman - 3 API + 3 lan chay theo du lieu	2026-08-20T08:07:45.6105759Z   ┌
Regression: 3 API + 3 lan chay theo du lieu (phai xanh)	Chay Newman - 3 API + 3 lan chay theo du lieu	2026-08-20T08:07:45.6106352Z   │ '[SETUP] don #24 -> delivered (HTTP 200)'
Regression: 3 API + 3 lan chay theo du lieu (phai xanh)	Chay Newman - 3 API + 3 lan chay theo du lieu	2026-08-20T08:07:45.6145833Z   └
Regression: 3 API + 3 lan chay theo du lieu (phai xanh)	Chay Newman - 3 API + 3 lan chay theo du lieu	2026-08-20T08:07:45.6162538Z   PUT http://localhost:3000/api/orders/24/cancel [400 Bad Request, 313B, 2ms]
Regression: 3 API + 3 lan chay theo du lieu (phai xanh)	Chay Newman - 3 API + 3 lan chay theo du lieu	2026-08-20T08:07:45.6198105Z   ✓  [moi request] co header X-Student-Id = 23127344
Regression: 3 API + 3 lan chay theo du lieu (phai xanh)	Chay Newman - 3 API + 3 lan chay theo du lieu	2026-08-20T08:07:45.6230888Z   ✓  [API2] thoi gian phan hoi < 2000ms
Regression: 3 API + 3 lan chay theo du lieu (phai xanh)	Chay Newman - 3 API + 3 lan chay theo du lieu	2026-08-20T08:07:45.6263908Z   ✓  Status 400
Regression: 3 API + 3 lan chay theo du lieu (phai xanh)	Chay Newman - 3 API + 3 lan chay theo du lieu	2026-08-20T08:07:45.6267205Z   ✓  Body JSON khop chinh xac {"error":"Cannot cancel this order."}
Regression: 3 API + 3 lan chay theo du lieu (phai xanh)	Chay Newman - 3 API + 3 lan chay theo du lieu	2026-08-20T08:07:45.6326870Z   POST http://localhost:3000/api/checkout [200 OK, 313B, 4ms]
Regression: 3 API + 3 lan chay theo du lieu (phai xanh)	Chay Newman - 3 API + 3 lan chay theo du lieu	2026-08-20T08:07:45.6375612Z   PUT http://localhost:3000/api/orders/25/cancel [200 OK, 308B, 3ms]
Regression: 3 API + 3 lan chay theo du lieu (phai xanh)	Chay Newman - 3 API + 3 lan chay theo du lieu	2026-08-20T08:07:45.6419634Z   PUT http://localhost:3000/api/orders/25/cancel [400 Bad Request, 313B, 2ms]
Regression: 3 API + 3 lan chay theo du lieu (phai xanh)	Chay Newman - 3 API + 3 lan chay theo du lieu	2026-08-20T08:07:45.6429171Z   ✓  Body 400 cua don canceled giong het body 400 cua don delivered
Regression: 3 API + 3 lan chay theo du lieu (phai xanh)	Chay Newman - 3 API + 3 lan chay theo du lieu	2026-08-20T08:07:45.6461424Z 
Regression: 3 API + 3 lan chay theo du lieu (phai xanh)	Chay Newman - 3 API + 3 lan chay theo du lieu	2026-08-20T08:07:45.6462111Z ↳ TC-API2-041 - Response PUT khong chua trang thai - phai verify bang GET
Regression: 3 API + 3 lan chay theo du lieu (phai xanh)	Chay Newman - 3 API + 3 lan chay theo du lieu	2026-08-20T08:07:45.6490936Z   ┌
Regression: 3 API + 3 lan chay theo du lieu (phai xanh)	Chay Newman - 3 API + 3 lan chay theo du lieu	2026-08-20T08:07:45.6491682Z   │ '[X-Student-Id] 23127344 -> PUT {{baseUrl}}/api/orders
Regression: 3 API + 3 lan chay theo du lieu (phai xanh)	Chay Newman - 3 API + 3 lan chay theo du lieu	2026-08-20T08:07:45.6492463Z   │ /{{orderId}}/cancel'
Regression: 3 API + 3 lan chay theo du lieu (phai xanh)	Chay Newman - 3 API + 3 lan chay theo du lieu	2026-08-20T08:07:45.6572428Z   └
Regression: 3 API + 3 lan chay theo du lieu (phai xanh)	Chay Newman - 3 API + 3 lan chay theo du lieu	2026-08-20T08:07:45.6612734Z   POST http://localhost:3000/api/checkout [200 OK, 313B, 3ms]
Regression: 3 API + 3 lan chay theo du lieu (phai xanh)	Chay Newman - 3 API + 3 lan chay theo du lieu	2026-08-20T08:07:45.6622035Z   ┌
Regression: 3 API + 3 lan chay theo du lieu (phai xanh)	Chay Newman - 3 API + 3 lan chay theo du lieu	2026-08-20T08:07:45.6622690Z   │ '[SETUP] tao don #26 (pending)'
Regression: 3 API + 3 lan chay theo du lieu (phai xanh)	Chay Newman - 3 API + 3 lan chay theo du lieu	2026-08-20T08:07:45.6672067Z   └
Regression: 3 API + 3 lan chay theo du lieu (phai xanh)	Chay Newman - 3 API + 3 lan chay theo du lieu	2026-08-20T08:07:45.6711151Z   PUT http://localhost:3000/api/orders/26/cancel [200 OK, 308B, 3ms]
Regression: 3 API + 3 lan chay theo du lieu (phai xanh)	Chay Newman - 3 API + 3 lan chay theo du lieu	2026-08-20T08:07:45.6747298Z   ✓  [moi request] co header X-Student-Id = 23127344
Regression: 3 API + 3 lan chay theo du lieu (phai xanh)	Chay Newman - 3 API + 3 lan chay theo du lieu	2026-08-20T08:07:45.6778731Z   ✓  [API2] thoi gian phan hoi < 2000ms
Regression: 3 API + 3 lan chay theo du lieu (phai xanh)	Chay Newman - 3 API + 3 lan chay theo du lieu	2026-08-20T08:07:45.6814600Z   ✓  Status 200
Regression: 3 API + 3 lan chay theo du lieu (phai xanh)	Chay Newman - 3 API + 3 lan chay theo du lieu	2026-08-20T08:07:45.6818088Z   ✓  Response KHONG chua key "status"
Regression: 3 API + 3 lan chay theo du lieu (phai xanh)	Chay Newman - 3 API + 3 lan chay theo du lieu	2026-08-20T08:07:45.6821167Z   ✓  Response co dung 1 key: message
Regression: 3 API + 3 lan chay theo du lieu (phai xanh)	Chay Newman - 3 API + 3 lan chay theo du lieu	2026-08-20T08:07:45.6856544Z   GET http://localhost:3000/api/orders/my-orders [200 OK, 3.4kB, 2ms]
Regression: 3 API + 3 lan chay theo du lieu (phai xanh)	Chay Newman - 3 API + 3 lan chay theo du lieu	2026-08-20T08:07:45.6889715Z   ✓  GET /api/orders/my-orders: status = "canceled"
Regression: 3 API + 3 lan chay theo du lieu (phai xanh)	Chay Newman - 3 API + 3 lan chay theo du lieu	2026-08-20T08:07:45.6927553Z 
Regression: 3 API + 3 lan chay theo du lieu (phai xanh)	Chay Newman - 3 API + 3 lan chay theo du lieu	2026-08-20T08:07:45.6928513Z ↳ TC-API2-042 - GET /api/orders/:id doc duoc KHONG can token (SEC-02 o endpoint ke)
Regression: 3 API + 3 lan chay theo du lieu (phai xanh)	Chay Newman - 3 API + 3 lan chay theo du lieu	2026-08-20T08:07:45.6956531Z   ┌
Regression: 3 API + 3 lan chay theo du lieu (phai xanh)	Chay Newman - 3 API + 3 lan chay theo du lieu	2026-08-20T08:07:45.6957219Z   │ '[X-Student-Id] 23127344 -> GET {{baseUrl}}/api/orders
Regression: 3 API + 3 lan chay theo du lieu (phai xanh)	Chay Newman - 3 API + 3 lan chay theo du lieu	2026-08-20T08:07:45.6957764Z   │ /{{orderId}}'
Regression: 3 API + 3 lan chay theo du lieu (phai xanh)	Chay Newman - 3 API + 3 lan chay theo du lieu	2026-08-20T08:07:45.7026006Z   └
Regression: 3 API + 3 lan chay theo du lieu (phai xanh)	Chay Newman - 3 API + 3 lan chay theo du lieu	2026-08-20T08:07:45.7064310Z   POST http://localhost:3000/api/checkout [200 OK, 313B, 4ms]
Regression: 3 API + 3 lan chay theo du lieu (phai xanh)	Chay Newman - 3 API + 3 lan chay theo du lieu	2026-08-20T08:07:45.7072862Z   ┌
Regression: 3 API + 3 lan chay theo du lieu (phai xanh)	Chay Newman - 3 API + 3 lan chay theo du lieu	2026-08-20T08:07:45.7073567Z   │ '[SETUP] tao don #27 (pending)'
Regression: 3 API + 3 lan chay theo du lieu (phai xanh)	Chay Newman - 3 API + 3 lan chay theo du lieu	2026-08-20T08:07:45.7105522Z   └
Regression: 3 API + 3 lan chay theo du lieu (phai xanh)	Chay Newman - 3 API + 3 lan chay theo du lieu	2026-08-20T08:07:45.7130952Z   GET http://localhost:3000/api/orders/27 [200 OK, 403B, 2ms]
Regression: 3 API + 3 lan chay theo du lieu (phai xanh)	Chay Newman - 3 API + 3 lan chay theo du lieu	2026-08-20T08:07:45.7165794Z   ✓  [moi request] co header X-Student-Id = 23127344
Regression: 3 API + 3 lan chay theo du lieu (phai xanh)	Chay Newman - 3 API + 3 lan chay theo du lieu	2026-08-20T08:07:45.7199733Z   ✓  [API2] thoi gian phan hoi < 2000ms
Regression: 3 API + 3 lan chay theo du lieu (phai xanh)	Chay Newman - 3 API + 3 lan chay theo du lieu	2026-08-20T08:07:45.7235158Z   ✓  Status 200
Regression: 3 API + 3 lan chay theo du lieu (phai xanh)	Chay Newman - 3 API + 3 lan chay theo du lieu	2026-08-20T08:07:45.7238515Z   ✓  Tra ve full don hang cho nguoi khong dang nhap
Regression: 3 API + 3 lan chay theo du lieu (phai xanh)	Chay Newman - 3 API + 3 lan chay theo du lieu	2026-08-20T08:07:45.7274615Z 
Regression: 3 API + 3 lan chay theo du lieu (phai xanh)	Chay Newman - 3 API + 3 lan chay theo du lieu	2026-08-20T08:07:45.7275538Z ↳ A2-E01 - [TU BO SUNG] Mat cap nhat khi huy don va admin doi trang thai chong nhau
Regression: 3 API + 3 lan chay theo du lieu (phai xanh)	Chay Newman - 3 API + 3 lan chay theo du lieu	2026-08-20T08:07:45.7300465Z   ┌
Regression: 3 API + 3 lan chay theo du lieu (phai xanh)	Chay Newman - 3 API + 3 lan chay theo du lieu	2026-08-20T08:07:45.7301148Z   │ '[X-Student-Id] 23127344 -> PUT {{baseUrl}}/api/orders
Regression: 3 API + 3 lan chay theo du lieu (phai xanh)	Chay Newman - 3 API + 3 lan chay theo du lieu	2026-08-20T08:07:45.7301854Z   │ /{{orderId}}/cancel'
Regression: 3 API + 3 lan chay theo du lieu (phai xanh)	Chay Newman - 3 API + 3 lan chay theo du lieu	2026-08-20T08:07:45.7352456Z   └
Regression: 3 API + 3 lan chay theo du lieu (phai xanh)	Chay Newman - 3 API + 3 lan chay theo du lieu	2026-08-20T08:07:45.7399280Z   POST http://localhost:3000/api/checkout [200 OK, 313B, 4ms]
Regression: 3 API + 3 lan chay theo du lieu (phai xanh)	Chay Newman - 3 API + 3 lan chay theo du lieu	2026-08-20T08:07:45.7406129Z   ┌
Regression: 3 API + 3 lan chay theo du lieu (phai xanh)	Chay Newman - 3 API + 3 lan chay theo du lieu	2026-08-20T08:07:45.7406655Z   │ '[SETUP] tao don #28 (pending)'
Regression: 3 API + 3 lan chay theo du lieu (phai xanh)	Chay Newman - 3 API + 3 lan chay theo du lieu	2026-08-20T08:07:45.7426447Z   └
Regression: 3 API + 3 lan chay theo du lieu (phai xanh)	Chay Newman - 3 API + 3 lan chay theo du lieu	2026-08-20T08:07:45.7462067Z   PUT http://localhost:3000/api/admin/orders/28/status [200 OK, 301B, 3ms]
Regression: 3 API + 3 lan chay theo du lieu (phai xanh)	Chay Newman - 3 API + 3 lan chay theo du lieu	2026-08-20T08:07:45.7469276Z   ┌
Regression: 3 API + 3 lan chay theo du lieu (phai xanh)	Chay Newman - 3 API + 3 lan chay theo du lieu	2026-08-20T08:07:45.7469838Z   │ '[SETUP] don #28 -> confirmed (HTTP 200)'
Regression: 3 API + 3 lan chay theo du lieu (phai xanh)	Chay Newman - 3 API + 3 lan chay theo du lieu	2026-08-20T08:07:45.7490050Z   └
Regression: 3 API + 3 lan chay theo du lieu (phai xanh)	Chay Newman - 3 API + 3 lan chay theo du lieu	2026-08-20T08:07:45.7528925Z   PUT http://localhost:3000/api/admin/orders/28/status [200 OK, 301B, 4ms]
Regression: 3 API + 3 lan chay theo du lieu (phai xanh)	Chay Newman - 3 API + 3 lan chay theo du lieu	2026-08-20T08:07:45.7537167Z   ┌
Regression: 3 API + 3 lan chay theo du lieu (phai xanh)	Chay Newman - 3 API + 3 lan chay theo du lieu	2026-08-20T08:07:45.7537754Z   │ '[SETUP] don #28 -> shipping (HTTP 200)'
Regression: 3 API + 3 lan chay theo du lieu (phai xanh)	Chay Newman - 3 API + 3 lan chay theo du lieu	2026-08-20T08:07:45.7580632Z   └
Regression: 3 API + 3 lan chay theo du lieu (phai xanh)	Chay Newman - 3 API + 3 lan chay theo du lieu	2026-08-20T08:07:45.7617519Z   PUT http://localhost:3000/api/orders/28/cancel [200 OK, 308B, 3ms]
Regression: 3 API + 3 lan chay theo du lieu (phai xanh)	Chay Newman - 3 API + 3 lan chay theo du lieu	2026-08-20T08:07:45.7642531Z   ✓  [moi request] co header X-Student-Id = 23127344
Regression: 3 API + 3 lan chay theo du lieu (phai xanh)	Chay Newman - 3 API + 3 lan chay theo du lieu	2026-08-20T08:07:45.7679633Z   ✓  [API2] thoi gian phan hoi < 2000ms
Regression: 3 API + 3 lan chay theo du lieu (phai xanh)	Chay Newman - 3 API + 3 lan chay theo du lieu	2026-08-20T08:07:45.7724722Z   ✓  Status 200
Regression: 3 API + 3 lan chay theo du lieu (phai xanh)	Chay Newman - 3 API + 3 lan chay theo du lieu	2026-08-20T08:07:45.7728034Z   ✓  Body JSON khop chinh xac {"message":"Order canceled successfully"}
Regression: 3 API + 3 lan chay theo du lieu (phai xanh)	Chay Newman - 3 API + 3 lan chay theo du lieu	2026-08-20T08:07:45.7791225Z   PUT http://localhost:3000/api/admin/orders/28/status [200 OK, 301B, 4ms]
Regression: 3 API + 3 lan chay theo du lieu (phai xanh)	Chay Newman - 3 API + 3 lan chay theo du lieu	2026-08-20T08:07:45.7833984Z   GET http://localhost:3000/api/orders/28 [200 OK, 405B, 2ms]
Regression: 3 API + 3 lan chay theo du lieu (phai xanh)	Chay Newman - 3 API + 3 lan chay theo du lieu	2026-08-20T08:07:45.7842186Z   ┌
Regression: 3 API + 3 lan chay theo du lieu (phai xanh)	Chay Newman - 3 API + 3 lan chay theo du lieu	2026-08-20T08:07:45.7842815Z   │ '[BUG] don #28: huy 200 + set delivered 200 -> viec hu
Regression: 3 API + 3 lan chay theo du lieu (phai xanh)	Chay Newman - 3 API + 3 lan chay theo du lieu	2026-08-20T08:07:45.7843507Z   │ y bi mat, trang thai cuoi = delivered'
Regression: 3 API + 3 lan chay theo du lieu (phai xanh)	Chay Newman - 3 API + 3 lan chay theo du lieu	2026-08-20T08:07:45.7844446Z   └
Regression: 3 API + 3 lan chay theo du lieu (phai xanh)	Chay Newman - 3 API + 3 lan chay theo du lieu	2026-08-20T08:07:45.7845130Z   ✓  Admin van set duoc delivered sau khi don da bi huy -> viec huy bi MAT
Regression: 3 API + 3 lan chay theo du lieu (phai xanh)	Chay Newman - 3 API + 3 lan chay theo du lieu	2026-08-20T08:07:45.7881323Z 
Regression: 3 API + 3 lan chay theo du lieu (phai xanh)	Chay Newman - 3 API + 3 lan chay theo du lieu	2026-08-20T08:07:45.7882052Z ↳ A2-E02 - [TU BO SUNG] Vuot chan ownership bang token mao danh chu don
Regression: 3 API + 3 lan chay theo du lieu (phai xanh)	Chay Newman - 3 API + 3 lan chay theo du lieu	2026-08-20T08:07:45.7906987Z   ┌
Regression: 3 API + 3 lan chay theo du lieu (phai xanh)	Chay Newman - 3 API + 3 lan chay theo du lieu	2026-08-20T08:07:45.7907652Z   │ '[X-Student-Id] 23127344 -> PUT {{baseUrl}}/api/orders
Regression: 3 API + 3 lan chay theo du lieu (phai xanh)	Chay Newman - 3 API + 3 lan chay theo du lieu	2026-08-20T08:07:45.7908244Z   │ /{{orderId}}/cancel'
Regression: 3 API + 3 lan chay theo du lieu (phai xanh)	Chay Newman - 3 API + 3 lan chay theo du lieu	2026-08-20T08:07:45.7969477Z   └
Regression: 3 API + 3 lan chay theo du lieu (phai xanh)	Chay Newman - 3 API + 3 lan chay theo du lieu	2026-08-20T08:07:45.8008752Z   POST http://localhost:3000/api/checkout [200 OK, 313B, 4ms]
Regression: 3 API + 3 lan chay theo du lieu (phai xanh)	Chay Newman - 3 API + 3 lan chay theo du lieu	2026-08-20T08:07:45.8019073Z   ┌
Regression: 3 API + 3 lan chay theo du lieu (phai xanh)	Chay Newman - 3 API + 3 lan chay theo du lieu	2026-08-20T08:07:45.8019687Z   │ '[SETUP] tao don #29 (pending)'
Regression: 3 API + 3 lan chay theo du lieu (phai xanh)	Chay Newman - 3 API + 3 lan chay theo du lieu	2026-08-20T08:07:45.8056317Z   └
Regression: 3 API + 3 lan chay theo du lieu (phai xanh)	Chay Newman - 3 API + 3 lan chay theo du lieu	2026-08-20T08:07:45.8098746Z   PUT http://localhost:3000/api/orders/29/cancel [200 OK, 308B, 4ms]
Regression: 3 API + 3 lan chay theo du lieu (phai xanh)	Chay Newman - 3 API + 3 lan chay theo du lieu	2026-08-20T08:07:45.8133727Z   ✓  [moi request] co header X-Student-Id = 23127344
Regression: 3 API + 3 lan chay theo du lieu (phai xanh)	Chay Newman - 3 API + 3 lan chay theo du lieu	2026-08-20T08:07:45.8168687Z   ✓  [API2] thoi gian phan hoi < 2000ms
Regression: 3 API + 3 lan chay theo du lieu (phai xanh)	Chay Newman - 3 API + 3 lan chay theo du lieu	2026-08-20T08:07:45.8203686Z   ✓  Status 200
Regression: 3 API + 3 lan chay theo du lieu (phai xanh)	Chay Newman - 3 API + 3 lan chay theo du lieu	2026-08-20T08:07:45.8206430Z   ✓  Body JSON khop chinh xac {"message":"Order canceled successfully"}
Regression: 3 API + 3 lan chay theo du lieu (phai xanh)	Chay Newman - 3 API + 3 lan chay theo du lieu	2026-08-20T08:07:45.8266249Z   GET http://localhost:3000/api/orders/my-orders [200 OK, 3.81kB, 4ms]
Regression: 3 API + 3 lan chay theo du lieu (phai xanh)	Chay Newman - 3 API + 3 lan chay theo du lieu	2026-08-20T08:07:45.8300307Z   ✓  GET /api/orders/my-orders: status = "canceled"
Regression: 3 API + 3 lan chay theo du lieu (phai xanh)	Chay Newman - 3 API + 3 lan chay theo du lieu	2026-08-20T08:07:45.8342256Z 
Regression: 3 API + 3 lan chay theo du lieu (phai xanh)	Chay Newman - 3 API + 3 lan chay theo du lieu	2026-08-20T08:07:45.8343070Z ↳ A2-E03 - [TU BO SUNG] Chuoi 2 lo hong: user huy don shipping -> admin hoi sinh thanh delivered
Regression: 3 API + 3 lan chay theo du lieu (phai xanh)	Chay Newman - 3 API + 3 lan chay theo du lieu	2026-08-20T08:07:45.8370771Z   ┌
Regression: 3 API + 3 lan chay theo du lieu (phai xanh)	Chay Newman - 3 API + 3 lan chay theo du lieu	2026-08-20T08:07:45.8371429Z   │ '[X-Student-Id] 23127344 -> PUT {{baseUrl}}/api/orders
Regression: 3 API + 3 lan chay theo du lieu (phai xanh)	Chay Newman - 3 API + 3 lan chay theo du lieu	2026-08-20T08:07:45.8372174Z   │ /{{orderId}}/cancel'
Regression: 3 API + 3 lan chay theo du lieu (phai xanh)	Chay Newman - 3 API + 3 lan chay theo du lieu	2026-08-20T08:07:45.8442474Z   └
Regression: 3 API + 3 lan chay theo du lieu (phai xanh)	Chay Newman - 3 API + 3 lan chay theo du lieu	2026-08-20T08:07:45.8490676Z   POST http://localhost:3000/api/checkout [200 OK, 313B, 4ms]
Regression: 3 API + 3 lan chay theo du lieu (phai xanh)	Chay Newman - 3 API + 3 lan chay theo du lieu	2026-08-20T08:07:45.8499909Z   ┌
Regression: 3 API + 3 lan chay theo du lieu (phai xanh)	Chay Newman - 3 API + 3 lan chay theo du lieu	2026-08-20T08:07:45.8500408Z   │ '[SETUP] tao don #30 (pending)'
Regression: 3 API + 3 lan chay theo du lieu (phai xanh)	Chay Newman - 3 API + 3 lan chay theo du lieu	2026-08-20T08:07:45.8512491Z   └
Regression: 3 API + 3 lan chay theo du lieu (phai xanh)	Chay Newman - 3 API + 3 lan chay theo du lieu	2026-08-20T08:07:45.8550413Z   PUT http://localhost:3000/api/admin/orders/30/status [200 OK, 301B, 3ms]
Regression: 3 API + 3 lan chay theo du lieu (phai xanh)	Chay Newman - 3 API + 3 lan chay theo du lieu	2026-08-20T08:07:45.8557571Z   ┌
Regression: 3 API + 3 lan chay theo du lieu (phai xanh)	Chay Newman - 3 API + 3 lan chay theo du lieu	2026-08-20T08:07:45.8558145Z   │ '[SETUP] don #30 -> confirmed (HTTP 200)'
Regression: 3 API + 3 lan chay theo du lieu (phai xanh)	Chay Newman - 3 API + 3 lan chay theo du lieu	2026-08-20T08:07:45.8578927Z   └
Regression: 3 API + 3 lan chay theo du lieu (phai xanh)	Chay Newman - 3 API + 3 lan chay theo du lieu	2026-08-20T08:07:45.8615683Z   PUT http://localhost:3000/api/admin/orders/30/status [200 OK, 301B, 4ms]
Regression: 3 API + 3 lan chay theo du lieu (phai xanh)	Chay Newman - 3 API + 3 lan chay theo du lieu	2026-08-20T08:07:45.8623018Z   ┌
Regression: 3 API + 3 lan chay theo du lieu (phai xanh)	Chay Newman - 3 API + 3 lan chay theo du lieu	2026-08-20T08:07:45.8623714Z   │ '[SETUP] don #30 -> shipping (HTTP 200)'
Regression: 3 API + 3 lan chay theo du lieu (phai xanh)	Chay Newman - 3 API + 3 lan chay theo du lieu	2026-08-20T08:07:45.8664529Z   └
Regression: 3 API + 3 lan chay theo du lieu (phai xanh)	Chay Newman - 3 API + 3 lan chay theo du lieu	2026-08-20T08:07:45.8700049Z   PUT http://localhost:3000/api/orders/30/cancel [200 OK, 308B, 3ms]
Regression: 3 API + 3 lan chay theo du lieu (phai xanh)	Chay Newman - 3 API + 3 lan chay theo du lieu	2026-08-20T08:07:45.8737920Z   ✓  [moi request] co header X-Student-Id = 23127344
Regression: 3 API + 3 lan chay theo du lieu (phai xanh)	Chay Newman - 3 API + 3 lan chay theo du lieu	2026-08-20T08:07:45.8782502Z   ✓  [API2] thoi gian phan hoi < 2000ms
Regression: 3 API + 3 lan chay theo du lieu (phai xanh)	Chay Newman - 3 API + 3 lan chay theo du lieu	2026-08-20T08:07:45.8814783Z   ✓  Status 200
Regression: 3 API + 3 lan chay theo du lieu (phai xanh)	Chay Newman - 3 API + 3 lan chay theo du lieu	2026-08-20T08:07:45.8818810Z   ✓  Body JSON khop chinh xac {"message":"Order canceled successfully"}
Regression: 3 API + 3 lan chay theo du lieu (phai xanh)	Chay Newman - 3 API + 3 lan chay theo du lieu	2026-08-20T08:07:45.8876379Z   PUT http://localhost:3000/api/admin/orders/30/status [200 OK, 301B, 4ms]
Regression: 3 API + 3 lan chay theo du lieu (phai xanh)	Chay Newman - 3 API + 3 lan chay theo du lieu	2026-08-20T08:07:45.8925075Z   GET http://localhost:3000/api/admin/orders [200 OK, 5.08kB, 3ms]
Regression: 3 API + 3 lan chay theo du lieu (phai xanh)	Chay Newman - 3 API + 3 lan chay theo du lieu	2026-08-20T08:07:45.8969486Z   ┌
Regression: 3 API + 3 lan chay theo du lieu (phai xanh)	Chay Newman - 3 API + 3 lan chay theo du lieu	2026-08-20T08:07:45.8970156Z   │ '[BUG] don #30 bi user huy o trang thai shipping roi d
Regression: 3 API + 3 lan chay theo du lieu (phai xanh)	Chay Newman - 3 API + 3 lan chay theo du lieu	2026-08-20T08:07:45.8970973Z   │ uoc admin hoi sinh thanh delivered -> tinh vao doanh t
Regression: 3 API + 3 lan chay theo du lieu (phai xanh)	Chay Newman - 3 API + 3 lan chay theo du lieu	2026-08-20T08:07:45.8971555Z   │ hu FR-13'
Regression: 3 API + 3 lan chay theo du lieu (phai xanh)	Chay Newman - 3 API + 3 lan chay theo du lieu	2026-08-20T08:07:45.8971976Z   └
Regression: 3 API + 3 lan chay theo du lieu (phai xanh)	Chay Newman - 3 API + 3 lan chay theo du lieu	2026-08-20T08:07:45.8972952Z   ✓  Buoc 2+3: admin set delivered tren don da canceled roi don do vao danh sach admin voi status delivered (FR-13)
Regression: 3 API + 3 lan chay theo du lieu (phai xanh)	Chay Newman - 3 API + 3 lan chay theo du lieu	2026-08-20T08:07:45.9002683Z 
Regression: 3 API + 3 lan chay theo du lieu (phai xanh)	Chay Newman - 3 API + 3 lan chay theo du lieu	2026-08-20T08:07:45.9003475Z ↳ A2-E05 - [TU BO SUNG] Thong bao loi 400 khong "phu hop" nhu FR-10 doi hoi
Regression: 3 API + 3 lan chay theo du lieu (phai xanh)	Chay Newman - 3 API + 3 lan chay theo du lieu	2026-08-20T08:07:45.9027528Z   ┌
Regression: 3 API + 3 lan chay theo du lieu (phai xanh)	Chay Newman - 3 API + 3 lan chay theo du lieu	2026-08-20T08:07:45.9028160Z   │ '[X-Student-Id] 23127344 -> PUT {{baseUrl}}/api/orders
Regression: 3 API + 3 lan chay theo du lieu (phai xanh)	Chay Newman - 3 API + 3 lan chay theo du lieu	2026-08-20T08:07:45.9028894Z   │ /{{orderId}}/cancel'
Regression: 3 API + 3 lan chay theo du lieu (phai xanh)	Chay Newman - 3 API + 3 lan chay theo du lieu	2026-08-20T08:07:45.9095970Z   └
Regression: 3 API + 3 lan chay theo du lieu (phai xanh)	Chay Newman - 3 API + 3 lan chay theo du lieu	2026-08-20T08:07:45.9133715Z   POST http://localhost:3000/api/checkout [200 OK, 313B, 4ms]
Regression: 3 API + 3 lan chay theo du lieu (phai xanh)	Chay Newman - 3 API + 3 lan chay theo du lieu	2026-08-20T08:07:45.9142227Z   ┌
Regression: 3 API + 3 lan chay theo du lieu (phai xanh)	Chay Newman - 3 API + 3 lan chay theo du lieu	2026-08-20T08:07:45.9142746Z   │ '[SETUP] tao don #31 (pending)'
Regression: 3 API + 3 lan chay theo du lieu (phai xanh)	Chay Newman - 3 API + 3 lan chay theo du lieu	2026-08-20T08:07:45.9151284Z   └
Regression: 3 API + 3 lan chay theo du lieu (phai xanh)	Chay Newman - 3 API + 3 lan chay theo du lieu	2026-08-20T08:07:45.9183936Z   PUT http://localhost:3000/api/admin/orders/31/status [200 OK, 301B, 3ms]
Regression: 3 API + 3 lan chay theo du lieu (phai xanh)	Chay Newman - 3 API + 3 lan chay theo du lieu	2026-08-20T08:07:45.9189595Z   ┌
Regression: 3 API + 3 lan chay theo du lieu (phai xanh)	Chay Newman - 3 API + 3 lan chay theo du lieu	2026-08-20T08:07:45.9190119Z   │ '[SETUP] don #31 -> confirmed (HTTP 200)'
Regression: 3 API + 3 lan chay theo du lieu (phai xanh)	Chay Newman - 3 API + 3 lan chay theo du lieu	2026-08-20T08:07:45.9208279Z   └
Regression: 3 API + 3 lan chay theo du lieu (phai xanh)	Chay Newman - 3 API + 3 lan chay theo du lieu	2026-08-20T08:07:45.9240045Z   PUT http://localhost:3000/api/admin/orders/31/status [200 OK, 301B, 3ms]
Regression: 3 API + 3 lan chay theo du lieu (phai xanh)	Chay Newman - 3 API + 3 lan chay theo du lieu	2026-08-20T08:07:45.9246037Z   ┌
Regression: 3 API + 3 lan chay theo du lieu (phai xanh)	Chay Newman - 3 API + 3 lan chay theo du lieu	2026-08-20T08:07:45.9246568Z   │ '[SETUP] don #31 -> shipping (HTTP 200)'
Regression: 3 API + 3 lan chay theo du lieu (phai xanh)	Chay Newman - 3 API + 3 lan chay theo du lieu	2026-08-20T08:07:45.9261197Z   └
Regression: 3 API + 3 lan chay theo du lieu (phai xanh)	Chay Newman - 3 API + 3 lan chay theo du lieu	2026-08-20T08:07:45.9296232Z   PUT http://localhost:3000/api/admin/orders/31/status [200 OK, 301B, 3ms]
Regression: 3 API + 3 lan chay theo du lieu (phai xanh)	Chay Newman - 3 API + 3 lan chay theo du lieu	2026-08-20T08:07:45.9303120Z   ┌
Regression: 3 API + 3 lan chay theo du lieu (phai xanh)	Chay Newman - 3 API + 3 lan chay theo du lieu	2026-08-20T08:07:45.9303677Z   │ '[SETUP] don #31 -> delivered (HTTP 200)'
Regression: 3 API + 3 lan chay theo du lieu (phai xanh)	Chay Newman - 3 API + 3 lan chay theo du lieu	2026-08-20T08:07:45.9344213Z   └
Regression: 3 API + 3 lan chay theo du lieu (phai xanh)	Chay Newman - 3 API + 3 lan chay theo du lieu	2026-08-20T08:07:45.9365667Z   PUT http://localhost:3000/api/orders/31/cancel [400 Bad Request, 313B, 2ms]
Regression: 3 API + 3 lan chay theo du lieu (phai xanh)	Chay Newman - 3 API + 3 lan chay theo du lieu	2026-08-20T08:07:45.9399523Z   ✓  [moi request] co header X-Student-Id = 23127344
Regression: 3 API + 3 lan chay theo du lieu (phai xanh)	Chay Newman - 3 API + 3 lan chay theo du lieu	2026-08-20T08:07:45.9430140Z   ✓  [API2] thoi gian phan hoi < 2000ms
Regression: 3 API + 3 lan chay theo du lieu (phai xanh)	Chay Newman - 3 API + 3 lan chay theo du lieu	2026-08-20T08:07:45.9460973Z   ✓  Status 400
Regression: 3 API + 3 lan chay theo du lieu (phai xanh)	Chay Newman - 3 API + 3 lan chay theo du lieu	2026-08-20T08:07:45.9464480Z   ✓  Body JSON khop chinh xac {"error":"Cannot cancel this order."}
Regression: 3 API + 3 lan chay theo du lieu (phai xanh)	Chay Newman - 3 API + 3 lan chay theo du lieu	2026-08-20T08:07:45.9468807Z   ✓  Thong bao khong he cho biet don o trang thai nao
Regression: 3 API + 3 lan chay theo du lieu (phai xanh)	Chay Newman - 3 API + 3 lan chay theo du lieu	2026-08-20T08:07:45.9503938Z 
Regression: 3 API + 3 lan chay theo du lieu (phai xanh)	Chay Newman - 3 API + 3 lan chay theo du lieu	2026-08-20T08:07:45.9504578Z ↳ A2-E04 - [TU BO SUNG] Huy don mo coi sau khi admin xoa chu don
Regression: 3 API + 3 lan chay theo du lieu (phai xanh)	Chay Newman - 3 API + 3 lan chay theo du lieu	2026-08-20T08:07:45.9524224Z   ┌
Regression: 3 API + 3 lan chay theo du lieu (phai xanh)	Chay Newman - 3 API + 3 lan chay theo du lieu	2026-08-20T08:07:45.9524855Z   │ '[X-Student-Id] 23127344 -> PUT {{baseUrl}}/api/orders
Regression: 3 API + 3 lan chay theo du lieu (phai xanh)	Chay Newman - 3 API + 3 lan chay theo du lieu	2026-08-20T08:07:45.9525556Z   │ /{{orderId}}/cancel'
Regression: 3 API + 3 lan chay theo du lieu (phai xanh)	Chay Newman - 3 API + 3 lan chay theo du lieu	2026-08-20T08:07:45.9587698Z   └
Regression: 3 API + 3 lan chay theo du lieu (phai xanh)	Chay Newman - 3 API + 3 lan chay theo du lieu	2026-08-20T08:07:45.9627071Z   POST http://localhost:3000/api/checkout [200 OK, 313B, 4ms]
Regression: 3 API + 3 lan chay theo du lieu (phai xanh)	Chay Newman - 3 API + 3 lan chay theo du lieu	2026-08-20T08:07:45.9635612Z   ┌
Regression: 3 API + 3 lan chay theo du lieu (phai xanh)	Chay Newman - 3 API + 3 lan chay theo du lieu	2026-08-20T08:07:45.9651095Z   │ '[SETUP] tao don #32 (pending)'
Regression: 3 API + 3 lan chay theo du lieu (phai xanh)	Chay Newman - 3 API + 3 lan chay theo du lieu	2026-08-20T08:07:45.9651497Z   └
Regression: 3 API + 3 lan chay theo du lieu (phai xanh)	Chay Newman - 3 API + 3 lan chay theo du lieu	2026-08-20T08:07:45.9680220Z   DELETE http://localhost:3000/api/admin/users/3 [200 OK, 293B, 2ms]
Regression: 3 API + 3 lan chay theo du lieu (phai xanh)	Chay Newman - 3 API + 3 lan chay theo du lieu	2026-08-20T08:07:45.9686120Z   ┌
Regression: 3 API + 3 lan chay theo du lieu (phai xanh)	Chay Newman - 3 API + 3 lan chay theo du lieu	2026-08-20T08:07:45.9686641Z   │ '[SETUP] xoa user B (id=3) -> HTTP 200'
Regression: 3 API + 3 lan chay theo du lieu (phai xanh)	Chay Newman - 3 API + 3 lan chay theo du lieu	2026-08-20T08:07:45.9715950Z   └
Regression: 3 API + 3 lan chay theo du lieu (phai xanh)	Chay Newman - 3 API + 3 lan chay theo du lieu	2026-08-20T08:07:45.9747390Z   PUT http://localhost:3000/api/orders/32/cancel [200 OK, 308B, 3ms]
Regression: 3 API + 3 lan chay theo du lieu (phai xanh)	Chay Newman - 3 API + 3 lan chay theo du lieu	2026-08-20T08:07:45.9778272Z   ✓  [moi request] co header X-Student-Id = 23127344
Regression: 3 API + 3 lan chay theo du lieu (phai xanh)	Chay Newman - 3 API + 3 lan chay theo du lieu	2026-08-20T08:07:45.9807917Z   ✓  [API2] thoi gian phan hoi < 2000ms
Regression: 3 API + 3 lan chay theo du lieu (phai xanh)	Chay Newman - 3 API + 3 lan chay theo du lieu	2026-08-20T08:07:45.9839382Z   ✓  Status 200
Regression: 3 API + 3 lan chay theo du lieu (phai xanh)	Chay Newman - 3 API + 3 lan chay theo du lieu	2026-08-20T08:07:45.9842525Z   ✓  Body JSON khop chinh xac {"message":"Order canceled successfully"}
Regression: 3 API + 3 lan chay theo du lieu (phai xanh)	Chay Newman - 3 API + 3 lan chay theo du lieu	2026-08-20T08:07:45.9844831Z   ✓  Token cua user da bi xoa VAN verify duoc (server.js:51 khong co exp)
Regression: 3 API + 3 lan chay theo du lieu (phai xanh)	Chay Newman - 3 API + 3 lan chay theo du lieu	2026-08-20T08:07:45.9878070Z   GET http://localhost:3000/api/orders/32 [200 OK, 404B, 2ms]
Regression: 3 API + 3 lan chay theo du lieu (phai xanh)	Chay Newman - 3 API + 3 lan chay theo du lieu	2026-08-20T08:07:45.9886223Z   ✓  GET /api/orders/:id: status = "canceled"
Regression: 3 API + 3 lan chay theo du lieu (phai xanh)	Chay Newman - 3 API + 3 lan chay theo du lieu	2026-08-20T08:07:45.9912039Z 
Regression: 3 API + 3 lan chay theo du lieu (phai xanh)	Chay Newman - 3 API + 3 lan chay theo du lieu	2026-08-20T08:07:45.9912550Z ❏ 99 - Teardown (don du lieu de chay lai duoc)
Regression: 3 API + 3 lan chay theo du lieu (phai xanh)	Chay Newman - 3 API + 3 lan chay theo du lieu	2026-08-20T08:07:45.9913450Z ↳ TEARDOWN-01 - Xoa toan bo coupon do suite tao ra
Regression: 3 API + 3 lan chay theo du lieu (phai xanh)	Chay Newman - 3 API + 3 lan chay theo du lieu	2026-08-20T08:07:45.9934058Z   ┌
Regression: 3 API + 3 lan chay theo du lieu (phai xanh)	Chay Newman - 3 API + 3 lan chay theo du lieu	2026-08-20T08:07:45.9934731Z   │ '[X-Student-Id] 23127344 -> GET {{baseUrl}}/api/coupon
Regression: 3 API + 3 lan chay theo du lieu (phai xanh)	Chay Newman - 3 API + 3 lan chay theo du lieu	2026-08-20T08:07:45.9935308Z   │ s'
Regression: 3 API + 3 lan chay theo du lieu (phai xanh)	Chay Newman - 3 API + 3 lan chay theo du lieu	2026-08-20T08:07:45.9974374Z   └
Regression: 3 API + 3 lan chay theo du lieu (phai xanh)	Chay Newman - 3 API + 3 lan chay theo du lieu	2026-08-20T08:07:45.9996604Z   GET http://localhost:3000/api/coupons [200 OK, 874B, 2ms]
Regression: 3 API + 3 lan chay theo du lieu (phai xanh)	Chay Newman - 3 API + 3 lan chay theo du lieu	2026-08-20T08:07:46.0030127Z   ✓  [moi request] co header X-Student-Id = 23127344
Regression: 3 API + 3 lan chay theo du lieu (phai xanh)	Chay Newman - 3 API + 3 lan chay theo du lieu	2026-08-20T08:07:46.0061814Z   ┌
Regression: 3 API + 3 lan chay theo du lieu (phai xanh)	Chay Newman - 3 API + 3 lan chay theo du lieu	2026-08-20T08:07:46.0062355Z   │ '[TEARDOWN] se xoa 0 coupon do suite tao: []'
Regression: 3 API + 3 lan chay theo du lieu (phai xanh)	Chay Newman - 3 API + 3 lan chay theo du lieu	2026-08-20T08:07:46.0064899Z   └
Regression: 3 API + 3 lan chay theo du lieu (phai xanh)	Chay Newman - 3 API + 3 lan chay theo du lieu	2026-08-20T08:07:46.0065349Z   ✓  Xoa het coupon do suite tao ra
Regression: 3 API + 3 lan chay theo du lieu (phai xanh)	Chay Newman - 3 API + 3 lan chay theo du lieu	2026-08-20T08:07:46.0104843Z   PUT http://localhost:3000/api/users/me [200 OK, 296B, 2ms]
Regression: 3 API + 3 lan chay theo du lieu (phai xanh)	Chay Newman - 3 API + 3 lan chay theo du lieu	2026-08-20T08:07:46.0112678Z   ✓  Dua profile user A ve trang thai seed (role=user)
Regression: 3 API + 3 lan chay theo du lieu (phai xanh)	Chay Newman - 3 API + 3 lan chay theo du lieu	2026-08-20T08:07:46.2164516Z 
Regression: 3 API + 3 lan chay theo du lieu (phai xanh)	Chay Newman - 3 API + 3 lan chay theo du lieu	2026-08-20T08:07:46.2165602Z ┌─────────────────────────┬─────────────────┬─────────────────┐
Regression: 3 API + 3 lan chay theo du lieu (phai xanh)	Chay Newman - 3 API + 3 lan chay theo du lieu	2026-08-20T08:07:46.2166455Z │                         │        executed │          failed │
Regression: 3 API + 3 lan chay theo du lieu (phai xanh)	Chay Newman - 3 API + 3 lan chay theo du lieu	2026-08-20T08:07:46.2167324Z ├─────────────────────────┼─────────────────┼─────────────────┤
Regression: 3 API + 3 lan chay theo du lieu (phai xanh)	Chay Newman - 3 API + 3 lan chay theo du lieu	2026-08-20T08:07:46.2168026Z │              iterations │               1 │               0 │
Regression: 3 API + 3 lan chay theo du lieu (phai xanh)	Chay Newman - 3 API + 3 lan chay theo du lieu	2026-08-20T08:07:46.2168971Z ├─────────────────────────┼─────────────────┼─────────────────┤
Regression: 3 API + 3 lan chay theo du lieu (phai xanh)	Chay Newman - 3 API + 3 lan chay theo du lieu	2026-08-20T08:07:46.2169663Z │                requests │             138 │               0 │
Regression: 3 API + 3 lan chay theo du lieu (phai xanh)	Chay Newman - 3 API + 3 lan chay theo du lieu	2026-08-20T08:07:46.2170375Z ├─────────────────────────┼─────────────────┼─────────────────┤
Regression: 3 API + 3 lan chay theo du lieu (phai xanh)	Chay Newman - 3 API + 3 lan chay theo du lieu	2026-08-20T08:07:46.2171097Z │            test-scripts │             150 │               0 │
Regression: 3 API + 3 lan chay theo du lieu (phai xanh)	Chay Newman - 3 API + 3 lan chay theo du lieu	2026-08-20T08:07:46.2171834Z ├─────────────────────────┼─────────────────┼─────────────────┤
Regression: 3 API + 3 lan chay theo du lieu (phai xanh)	Chay Newman - 3 API + 3 lan chay theo du lieu	2026-08-20T08:07:46.2172535Z │      prerequest-scripts │             129 │               0 │
Regression: 3 API + 3 lan chay theo du lieu (phai xanh)	Chay Newman - 3 API + 3 lan chay theo du lieu	2026-08-20T08:07:46.2173324Z ├─────────────────────────┼─────────────────┼─────────────────┤
Regression: 3 API + 3 lan chay theo du lieu (phai xanh)	Chay Newman - 3 API + 3 lan chay theo du lieu	2026-08-20T08:07:46.2174054Z │              assertions │             239 │               0 │
Regression: 3 API + 3 lan chay theo du lieu (phai xanh)	Chay Newman - 3 API + 3 lan chay theo du lieu	2026-08-20T08:07:46.2174768Z ├─────────────────────────┴─────────────────┴─────────────────┤
Regression: 3 API + 3 lan chay theo du lieu (phai xanh)	Chay Newman - 3 API + 3 lan chay theo du lieu	2026-08-20T08:07:46.2175500Z │ total run duration: 2.2s                                    │
Regression: 3 API + 3 lan chay theo du lieu (phai xanh)	Chay Newman - 3 API + 3 lan chay theo du lieu	2026-08-20T08:07:46.2176238Z ├─────────────────────────────────────────────────────────────┤
Regression: 3 API + 3 lan chay theo du lieu (phai xanh)	Chay Newman - 3 API + 3 lan chay theo du lieu	2026-08-20T08:07:46.2176966Z │ total data received: 43.92kB (approx)                       │
Regression: 3 API + 3 lan chay theo du lieu (phai xanh)	Chay Newman - 3 API + 3 lan chay theo du lieu	2026-08-20T08:07:46.2177746Z ├─────────────────────────────────────────────────────────────┤
Regression: 3 API + 3 lan chay theo du lieu (phai xanh)	Chay Newman - 3 API + 3 lan chay theo du lieu	2026-08-20T08:07:46.2178519Z │ average response time: 3ms [min: 1ms, max: 35ms, s.d.: 2ms] │
Regression: 3 API + 3 lan chay theo du lieu (phai xanh)	Chay Newman - 3 API + 3 lan chay theo du lieu	2026-08-20T08:07:46.2179582Z └─────────────────────────────────────────────────────────────┘
Regression: 3 API + 3 lan chay theo du lieu (phai xanh)	Chay Newman - 3 API + 3 lan chay theo du lieu	2026-08-20T08:07:46.2395522Z [run_newman] api2 ket thuc voi ma thoat 0
Regression: 3 API + 3 lan chay theo du lieu (phai xanh)	Chay Newman - 3 API + 3 lan chay theo du lieu	2026-08-20T08:07:46.2395835Z 
Regression: 3 API + 3 lan chay theo du lieu (phai xanh)	Chay Newman - 3 API + 3 lan chay theo du lieu	2026-08-20T08:07:46.2396120Z ==============================================================
Regression: 3 API + 3 lan chay theo du lieu (phai xanh)	Chay Newman - 3 API + 3 lan chay theo du lieu	2026-08-20T08:07:46.2396862Z  api3  |  API3 - POST /api/admin/coupons (Pool C / FR-17)
Regression: 3 API + 3 lan chay theo du lieu (phai xanh)	Chay Newman - 3 API + 3 lan chay theo du lieu	2026-08-20T08:07:46.2397568Z ==============================================================
Regression: 3 API + 3 lan chay theo du lieu (phai xanh)	Chay Newman - 3 API + 3 lan chay theo du lieu	2026-08-20T08:07:46.2654736Z [reset_db] reset DB tai: /home/runner/work/_temp/sut/hw3/docs/eshop-sut/backend
Regression: 3 API + 3 lan chay theo du lieu (phai xanh)	Chay Newman - 3 API + 3 lan chay theo du lieu	2026-08-20T08:07:46.5876724Z [reset_db] OK sau 1 lan kiem tra: user A role=user, 4 coupon seed, 0 don hang.
Regression: 3 API + 3 lan chay theo du lieu (phai xanh)	Chay Newman - 3 API + 3 lan chay theo du lieu	2026-08-20T08:07:47.6039617Z HW06 - EShop API Testing (23127344)
Regression: 3 API + 3 lan chay theo du lieu (phai xanh)	Chay Newman - 3 API + 3 lan chay theo du lieu	2026-08-20T08:07:47.6104861Z 
Regression: 3 API + 3 lan chay theo du lieu (phai xanh)	Chay Newman - 3 API + 3 lan chay theo du lieu	2026-08-20T08:07:47.6107434Z ❏ 00 - Setup (dang nhap, tao user B, tu ky token gia mao)
Regression: 3 API + 3 lan chay theo du lieu (phai xanh)	Chay Newman - 3 API + 3 lan chay theo du lieu	2026-08-20T08:07:47.6108375Z ↳ SETUP-01 - Dang nhap admin -> tokenAdmin
Regression: 3 API + 3 lan chay theo du lieu (phai xanh)	Chay Newman - 3 API + 3 lan chay theo du lieu	2026-08-20T08:07:47.6274551Z   ┌
Regression: 3 API + 3 lan chay theo du lieu (phai xanh)	Chay Newman - 3 API + 3 lan chay theo du lieu	2026-08-20T08:07:47.6276271Z   │ '[X-Student-Id] 23127344 -> POST {{baseUrl}}/api/login
Regression: 3 API + 3 lan chay theo du lieu (phai xanh)	Chay Newman - 3 API + 3 lan chay theo du lieu	2026-08-20T08:07:47.6276663Z   │ '
Regression: 3 API + 3 lan chay theo du lieu (phai xanh)	Chay Newman - 3 API + 3 lan chay theo du lieu	2026-08-20T08:07:47.6439960Z   └
Regression: 3 API + 3 lan chay theo du lieu (phai xanh)	Chay Newman - 3 API + 3 lan chay theo du lieu	2026-08-20T08:07:47.6710991Z   POST http://localhost:3000/api/login [200 OK, 640B, 25ms]
Regression: 3 API + 3 lan chay theo du lieu (phai xanh)	Chay Newman - 3 API + 3 lan chay theo du lieu	2026-08-20T08:07:47.6818361Z   ✓  [moi request] co header X-Student-Id = 23127344
Regression: 3 API + 3 lan chay theo du lieu (phai xanh)	Chay Newman - 3 API + 3 lan chay theo du lieu	2026-08-20T08:07:47.6903997Z   ✓  Dang nhap admin thanh cong
Regression: 3 API + 3 lan chay theo du lieu (phai xanh)	Chay Newman - 3 API + 3 lan chay theo du lieu	2026-08-20T08:07:47.6910214Z   ┌
Regression: 3 API + 3 lan chay theo du lieu (phai xanh)	Chay Newman - 3 API + 3 lan chay theo du lieu	2026-08-20T08:07:47.6912762Z   │ '[SETUP] tokenAdmin da luu, admin id=1'
Regression: 3 API + 3 lan chay theo du lieu (phai xanh)	Chay Newman - 3 API + 3 lan chay theo du lieu	2026-08-20T08:07:47.6967998Z   └
Regression: 3 API + 3 lan chay theo du lieu (phai xanh)	Chay Newman - 3 API + 3 lan chay theo du lieu	2026-08-20T08:07:47.6968339Z 
Regression: 3 API + 3 lan chay theo du lieu (phai xanh)	Chay Newman - 3 API + 3 lan chay theo du lieu	2026-08-20T08:07:47.6969002Z ↳ SETUP-02 - Dang nhap user A -> tokenUser
Regression: 3 API + 3 lan chay theo du lieu (phai xanh)	Chay Newman - 3 API + 3 lan chay theo du lieu	2026-08-20T08:07:47.7014403Z   ┌
Regression: 3 API + 3 lan chay theo du lieu (phai xanh)	Chay Newman - 3 API + 3 lan chay theo du lieu	2026-08-20T08:07:47.7015142Z   │ '[X-Student-Id] 23127344 -> POST {{baseUrl}}/api/login
Regression: 3 API + 3 lan chay theo du lieu (phai xanh)	Chay Newman - 3 API + 3 lan chay theo du lieu	2026-08-20T08:07:47.7015818Z   │ '
Regression: 3 API + 3 lan chay theo du lieu (phai xanh)	Chay Newman - 3 API + 3 lan chay theo du lieu	2026-08-20T08:07:47.7070041Z   └
Regression: 3 API + 3 lan chay theo du lieu (phai xanh)	Chay Newman - 3 API + 3 lan chay theo du lieu	2026-08-20T08:07:47.7117233Z   POST http://localhost:3000/api/login [200 OK, 635B, 5ms]
Regression: 3 API + 3 lan chay theo du lieu (phai xanh)	Chay Newman - 3 API + 3 lan chay theo du lieu	2026-08-20T08:07:47.7172312Z   ✓  [moi request] co header X-Student-Id = 23127344
Regression: 3 API + 3 lan chay theo du lieu (phai xanh)	Chay Newman - 3 API + 3 lan chay theo du lieu	2026-08-20T08:07:47.7246615Z   ✓  Dang nhap user A thanh cong
Regression: 3 API + 3 lan chay theo du lieu (phai xanh)	Chay Newman - 3 API + 3 lan chay theo du lieu	2026-08-20T08:07:47.7255960Z   ┌
Regression: 3 API + 3 lan chay theo du lieu (phai xanh)	Chay Newman - 3 API + 3 lan chay theo du lieu	2026-08-20T08:07:47.7256890Z   │ '[SETUP] tokenUser da luu, user A id=2 role=user'
Regression: 3 API + 3 lan chay theo du lieu (phai xanh)	Chay Newman - 3 API + 3 lan chay theo du lieu	2026-08-20T08:07:47.7262183Z   └
Regression: 3 API + 3 lan chay theo du lieu (phai xanh)	Chay Newman - 3 API + 3 lan chay theo du lieu	2026-08-20T08:07:47.7262660Z   ✓  [tien dieu kien] user A phai co role="user" (DB vua reset)
Regression: 3 API + 3 lan chay theo du lieu (phai xanh)	Chay Newman - 3 API + 3 lan chay theo du lieu	2026-08-20T08:07:47.7315753Z 
Regression: 3 API + 3 lan chay theo du lieu (phai xanh)	Chay Newman - 3 API + 3 lan chay theo du lieu	2026-08-20T08:07:47.7316753Z ↳ SETUP-03 - Tao user B (cho cac test IDOR)
Regression: 3 API + 3 lan chay theo du lieu (phai xanh)	Chay Newman - 3 API + 3 lan chay theo du lieu	2026-08-20T08:07:47.7352016Z   ┌
Regression: 3 API + 3 lan chay theo du lieu (phai xanh)	Chay Newman - 3 API + 3 lan chay theo du lieu	2026-08-20T08:07:47.7352754Z   │ '[X-Student-Id] 23127344 -> POST {{baseUrl}}/api/regis
Regression: 3 API + 3 lan chay theo du lieu (phai xanh)	Chay Newman - 3 API + 3 lan chay theo du lieu	2026-08-20T08:07:47.7353528Z   │ ter'
Regression: 3 API + 3 lan chay theo du lieu (phai xanh)	Chay Newman - 3 API + 3 lan chay theo du lieu	2026-08-20T08:07:47.7411384Z   └
Regression: 3 API + 3 lan chay theo du lieu (phai xanh)	Chay Newman - 3 API + 3 lan chay theo du lieu	2026-08-20T08:07:47.7458988Z   POST http://localhost:3000/api/register [200 OK, 316B, 4ms]
Regression: 3 API + 3 lan chay theo du lieu (phai xanh)	Chay Newman - 3 API + 3 lan chay theo du lieu	2026-08-20T08:07:47.7521428Z   ✓  [moi request] co header X-Student-Id = 23127344
Regression: 3 API + 3 lan chay theo du lieu (phai xanh)	Chay Newman - 3 API + 3 lan chay theo du lieu	2026-08-20T08:07:47.7600144Z   ✓  Dang ky user B tra 200
Regression: 3 API + 3 lan chay theo du lieu (phai xanh)	Chay Newman - 3 API + 3 lan chay theo du lieu	2026-08-20T08:07:47.7603628Z   ┌
Regression: 3 API + 3 lan chay theo du lieu (phai xanh)	Chay Newman - 3 API + 3 lan chay theo du lieu	2026-08-20T08:07:47.7604226Z   │ '[SETUP] user B da dang ky, id=3'
Regression: 3 API + 3 lan chay theo du lieu (phai xanh)	Chay Newman - 3 API + 3 lan chay theo du lieu	2026-08-20T08:07:47.7672001Z   └
Regression: 3 API + 3 lan chay theo du lieu (phai xanh)	Chay Newman - 3 API + 3 lan chay theo du lieu	2026-08-20T08:07:47.7672296Z 
Regression: 3 API + 3 lan chay theo du lieu (phai xanh)	Chay Newman - 3 API + 3 lan chay theo du lieu	2026-08-20T08:07:47.7672590Z ↳ SETUP-04 - Dang nhap user B -> tokenUserB
Regression: 3 API + 3 lan chay theo du lieu (phai xanh)	Chay Newman - 3 API + 3 lan chay theo du lieu	2026-08-20T08:07:47.7721176Z   ┌
Regression: 3 API + 3 lan chay theo du lieu (phai xanh)	Chay Newman - 3 API + 3 lan chay theo du lieu	2026-08-20T08:07:47.7722312Z   │ '[X-Student-Id] 23127344 -> POST {{baseUrl}}/api/login
Regression: 3 API + 3 lan chay theo du lieu (phai xanh)	Chay Newman - 3 API + 3 lan chay theo du lieu	2026-08-20T08:07:47.7723299Z   │ '
Regression: 3 API + 3 lan chay theo du lieu (phai xanh)	Chay Newman - 3 API + 3 lan chay theo du lieu	2026-08-20T08:07:47.7790168Z   └
Regression: 3 API + 3 lan chay theo du lieu (phai xanh)	Chay Newman - 3 API + 3 lan chay theo du lieu	2026-08-20T08:07:47.7829635Z   POST http://localhost:3000/api/login [200 OK, 643B, 3ms]
Regression: 3 API + 3 lan chay theo du lieu (phai xanh)	Chay Newman - 3 API + 3 lan chay theo du lieu	2026-08-20T08:07:47.7879392Z   ✓  [moi request] co header X-Student-Id = 23127344
Regression: 3 API + 3 lan chay theo du lieu (phai xanh)	Chay Newman - 3 API + 3 lan chay theo du lieu	2026-08-20T08:07:47.7946149Z   ✓  Dang nhap user B thanh cong
Regression: 3 API + 3 lan chay theo du lieu (phai xanh)	Chay Newman - 3 API + 3 lan chay theo du lieu	2026-08-20T08:07:47.7951455Z   ┌
Regression: 3 API + 3 lan chay theo du lieu (phai xanh)	Chay Newman - 3 API + 3 lan chay theo du lieu	2026-08-20T08:07:47.7952115Z   │ '[SETUP] tokenUserB da luu, user B id=3'
Regression: 3 API + 3 lan chay theo du lieu (phai xanh)	Chay Newman - 3 API + 3 lan chay theo du lieu	2026-08-20T08:07:47.8010864Z   └
Regression: 3 API + 3 lan chay theo du lieu (phai xanh)	Chay Newman - 3 API + 3 lan chay theo du lieu	2026-08-20T08:07:47.8011081Z 
Regression: 3 API + 3 lan chay theo du lieu (phai xanh)	Chay Newman - 3 API + 3 lan chay theo du lieu	2026-08-20T08:07:47.8011486Z ↳ SETUP-05 - Tu ky 7 token gia mao (chung minh SECRET_KEY bi hardcode)
Regression: 3 API + 3 lan chay theo du lieu (phai xanh)	Chay Newman - 3 API + 3 lan chay theo du lieu	2026-08-20T08:07:47.8049502Z   ┌
Regression: 3 API + 3 lan chay theo du lieu (phai xanh)	Chay Newman - 3 API + 3 lan chay theo du lieu	2026-08-20T08:07:47.8050319Z   │ '[X-Student-Id] 23127344 -> GET {{baseUrl}}/api/produc
Regression: 3 API + 3 lan chay theo du lieu (phai xanh)	Chay Newman - 3 API + 3 lan chay theo du lieu	2026-08-20T08:07:47.8050729Z   │ ts'
Regression: 3 API + 3 lan chay theo du lieu (phai xanh)	Chay Newman - 3 API + 3 lan chay theo du lieu	2026-08-20T08:07:47.8110062Z   └
Regression: 3 API + 3 lan chay theo du lieu (phai xanh)	Chay Newman - 3 API + 3 lan chay theo du lieu	2026-08-20T08:07:47.8142044Z   GET http://localhost:3000/api/products [200 OK, 1.24kB, 3ms]
Regression: 3 API + 3 lan chay theo du lieu (phai xanh)	Chay Newman - 3 API + 3 lan chay theo du lieu	2026-08-20T08:07:47.8194438Z   ✓  [moi request] co header X-Student-Id = 23127344
Regression: 3 API + 3 lan chay theo du lieu (phai xanh)	Chay Newman - 3 API + 3 lan chay theo du lieu	2026-08-20T08:07:47.8268103Z   ┌
Regression: 3 API + 3 lan chay theo du lieu (phai xanh)	Chay Newman - 3 API + 3 lan chay theo du lieu	2026-08-20T08:07:47.8269079Z   │ `Using "CryptoJS" is deprecated. Use "require('crypto-
Regression: 3 API + 3 lan chay theo du lieu (phai xanh)	Chay Newman - 3 API + 3 lan chay theo du lieu	2026-08-20T08:07:47.8269543Z   │ js')" instead.`
Regression: 3 API + 3 lan chay theo du lieu (phai xanh)	Chay Newman - 3 API + 3 lan chay theo du lieu	2026-08-20T08:07:47.8306640Z   └
Regression: 3 API + 3 lan chay theo du lieu (phai xanh)	Chay Newman - 3 API + 3 lan chay theo du lieu	2026-08-20T08:07:47.8307593Z   ✓  Da tu ky duoc 7 token gia mao bang secret lay tu ma nguon (SEC-02)
Regression: 3 API + 3 lan chay theo du lieu (phai xanh)	Chay Newman - 3 API + 3 lan chay theo du lieu	2026-08-20T08:07:47.8374047Z   GET http://localhost:3000/api/users/me [200 OK, 452B, 3ms]
Regression: 3 API + 3 lan chay theo du lieu (phai xanh)	Chay Newman - 3 API + 3 lan chay theo du lieu	2026-08-20T08:07:47.8392070Z   ✓  Token tu ky duoc SUT chap nhan -> secret hardcode la lo hong that
Regression: 3 API + 3 lan chay theo du lieu (phai xanh)	Chay Newman - 3 API + 3 lan chay theo du lieu	2026-08-20T08:07:47.8470318Z 
Regression: 3 API + 3 lan chay theo du lieu (phai xanh)	Chay Newman - 3 API + 3 lan chay theo du lieu	2026-08-20T08:07:47.8471544Z ❏ API3 - POST /api/admin/coupons (Pool C / FR-17)
Regression: 3 API + 3 lan chay theo du lieu (phai xanh)	Chay Newman - 3 API + 3 lan chay theo du lieu	2026-08-20T08:07:47.8472606Z ↳ TC-API3-001 - Tao coupon hop le (happy path)
Regression: 3 API + 3 lan chay theo du lieu (phai xanh)	Chay Newman - 3 API + 3 lan chay theo du lieu	2026-08-20T08:07:47.8521263Z   ┌
Regression: 3 API + 3 lan chay theo du lieu (phai xanh)	Chay Newman - 3 API + 3 lan chay theo du lieu	2026-08-20T08:07:47.8522646Z   │ '[X-Student-Id] 23127344 -> POST {{baseUrl}}/api/admin
Regression: 3 API + 3 lan chay theo du lieu (phai xanh)	Chay Newman - 3 API + 3 lan chay theo du lieu	2026-08-20T08:07:47.8523618Z   │ /coupons'
Regression: 3 API + 3 lan chay theo du lieu (phai xanh)	Chay Newman - 3 API + 3 lan chay theo du lieu	2026-08-20T08:07:47.8569947Z   │ '===== bat dau folder API3 ====='
Regression: 3 API + 3 lan chay theo du lieu (phai xanh)	Chay Newman - 3 API + 3 lan chay theo du lieu	2026-08-20T08:07:47.8624286Z   └
Regression: 3 API + 3 lan chay theo du lieu (phai xanh)	Chay Newman - 3 API + 3 lan chay theo du lieu	2026-08-20T08:07:47.8676109Z   POST http://localhost:3000/api/admin/coupons [200 OK, 302B, 5ms]
Regression: 3 API + 3 lan chay theo du lieu (phai xanh)	Chay Newman - 3 API + 3 lan chay theo du lieu	2026-08-20T08:07:47.8722804Z   ✓  [moi request] co header X-Student-Id = 23127344
Regression: 3 API + 3 lan chay theo du lieu (phai xanh)	Chay Newman - 3 API + 3 lan chay theo du lieu	2026-08-20T08:07:47.8771829Z   ✓  [API3] thoi gian phan hoi < 2000ms
Regression: 3 API + 3 lan chay theo du lieu (phai xanh)	Chay Newman - 3 API + 3 lan chay theo du lieu	2026-08-20T08:07:47.8833334Z   ✓  Status 200
Regression: 3 API + 3 lan chay theo du lieu (phai xanh)	Chay Newman - 3 API + 3 lan chay theo du lieu	2026-08-20T08:07:47.8841018Z   ✓  Response co dung 2 key: message, id
Regression: 3 API + 3 lan chay theo du lieu (phai xanh)	Chay Newman - 3 API + 3 lan chay theo du lieu	2026-08-20T08:07:47.8843701Z   ✓  Body.message = "Coupon created"
Regression: 3 API + 3 lan chay theo du lieu (phai xanh)	Chay Newman - 3 API + 3 lan chay theo du lieu	2026-08-20T08:07:47.8850286Z   ✓  Ghi nhan id coupon de teardown
Regression: 3 API + 3 lan chay theo du lieu (phai xanh)	Chay Newman - 3 API + 3 lan chay theo du lieu	2026-08-20T08:07:47.8902395Z   GET http://localhost:3000/api/coupons [200 OK, 1.02kB, 3ms]
Regression: 3 API + 3 lan chay theo du lieu (phai xanh)	Chay Newman - 3 API + 3 lan chay theo du lieu	2026-08-20T08:07:47.8933318Z   ✓  GET /api/coupons: coupon vua tao co code = "TESTNEW01"
Regression: 3 API + 3 lan chay theo du lieu (phai xanh)	Chay Newman - 3 API + 3 lan chay theo du lieu	2026-08-20T08:07:47.8984788Z 
Regression: 3 API + 3 lan chay theo du lieu (phai xanh)	Chay Newman - 3 API + 3 lan chay theo du lieu	2026-08-20T08:07:47.8985876Z ↳ TC-API3-002 - Thieu code -> luu null (khong co not-null check)
Regression: 3 API + 3 lan chay theo du lieu (phai xanh)	Chay Newman - 3 API + 3 lan chay theo du lieu	2026-08-20T08:07:47.9014972Z   ┌
Regression: 3 API + 3 lan chay theo du lieu (phai xanh)	Chay Newman - 3 API + 3 lan chay theo du lieu	2026-08-20T08:07:47.9015686Z   │ '[X-Student-Id] 23127344 -> POST {{baseUrl}}/api/admin
Regression: 3 API + 3 lan chay theo du lieu (phai xanh)	Chay Newman - 3 API + 3 lan chay theo du lieu	2026-08-20T08:07:47.9016140Z   │ /coupons'
Regression: 3 API + 3 lan chay theo du lieu (phai xanh)	Chay Newman - 3 API + 3 lan chay theo du lieu	2026-08-20T08:07:47.9094341Z   └
Regression: 3 API + 3 lan chay theo du lieu (phai xanh)	Chay Newman - 3 API + 3 lan chay theo du lieu	2026-08-20T08:07:47.9163816Z   POST http://localhost:3000/api/admin/coupons [200 OK, 302B, 6ms]
Regression: 3 API + 3 lan chay theo du lieu (phai xanh)	Chay Newman - 3 API + 3 lan chay theo du lieu	2026-08-20T08:07:47.9208133Z   ✓  [moi request] co header X-Student-Id = 23127344
Regression: 3 API + 3 lan chay theo du lieu (phai xanh)	Chay Newman - 3 API + 3 lan chay theo du lieu	2026-08-20T08:07:47.9263794Z   ✓  [API3] thoi gian phan hoi < 2000ms
Regression: 3 API + 3 lan chay theo du lieu (phai xanh)	Chay Newman - 3 API + 3 lan chay theo du lieu	2026-08-20T08:07:47.9308427Z   ✓  Status 200
Regression: 3 API + 3 lan chay theo du lieu (phai xanh)	Chay Newman - 3 API + 3 lan chay theo du lieu	2026-08-20T08:07:47.9311709Z   ✓  Response co dung 2 key: message, id
Regression: 3 API + 3 lan chay theo du lieu (phai xanh)	Chay Newman - 3 API + 3 lan chay theo du lieu	2026-08-20T08:07:47.9314232Z   ✓  Body.message = "Coupon created"
Regression: 3 API + 3 lan chay theo du lieu (phai xanh)	Chay Newman - 3 API + 3 lan chay theo du lieu	2026-08-20T08:07:47.9317329Z   ✓  Ghi nhan id coupon de teardown
Regression: 3 API + 3 lan chay theo du lieu (phai xanh)	Chay Newman - 3 API + 3 lan chay theo du lieu	2026-08-20T08:07:47.9374648Z   GET http://localhost:3000/api/coupons [200 OK, 1.16kB, 3ms]
Regression: 3 API + 3 lan chay theo du lieu (phai xanh)	Chay Newman - 3 API + 3 lan chay theo du lieu	2026-08-20T08:07:47.9394635Z   ✓  GET /api/coupons: coupon vua tao co code = null
Regression: 3 API + 3 lan chay theo du lieu (phai xanh)	Chay Newman - 3 API + 3 lan chay theo du lieu	2026-08-20T08:07:47.9434423Z 
Regression: 3 API + 3 lan chay theo du lieu (phai xanh)	Chay Newman - 3 API + 3 lan chay theo du lieu	2026-08-20T08:07:47.9435132Z ↳ TC-API3-003 - code rong
Regression: 3 API + 3 lan chay theo du lieu (phai xanh)	Chay Newman - 3 API + 3 lan chay theo du lieu	2026-08-20T08:07:47.9476978Z   ┌
Regression: 3 API + 3 lan chay theo du lieu (phai xanh)	Chay Newman - 3 API + 3 lan chay theo du lieu	2026-08-20T08:07:47.9477920Z   │ '[X-Student-Id] 23127344 -> POST {{baseUrl}}/api/admin
Regression: 3 API + 3 lan chay theo du lieu (phai xanh)	Chay Newman - 3 API + 3 lan chay theo du lieu	2026-08-20T08:07:47.9478445Z   │ /coupons'
Regression: 3 API + 3 lan chay theo du lieu (phai xanh)	Chay Newman - 3 API + 3 lan chay theo du lieu	2026-08-20T08:07:47.9559845Z   └
Regression: 3 API + 3 lan chay theo du lieu (phai xanh)	Chay Newman - 3 API + 3 lan chay theo du lieu	2026-08-20T08:07:47.9604855Z   POST http://localhost:3000/api/admin/coupons [200 OK, 302B, 5ms]
Regression: 3 API + 3 lan chay theo du lieu (phai xanh)	Chay Newman - 3 API + 3 lan chay theo du lieu	2026-08-20T08:07:47.9646669Z   ✓  [moi request] co header X-Student-Id = 23127344
Regression: 3 API + 3 lan chay theo du lieu (phai xanh)	Chay Newman - 3 API + 3 lan chay theo du lieu	2026-08-20T08:07:47.9692161Z   ✓  [API3] thoi gian phan hoi < 2000ms
Regression: 3 API + 3 lan chay theo du lieu (phai xanh)	Chay Newman - 3 API + 3 lan chay theo du lieu	2026-08-20T08:07:47.9742041Z   ✓  Status 200
Regression: 3 API + 3 lan chay theo du lieu (phai xanh)	Chay Newman - 3 API + 3 lan chay theo du lieu	2026-08-20T08:07:47.9745020Z   ✓  Response co dung 2 key: message, id
Regression: 3 API + 3 lan chay theo du lieu (phai xanh)	Chay Newman - 3 API + 3 lan chay theo du lieu	2026-08-20T08:07:47.9747454Z   ✓  Body.message = "Coupon created"
Regression: 3 API + 3 lan chay theo du lieu (phai xanh)	Chay Newman - 3 API + 3 lan chay theo du lieu	2026-08-20T08:07:47.9750791Z   ✓  Ghi nhan id coupon de teardown
Regression: 3 API + 3 lan chay theo du lieu (phai xanh)	Chay Newman - 3 API + 3 lan chay theo du lieu	2026-08-20T08:07:47.9789378Z   GET http://localhost:3000/api/coupons [200 OK, 1.3kB, 2ms]
Regression: 3 API + 3 lan chay theo du lieu (phai xanh)	Chay Newman - 3 API + 3 lan chay theo du lieu	2026-08-20T08:07:47.9808009Z   ✓  GET /api/coupons: coupon vua tao co code = ""
Regression: 3 API + 3 lan chay theo du lieu (phai xanh)	Chay Newman - 3 API + 3 lan chay theo du lieu	2026-08-20T08:07:47.9862355Z 
Regression: 3 API + 3 lan chay theo du lieu (phai xanh)	Chay Newman - 3 API + 3 lan chay theo du lieu	2026-08-20T08:07:47.9864040Z ↳ TC-API3-004 - Trung code voi coupon da seed (UNIQUE duoc thuc thi)
Regression: 3 API + 3 lan chay theo du lieu (phai xanh)	Chay Newman - 3 API + 3 lan chay theo du lieu	2026-08-20T08:07:47.9898839Z   ┌
Regression: 3 API + 3 lan chay theo du lieu (phai xanh)	Chay Newman - 3 API + 3 lan chay theo du lieu	2026-08-20T08:07:47.9899546Z   │ '[X-Student-Id] 23127344 -> POST {{baseUrl}}/api/admin
Regression: 3 API + 3 lan chay theo du lieu (phai xanh)	Chay Newman - 3 API + 3 lan chay theo du lieu	2026-08-20T08:07:47.9900143Z   │ /coupons'
Regression: 3 API + 3 lan chay theo du lieu (phai xanh)	Chay Newman - 3 API + 3 lan chay theo du lieu	2026-08-20T08:07:48.0007847Z   └
Regression: 3 API + 3 lan chay theo du lieu (phai xanh)	Chay Newman - 3 API + 3 lan chay theo du lieu	2026-08-20T08:07:48.0039510Z   POST http://localhost:3000/api/admin/coupons [500 Internal Server Error, 355B, 3ms]
Regression: 3 API + 3 lan chay theo du lieu (phai xanh)	Chay Newman - 3 API + 3 lan chay theo du lieu	2026-08-20T08:07:48.0077655Z   ✓  [moi request] co header X-Student-Id = 23127344
Regression: 3 API + 3 lan chay theo du lieu (phai xanh)	Chay Newman - 3 API + 3 lan chay theo du lieu	2026-08-20T08:07:48.0117412Z   ✓  [API3] thoi gian phan hoi < 2000ms
Regression: 3 API + 3 lan chay theo du lieu (phai xanh)	Chay Newman - 3 API + 3 lan chay theo du lieu	2026-08-20T08:07:48.0156804Z   ✓  Status 500
Regression: 3 API + 3 lan chay theo du lieu (phai xanh)	Chay Newman - 3 API + 3 lan chay theo du lieu	2026-08-20T08:07:48.0161124Z   ✓  Response co dung 1 key: error
Regression: 3 API + 3 lan chay theo du lieu (phai xanh)	Chay Newman - 3 API + 3 lan chay theo du lieu	2026-08-20T08:07:48.0166048Z   ✓  Thong bao loi lo nguyen van rang buoc SQLite (thong tin noi bo)
Regression: 3 API + 3 lan chay theo du lieu (phai xanh)	Chay Newman - 3 API + 3 lan chay theo du lieu	2026-08-20T08:07:48.0205630Z 
Regression: 3 API + 3 lan chay theo du lieu (phai xanh)	Chay Newman - 3 API + 3 lan chay theo du lieu	2026-08-20T08:07:48.0206125Z ↳ TC-API3-005 - Thieu type -> luu null (DEFAULT percent bat hoat)
Regression: 3 API + 3 lan chay theo du lieu (phai xanh)	Chay Newman - 3 API + 3 lan chay theo du lieu	2026-08-20T08:07:48.0234834Z   ┌
Regression: 3 API + 3 lan chay theo du lieu (phai xanh)	Chay Newman - 3 API + 3 lan chay theo du lieu	2026-08-20T08:07:48.0235299Z   │ '[X-Student-Id] 23127344 -> POST {{baseUrl}}/api/admin
Regression: 3 API + 3 lan chay theo du lieu (phai xanh)	Chay Newman - 3 API + 3 lan chay theo du lieu	2026-08-20T08:07:48.0235723Z   │ /coupons'
Regression: 3 API + 3 lan chay theo du lieu (phai xanh)	Chay Newman - 3 API + 3 lan chay theo du lieu	2026-08-20T08:07:48.0300842Z   └
Regression: 3 API + 3 lan chay theo du lieu (phai xanh)	Chay Newman - 3 API + 3 lan chay theo du lieu	2026-08-20T08:07:48.0338485Z   POST http://localhost:3000/api/admin/coupons [200 OK, 302B, 3ms]
Regression: 3 API + 3 lan chay theo du lieu (phai xanh)	Chay Newman - 3 API + 3 lan chay theo du lieu	2026-08-20T08:07:48.0377472Z   ✓  [moi request] co header X-Student-Id = 23127344
Regression: 3 API + 3 lan chay theo du lieu (phai xanh)	Chay Newman - 3 API + 3 lan chay theo du lieu	2026-08-20T08:07:48.0417176Z   ✓  [API3] thoi gian phan hoi < 2000ms
Regression: 3 API + 3 lan chay theo du lieu (phai xanh)	Chay Newman - 3 API + 3 lan chay theo du lieu	2026-08-20T08:07:48.0461080Z   ✓  Status 200
Regression: 3 API + 3 lan chay theo du lieu (phai xanh)	Chay Newman - 3 API + 3 lan chay theo du lieu	2026-08-20T08:07:48.0464227Z   ✓  Response co dung 2 key: message, id
Regression: 3 API + 3 lan chay theo du lieu (phai xanh)	Chay Newman - 3 API + 3 lan chay theo du lieu	2026-08-20T08:07:48.0466576Z   ✓  Body.message = "Coupon created"
Regression: 3 API + 3 lan chay theo du lieu (phai xanh)	Chay Newman - 3 API + 3 lan chay theo du lieu	2026-08-20T08:07:48.0469635Z   ✓  Ghi nhan id coupon de teardown
Regression: 3 API + 3 lan chay theo du lieu (phai xanh)	Chay Newman - 3 API + 3 lan chay theo du lieu	2026-08-20T08:07:48.0507859Z   GET http://localhost:3000/api/coupons [200 OK, 1.45kB, 2ms]
Regression: 3 API + 3 lan chay theo du lieu (phai xanh)	Chay Newman - 3 API + 3 lan chay theo du lieu	2026-08-20T08:07:48.0526922Z   ✓  GET /api/coupons: coupon vua tao co type = null
Regression: 3 API + 3 lan chay theo du lieu (phai xanh)	Chay Newman - 3 API + 3 lan chay theo du lieu	2026-08-20T08:07:48.0572938Z 
Regression: 3 API + 3 lan chay theo du lieu (phai xanh)	Chay Newman - 3 API + 3 lan chay theo du lieu	2026-08-20T08:07:48.0573618Z ↳ TC-API3-006 - type ngoai enum -> luu nguyen van
Regression: 3 API + 3 lan chay theo du lieu (phai xanh)	Chay Newman - 3 API + 3 lan chay theo du lieu	2026-08-20T08:07:48.0598640Z   ┌
Regression: 3 API + 3 lan chay theo du lieu (phai xanh)	Chay Newman - 3 API + 3 lan chay theo du lieu	2026-08-20T08:07:48.0600160Z   │ '[X-Student-Id] 23127344 -> POST {{baseUrl}}/api/admin
Regression: 3 API + 3 lan chay theo du lieu (phai xanh)	Chay Newman - 3 API + 3 lan chay theo du lieu	2026-08-20T08:07:48.0600745Z   │ /coupons'
Regression: 3 API + 3 lan chay theo du lieu (phai xanh)	Chay Newman - 3 API + 3 lan chay theo du lieu	2026-08-20T08:07:48.0694577Z   └
Regression: 3 API + 3 lan chay theo du lieu (phai xanh)	Chay Newman - 3 API + 3 lan chay theo du lieu	2026-08-20T08:07:48.0737418Z   POST http://localhost:3000/api/admin/coupons [200 OK, 302B, 4ms]
Regression: 3 API + 3 lan chay theo du lieu (phai xanh)	Chay Newman - 3 API + 3 lan chay theo du lieu	2026-08-20T08:07:48.0773658Z   ✓  [moi request] co header X-Student-Id = 23127344
Regression: 3 API + 3 lan chay theo du lieu (phai xanh)	Chay Newman - 3 API + 3 lan chay theo du lieu	2026-08-20T08:07:48.0810862Z   ✓  [API3] thoi gian phan hoi < 2000ms
Regression: 3 API + 3 lan chay theo du lieu (phai xanh)	Chay Newman - 3 API + 3 lan chay theo du lieu	2026-08-20T08:07:48.0877933Z   ✓  Status 200
Regression: 3 API + 3 lan chay theo du lieu (phai xanh)	Chay Newman - 3 API + 3 lan chay theo du lieu	2026-08-20T08:07:48.0881283Z   ✓  Response co dung 2 key: message, id
Regression: 3 API + 3 lan chay theo du lieu (phai xanh)	Chay Newman - 3 API + 3 lan chay theo du lieu	2026-08-20T08:07:48.0884323Z   ✓  Body.message = "Coupon created"
Regression: 3 API + 3 lan chay theo du lieu (phai xanh)	Chay Newman - 3 API + 3 lan chay theo du lieu	2026-08-20T08:07:48.0888048Z   ✓  Ghi nhan id coupon de teardown
Regression: 3 API + 3 lan chay theo du lieu (phai xanh)	Chay Newman - 3 API + 3 lan chay theo du lieu	2026-08-20T08:07:48.0934662Z   GET http://localhost:3000/api/coupons [200 OK, 1.6kB, 2ms]
Regression: 3 API + 3 lan chay theo du lieu (phai xanh)	Chay Newman - 3 API + 3 lan chay theo du lieu	2026-08-20T08:07:48.0955084Z   ✓  GET /api/coupons: coupon vua tao co type = "installment"
Regression: 3 API + 3 lan chay theo du lieu (phai xanh)	Chay Newman - 3 API + 3 lan chay theo du lieu	2026-08-20T08:07:48.0995448Z 
Regression: 3 API + 3 lan chay theo du lieu (phai xanh)	Chay Newman - 3 API + 3 lan chay theo du lieu	2026-08-20T08:07:48.0996128Z ↳ TC-API3-007 - Thieu discount_value -> luu null
Regression: 3 API + 3 lan chay theo du lieu (phai xanh)	Chay Newman - 3 API + 3 lan chay theo du lieu	2026-08-20T08:07:48.1025179Z   ┌
Regression: 3 API + 3 lan chay theo du lieu (phai xanh)	Chay Newman - 3 API + 3 lan chay theo du lieu	2026-08-20T08:07:48.1025899Z   │ '[X-Student-Id] 23127344 -> POST {{baseUrl}}/api/admin
Regression: 3 API + 3 lan chay theo du lieu (phai xanh)	Chay Newman - 3 API + 3 lan chay theo du lieu	2026-08-20T08:07:48.1026603Z   │ /coupons'
Regression: 3 API + 3 lan chay theo du lieu (phai xanh)	Chay Newman - 3 API + 3 lan chay theo du lieu	2026-08-20T08:07:48.1092083Z   └
Regression: 3 API + 3 lan chay theo du lieu (phai xanh)	Chay Newman - 3 API + 3 lan chay theo du lieu	2026-08-20T08:07:48.1129558Z   POST http://localhost:3000/api/admin/coupons [200 OK, 303B, 3ms]
Regression: 3 API + 3 lan chay theo du lieu (phai xanh)	Chay Newman - 3 API + 3 lan chay theo du lieu	2026-08-20T08:07:48.1165178Z   ✓  [moi request] co header X-Student-Id = 23127344
Regression: 3 API + 3 lan chay theo du lieu (phai xanh)	Chay Newman - 3 API + 3 lan chay theo du lieu	2026-08-20T08:07:48.1202663Z   ✓  [API3] thoi gian phan hoi < 2000ms
Regression: 3 API + 3 lan chay theo du lieu (phai xanh)	Chay Newman - 3 API + 3 lan chay theo du lieu	2026-08-20T08:07:48.1259422Z   ✓  Status 200
Regression: 3 API + 3 lan chay theo du lieu (phai xanh)	Chay Newman - 3 API + 3 lan chay theo du lieu	2026-08-20T08:07:48.1270444Z   ✓  Response co dung 2 key: message, id
Regression: 3 API + 3 lan chay theo du lieu (phai xanh)	Chay Newman - 3 API + 3 lan chay theo du lieu	2026-08-20T08:07:48.1279702Z   ✓  Body.message = "Coupon created"
Regression: 3 API + 3 lan chay theo du lieu (phai xanh)	Chay Newman - 3 API + 3 lan chay theo du lieu	2026-08-20T08:07:48.1308520Z   ✓  Ghi nhan id coupon de teardown
Regression: 3 API + 3 lan chay theo du lieu (phai xanh)	Chay Newman - 3 API + 3 lan chay theo du lieu	2026-08-20T08:07:48.1340691Z   GET http://localhost:3000/api/coupons [200 OK, 1.75kB, 5ms]
Regression: 3 API + 3 lan chay theo du lieu (phai xanh)	Chay Newman - 3 API + 3 lan chay theo du lieu	2026-08-20T08:07:48.1367163Z   ✓  GET /api/coupons: coupon vua tao co discount_value = null
Regression: 3 API + 3 lan chay theo du lieu (phai xanh)	Chay Newman - 3 API + 3 lan chay theo du lieu	2026-08-20T08:07:48.1406939Z 
Regression: 3 API + 3 lan chay theo du lieu (phai xanh)	Chay Newman - 3 API + 3 lan chay theo du lieu	2026-08-20T08:07:48.1407620Z ↳ TC-API3-008 - discount_value sai kieu (string "10") -> INTEGER affinity ep thanh 10
Regression: 3 API + 3 lan chay theo du lieu (phai xanh)	Chay Newman - 3 API + 3 lan chay theo du lieu	2026-08-20T08:07:48.1436386Z   ┌
Regression: 3 API + 3 lan chay theo du lieu (phai xanh)	Chay Newman - 3 API + 3 lan chay theo du lieu	2026-08-20T08:07:48.1437124Z   │ '[X-Student-Id] 23127344 -> POST {{baseUrl}}/api/admin
Regression: 3 API + 3 lan chay theo du lieu (phai xanh)	Chay Newman - 3 API + 3 lan chay theo du lieu	2026-08-20T08:07:48.1437867Z   │ /coupons'
Regression: 3 API + 3 lan chay theo du lieu (phai xanh)	Chay Newman - 3 API + 3 lan chay theo du lieu	2026-08-20T08:07:48.1538024Z   └
Regression: 3 API + 3 lan chay theo du lieu (phai xanh)	Chay Newman - 3 API + 3 lan chay theo du lieu	2026-08-20T08:07:48.1578438Z   POST http://localhost:3000/api/admin/coupons [200 OK, 303B, 4ms]
Regression: 3 API + 3 lan chay theo du lieu (phai xanh)	Chay Newman - 3 API + 3 lan chay theo du lieu	2026-08-20T08:07:48.1620333Z   ✓  [moi request] co header X-Student-Id = 23127344
Regression: 3 API + 3 lan chay theo du lieu (phai xanh)	Chay Newman - 3 API + 3 lan chay theo du lieu	2026-08-20T08:07:48.1650328Z   ✓  [API3] thoi gian phan hoi < 2000ms
Regression: 3 API + 3 lan chay theo du lieu (phai xanh)	Chay Newman - 3 API + 3 lan chay theo du lieu	2026-08-20T08:07:48.1696526Z   ✓  Status 200
Regression: 3 API + 3 lan chay theo du lieu (phai xanh)	Chay Newman - 3 API + 3 lan chay theo du lieu	2026-08-20T08:07:48.1700547Z   ✓  Response co dung 2 key: message, id
Regression: 3 API + 3 lan chay theo du lieu (phai xanh)	Chay Newman - 3 API + 3 lan chay theo du lieu	2026-08-20T08:07:48.1703842Z   ✓  Body.message = "Coupon created"
Regression: 3 API + 3 lan chay theo du lieu (phai xanh)	Chay Newman - 3 API + 3 lan chay theo du lieu	2026-08-20T08:07:48.1707547Z   ✓  Ghi nhan id coupon de teardown
Regression: 3 API + 3 lan chay theo du lieu (phai xanh)	Chay Newman - 3 API + 3 lan chay theo du lieu	2026-08-20T08:07:48.1743973Z   GET http://localhost:3000/api/coupons [200 OK, 1.9kB, 2ms]
Regression: 3 API + 3 lan chay theo du lieu (phai xanh)	Chay Newman - 3 API + 3 lan chay theo du lieu	2026-08-20T08:07:48.1764704Z   ✓  GET /api/coupons: coupon vua tao co discount_value = 10
Regression: 3 API + 3 lan chay theo du lieu (phai xanh)	Chay Newman - 3 API + 3 lan chay theo du lieu	2026-08-20T08:07:48.1804662Z 
Regression: 3 API + 3 lan chay theo du lieu (phai xanh)	Chay Newman - 3 API + 3 lan chay theo du lieu	2026-08-20T08:07:48.1805681Z ↳ TC-API3-009 - Thieu min_order_amount -> luu null (KHONG phai DEFAULT 0)
Regression: 3 API + 3 lan chay theo du lieu (phai xanh)	Chay Newman - 3 API + 3 lan chay theo du lieu	2026-08-20T08:07:48.1834950Z   ┌
Regression: 3 API + 3 lan chay theo du lieu (phai xanh)	Chay Newman - 3 API + 3 lan chay theo du lieu	2026-08-20T08:07:48.1835724Z   │ '[X-Student-Id] 23127344 -> POST {{baseUrl}}/api/admin
Regression: 3 API + 3 lan chay theo du lieu (phai xanh)	Chay Newman - 3 API + 3 lan chay theo du lieu	2026-08-20T08:07:48.1836745Z   │ /coupons'
Regression: 3 API + 3 lan chay theo du lieu (phai xanh)	Chay Newman - 3 API + 3 lan chay theo du lieu	2026-08-20T08:07:48.1919324Z   └
Regression: 3 API + 3 lan chay theo du lieu (phai xanh)	Chay Newman - 3 API + 3 lan chay theo du lieu	2026-08-20T08:07:48.1961819Z   POST http://localhost:3000/api/admin/coupons [200 OK, 303B, 4ms]
Regression: 3 API + 3 lan chay theo du lieu (phai xanh)	Chay Newman - 3 API + 3 lan chay theo du lieu	2026-08-20T08:07:48.1997805Z   ✓  [moi request] co header X-Student-Id = 23127344
Regression: 3 API + 3 lan chay theo du lieu (phai xanh)	Chay Newman - 3 API + 3 lan chay theo du lieu	2026-08-20T08:07:48.2031489Z   ✓  [API3] thoi gian phan hoi < 2000ms
Regression: 3 API + 3 lan chay theo du lieu (phai xanh)	Chay Newman - 3 API + 3 lan chay theo du lieu	2026-08-20T08:07:48.2069134Z   ✓  Status 200
Regression: 3 API + 3 lan chay theo du lieu (phai xanh)	Chay Newman - 3 API + 3 lan chay theo du lieu	2026-08-20T08:07:48.2073366Z   ✓  Response co dung 2 key: message, id
Regression: 3 API + 3 lan chay theo du lieu (phai xanh)	Chay Newman - 3 API + 3 lan chay theo du lieu	2026-08-20T08:07:48.2077075Z   ✓  Body.message = "Coupon created"
Regression: 3 API + 3 lan chay theo du lieu (phai xanh)	Chay Newman - 3 API + 3 lan chay theo du lieu	2026-08-20T08:07:48.2080771Z   ✓  Ghi nhan id coupon de teardown
Regression: 3 API + 3 lan chay theo du lieu (phai xanh)	Chay Newman - 3 API + 3 lan chay theo du lieu	2026-08-20T08:07:48.2113884Z   GET http://localhost:3000/api/coupons [200 OK, 2.05kB, 2ms]
Regression: 3 API + 3 lan chay theo du lieu (phai xanh)	Chay Newman - 3 API + 3 lan chay theo du lieu	2026-08-20T08:07:48.2136586Z   ✓  GET /api/coupons: coupon vua tao co min_order_amount = null
Regression: 3 API + 3 lan chay theo du lieu (phai xanh)	Chay Newman - 3 API + 3 lan chay theo du lieu	2026-08-20T08:07:48.2176574Z 
Regression: 3 API + 3 lan chay theo du lieu (phai xanh)	Chay Newman - 3 API + 3 lan chay theo du lieu	2026-08-20T08:07:48.2177111Z ↳ TC-API3-010 - Thieu expired_at -> luu null
Regression: 3 API + 3 lan chay theo du lieu (phai xanh)	Chay Newman - 3 API + 3 lan chay theo du lieu	2026-08-20T08:07:48.2204805Z   ┌
Regression: 3 API + 3 lan chay theo du lieu (phai xanh)	Chay Newman - 3 API + 3 lan chay theo du lieu	2026-08-20T08:07:48.2205423Z   │ '[X-Student-Id] 23127344 -> POST {{baseUrl}}/api/admin
Regression: 3 API + 3 lan chay theo du lieu (phai xanh)	Chay Newman - 3 API + 3 lan chay theo du lieu	2026-08-20T08:07:48.2206016Z   │ /coupons'
Regression: 3 API + 3 lan chay theo du lieu (phai xanh)	Chay Newman - 3 API + 3 lan chay theo du lieu	2026-08-20T08:07:48.2271141Z   └
Regression: 3 API + 3 lan chay theo du lieu (phai xanh)	Chay Newman - 3 API + 3 lan chay theo du lieu	2026-08-20T08:07:48.2320818Z   POST http://localhost:3000/api/admin/coupons [200 OK, 303B, 4ms]
Regression: 3 API + 3 lan chay theo du lieu (phai xanh)	Chay Newman - 3 API + 3 lan chay theo du lieu	2026-08-20T08:07:48.2356770Z   ✓  [moi request] co header X-Student-Id = 23127344
Regression: 3 API + 3 lan chay theo du lieu (phai xanh)	Chay Newman - 3 API + 3 lan chay theo du lieu	2026-08-20T08:07:48.2400211Z   ✓  [API3] thoi gian phan hoi < 2000ms
Regression: 3 API + 3 lan chay theo du lieu (phai xanh)	Chay Newman - 3 API + 3 lan chay theo du lieu	2026-08-20T08:07:48.2469325Z   ✓  Status 200
Regression: 3 API + 3 lan chay theo du lieu (phai xanh)	Chay Newman - 3 API + 3 lan chay theo du lieu	2026-08-20T08:07:48.2472486Z   ✓  Response co dung 2 key: message, id
Regression: 3 API + 3 lan chay theo du lieu (phai xanh)	Chay Newman - 3 API + 3 lan chay theo du lieu	2026-08-20T08:07:48.2474959Z   ✓  Body.message = "Coupon created"
Regression: 3 API + 3 lan chay theo du lieu (phai xanh)	Chay Newman - 3 API + 3 lan chay theo du lieu	2026-08-20T08:07:48.2477951Z   ✓  Ghi nhan id coupon de teardown
Regression: 3 API + 3 lan chay theo du lieu (phai xanh)	Chay Newman - 3 API + 3 lan chay theo du lieu	2026-08-20T08:07:48.2526132Z   GET http://localhost:3000/api/coupons [200 OK, 2.19kB, 3ms]
Regression: 3 API + 3 lan chay theo du lieu (phai xanh)	Chay Newman - 3 API + 3 lan chay theo du lieu	2026-08-20T08:07:48.2556408Z   ✓  GET /api/coupons: coupon vua tao co expired_at = null
Regression: 3 API + 3 lan chay theo du lieu (phai xanh)	Chay Newman - 3 API + 3 lan chay theo du lieu	2026-08-20T08:07:48.2596228Z 
Regression: 3 API + 3 lan chay theo du lieu (phai xanh)	Chay Newman - 3 API + 3 lan chay theo du lieu	2026-08-20T08:07:48.2596778Z ↳ TC-API3-011 - expired_at la ngay qua khu -> van tao duoc
Regression: 3 API + 3 lan chay theo du lieu (phai xanh)	Chay Newman - 3 API + 3 lan chay theo du lieu	2026-08-20T08:07:48.2625369Z   ┌
Regression: 3 API + 3 lan chay theo du lieu (phai xanh)	Chay Newman - 3 API + 3 lan chay theo du lieu	2026-08-20T08:07:48.2626000Z   │ '[X-Student-Id] 23127344 -> POST {{baseUrl}}/api/admin
Regression: 3 API + 3 lan chay theo du lieu (phai xanh)	Chay Newman - 3 API + 3 lan chay theo du lieu	2026-08-20T08:07:48.2626811Z   │ /coupons'
Regression: 3 API + 3 lan chay theo du lieu (phai xanh)	Chay Newman - 3 API + 3 lan chay theo du lieu	2026-08-20T08:07:48.2695373Z   └
Regression: 3 API + 3 lan chay theo du lieu (phai xanh)	Chay Newman - 3 API + 3 lan chay theo du lieu	2026-08-20T08:07:48.2744349Z   POST http://localhost:3000/api/admin/coupons [200 OK, 303B, 5ms]
Regression: 3 API + 3 lan chay theo du lieu (phai xanh)	Chay Newman - 3 API + 3 lan chay theo du lieu	2026-08-20T08:07:48.2782512Z   ✓  [moi request] co header X-Student-Id = 23127344
Regression: 3 API + 3 lan chay theo du lieu (phai xanh)	Chay Newman - 3 API + 3 lan chay theo du lieu	2026-08-20T08:07:48.2820151Z   ✓  [API3] thoi gian phan hoi < 2000ms
Regression: 3 API + 3 lan chay theo du lieu (phai xanh)	Chay Newman - 3 API + 3 lan chay theo du lieu	2026-08-20T08:07:48.2875627Z   ✓  Status 200
Regression: 3 API + 3 lan chay theo du lieu (phai xanh)	Chay Newman - 3 API + 3 lan chay theo du lieu	2026-08-20T08:07:48.2879682Z   ✓  Response co dung 2 key: message, id
Regression: 3 API + 3 lan chay theo du lieu (phai xanh)	Chay Newman - 3 API + 3 lan chay theo du lieu	2026-08-20T08:07:48.2883118Z   ✓  Body.message = "Coupon created"
Regression: 3 API + 3 lan chay theo du lieu (phai xanh)	Chay Newman - 3 API + 3 lan chay theo du lieu	2026-08-20T08:07:48.2887250Z   ✓  Ghi nhan id coupon de teardown
Regression: 3 API + 3 lan chay theo du lieu (phai xanh)	Chay Newman - 3 API + 3 lan chay theo du lieu	2026-08-20T08:07:48.2927292Z   GET http://localhost:3000/api/coupons [200 OK, 2.34kB, 2ms]
Regression: 3 API + 3 lan chay theo du lieu (phai xanh)	Chay Newman - 3 API + 3 lan chay theo du lieu	2026-08-20T08:07:48.2950868Z   ✓  GET /api/coupons: coupon vua tao co expired_at = "2020-01-01"
Regression: 3 API + 3 lan chay theo du lieu (phai xanh)	Chay Newman - 3 API + 3 lan chay theo du lieu	2026-08-20T08:07:48.2982026Z 
Regression: 3 API + 3 lan chay theo du lieu (phai xanh)	Chay Newman - 3 API + 3 lan chay theo du lieu	2026-08-20T08:07:48.2982471Z ↳ TC-API3-012 - expired_at sai dinh dang
Regression: 3 API + 3 lan chay theo du lieu (phai xanh)	Chay Newman - 3 API + 3 lan chay theo du lieu	2026-08-20T08:07:48.3014619Z   ┌
Regression: 3 API + 3 lan chay theo du lieu (phai xanh)	Chay Newman - 3 API + 3 lan chay theo du lieu	2026-08-20T08:07:48.3015260Z   │ '[X-Student-Id] 23127344 -> POST {{baseUrl}}/api/admin
Regression: 3 API + 3 lan chay theo du lieu (phai xanh)	Chay Newman - 3 API + 3 lan chay theo du lieu	2026-08-20T08:07:48.3015804Z   │ /coupons'
Regression: 3 API + 3 lan chay theo du lieu (phai xanh)	Chay Newman - 3 API + 3 lan chay theo du lieu	2026-08-20T08:07:48.3076401Z   └
Regression: 3 API + 3 lan chay theo du lieu (phai xanh)	Chay Newman - 3 API + 3 lan chay theo du lieu	2026-08-20T08:07:48.3115417Z   POST http://localhost:3000/api/admin/coupons [200 OK, 303B, 4ms]
Regression: 3 API + 3 lan chay theo du lieu (phai xanh)	Chay Newman - 3 API + 3 lan chay theo du lieu	2026-08-20T08:07:48.3151134Z   ✓  [moi request] co header X-Student-Id = 23127344
Regression: 3 API + 3 lan chay theo du lieu (phai xanh)	Chay Newman - 3 API + 3 lan chay theo du lieu	2026-08-20T08:07:48.3194522Z   ✓  [API3] thoi gian phan hoi < 2000ms
Regression: 3 API + 3 lan chay theo du lieu (phai xanh)	Chay Newman - 3 API + 3 lan chay theo du lieu	2026-08-20T08:07:48.3234157Z   ✓  Status 200
Regression: 3 API + 3 lan chay theo du lieu (phai xanh)	Chay Newman - 3 API + 3 lan chay theo du lieu	2026-08-20T08:07:48.3238828Z   ✓  Response co dung 2 key: message, id
Regression: 3 API + 3 lan chay theo du lieu (phai xanh)	Chay Newman - 3 API + 3 lan chay theo du lieu	2026-08-20T08:07:48.3241008Z   ✓  Body.message = "Coupon created"
Regression: 3 API + 3 lan chay theo du lieu (phai xanh)	Chay Newman - 3 API + 3 lan chay theo du lieu	2026-08-20T08:07:48.3245035Z   ✓  Ghi nhan id coupon de teardown
Regression: 3 API + 3 lan chay theo du lieu (phai xanh)	Chay Newman - 3 API + 3 lan chay theo du lieu	2026-08-20T08:07:48.3285816Z   GET http://localhost:3000/api/coupons [200 OK, 2.49kB, 2ms]
Regression: 3 API + 3 lan chay theo du lieu (phai xanh)	Chay Newman - 3 API + 3 lan chay theo du lieu	2026-08-20T08:07:48.3310670Z   ✓  GET /api/coupons: coupon vua tao co expired_at = "not-a-date"
Regression: 3 API + 3 lan chay theo du lieu (phai xanh)	Chay Newman - 3 API + 3 lan chay theo du lieu	2026-08-20T08:07:48.3342701Z 
Regression: 3 API + 3 lan chay theo du lieu (phai xanh)	Chay Newman - 3 API + 3 lan chay theo du lieu	2026-08-20T08:07:48.3343267Z ↳ TC-API3-013 - Thieu max_uses_per_user -> ep thanh 1
Regression: 3 API + 3 lan chay theo du lieu (phai xanh)	Chay Newman - 3 API + 3 lan chay theo du lieu	2026-08-20T08:07:48.3372970Z   ┌
Regression: 3 API + 3 lan chay theo du lieu (phai xanh)	Chay Newman - 3 API + 3 lan chay theo du lieu	2026-08-20T08:07:48.3373657Z   │ '[X-Student-Id] 23127344 -> POST {{baseUrl}}/api/admin
Regression: 3 API + 3 lan chay theo du lieu (phai xanh)	Chay Newman - 3 API + 3 lan chay theo du lieu	2026-08-20T08:07:48.3374391Z   │ /coupons'
Regression: 3 API + 3 lan chay theo du lieu (phai xanh)	Chay Newman - 3 API + 3 lan chay theo du lieu	2026-08-20T08:07:48.3437132Z   └
Regression: 3 API + 3 lan chay theo du lieu (phai xanh)	Chay Newman - 3 API + 3 lan chay theo du lieu	2026-08-20T08:07:48.3479566Z   POST http://localhost:3000/api/admin/coupons [200 OK, 303B, 4ms]
Regression: 3 API + 3 lan chay theo du lieu (phai xanh)	Chay Newman - 3 API + 3 lan chay theo du lieu	2026-08-20T08:07:48.3514651Z   ✓  [moi request] co header X-Student-Id = 23127344
Regression: 3 API + 3 lan chay theo du lieu (phai xanh)	Chay Newman - 3 API + 3 lan chay theo du lieu	2026-08-20T08:07:48.3548030Z   ✓  [API3] thoi gian phan hoi < 2000ms
Regression: 3 API + 3 lan chay theo du lieu (phai xanh)	Chay Newman - 3 API + 3 lan chay theo du lieu	2026-08-20T08:07:48.3590128Z   ✓  Status 200
Regression: 3 API + 3 lan chay theo du lieu (phai xanh)	Chay Newman - 3 API + 3 lan chay theo du lieu	2026-08-20T08:07:48.3591417Z   ✓  Response co dung 2 key: message, id
Regression: 3 API + 3 lan chay theo du lieu (phai xanh)	Chay Newman - 3 API + 3 lan chay theo du lieu	2026-08-20T08:07:48.3592748Z   ✓  Body.message = "Coupon created"
Regression: 3 API + 3 lan chay theo du lieu (phai xanh)	Chay Newman - 3 API + 3 lan chay theo du lieu	2026-08-20T08:07:48.3597765Z   ✓  Ghi nhan id coupon de teardown
Regression: 3 API + 3 lan chay theo du lieu (phai xanh)	Chay Newman - 3 API + 3 lan chay theo du lieu	2026-08-20T08:07:48.3642231Z   GET http://localhost:3000/api/coupons [200 OK, 2.64kB, 2ms]
Regression: 3 API + 3 lan chay theo du lieu (phai xanh)	Chay Newman - 3 API + 3 lan chay theo du lieu	2026-08-20T08:07:48.3666782Z   ✓  GET /api/coupons: coupon vua tao co max_uses_per_user = 1
Regression: 3 API + 3 lan chay theo du lieu (phai xanh)	Chay Newman - 3 API + 3 lan chay theo du lieu	2026-08-20T08:07:48.3701500Z 
Regression: 3 API + 3 lan chay theo du lieu (phai xanh)	Chay Newman - 3 API + 3 lan chay theo du lieu	2026-08-20T08:07:48.3702008Z ↳ TC-API3-014 - Gui kem is_active -> bi bo qua
Regression: 3 API + 3 lan chay theo du lieu (phai xanh)	Chay Newman - 3 API + 3 lan chay theo du lieu	2026-08-20T08:07:48.3728491Z   ┌
Regression: 3 API + 3 lan chay theo du lieu (phai xanh)	Chay Newman - 3 API + 3 lan chay theo du lieu	2026-08-20T08:07:48.3729277Z   │ '[X-Student-Id] 23127344 -> POST {{baseUrl}}/api/admin
Regression: 3 API + 3 lan chay theo du lieu (phai xanh)	Chay Newman - 3 API + 3 lan chay theo du lieu	2026-08-20T08:07:48.3729815Z   │ /coupons'
Regression: 3 API + 3 lan chay theo du lieu (phai xanh)	Chay Newman - 3 API + 3 lan chay theo du lieu	2026-08-20T08:07:48.3786379Z   └
Regression: 3 API + 3 lan chay theo du lieu (phai xanh)	Chay Newman - 3 API + 3 lan chay theo du lieu	2026-08-20T08:07:48.3820684Z   POST http://localhost:3000/api/admin/coupons [200 OK, 303B, 3ms]
Regression: 3 API + 3 lan chay theo du lieu (phai xanh)	Chay Newman - 3 API + 3 lan chay theo du lieu	2026-08-20T08:07:48.3855361Z   ✓  [moi request] co header X-Student-Id = 23127344
Regression: 3 API + 3 lan chay theo du lieu (phai xanh)	Chay Newman - 3 API + 3 lan chay theo du lieu	2026-08-20T08:07:48.3889057Z   ✓  [API3] thoi gian phan hoi < 2000ms
Regression: 3 API + 3 lan chay theo du lieu (phai xanh)	Chay Newman - 3 API + 3 lan chay theo du lieu	2026-08-20T08:07:48.3935435Z   ✓  Status 200
Regression: 3 API + 3 lan chay theo du lieu (phai xanh)	Chay Newman - 3 API + 3 lan chay theo du lieu	2026-08-20T08:07:48.3940657Z   ✓  Response co dung 2 key: message, id
Regression: 3 API + 3 lan chay theo du lieu (phai xanh)	Chay Newman - 3 API + 3 lan chay theo du lieu	2026-08-20T08:07:48.3943917Z   ✓  Body.message = "Coupon created"
Regression: 3 API + 3 lan chay theo du lieu (phai xanh)	Chay Newman - 3 API + 3 lan chay theo du lieu	2026-08-20T08:07:48.3948045Z   ✓  Ghi nhan id coupon de teardown
Regression: 3 API + 3 lan chay theo du lieu (phai xanh)	Chay Newman - 3 API + 3 lan chay theo du lieu	2026-08-20T08:07:48.3999603Z   GET http://localhost:3000/api/coupons [200 OK, 2.79kB, 2ms]
Regression: 3 API + 3 lan chay theo du lieu (phai xanh)	Chay Newman - 3 API + 3 lan chay theo du lieu	2026-08-20T08:07:48.4029366Z   ✓  GET /api/coupons: coupon vua tao co is_active = 1
Regression: 3 API + 3 lan chay theo du lieu (phai xanh)	Chay Newman - 3 API + 3 lan chay theo du lieu	2026-08-20T08:07:48.4070998Z 
Regression: 3 API + 3 lan chay theo du lieu (phai xanh)	Chay Newman - 3 API + 3 lan chay theo du lieu	2026-08-20T08:07:48.4072003Z ↳ TC-API3-015 - discount_value = 0 (bien min-1 cua rang buoc >0)
Regression: 3 API + 3 lan chay theo du lieu (phai xanh)	Chay Newman - 3 API + 3 lan chay theo du lieu	2026-08-20T08:07:48.4100006Z   ┌
Regression: 3 API + 3 lan chay theo du lieu (phai xanh)	Chay Newman - 3 API + 3 lan chay theo du lieu	2026-08-20T08:07:48.4100751Z   │ '[X-Student-Id] 23127344 -> POST {{baseUrl}}/api/admin
Regression: 3 API + 3 lan chay theo du lieu (phai xanh)	Chay Newman - 3 API + 3 lan chay theo du lieu	2026-08-20T08:07:48.4101475Z   │ /coupons'
Regression: 3 API + 3 lan chay theo du lieu (phai xanh)	Chay Newman - 3 API + 3 lan chay theo du lieu	2026-08-20T08:07:48.4164813Z   └
Regression: 3 API + 3 lan chay theo du lieu (phai xanh)	Chay Newman - 3 API + 3 lan chay theo du lieu	2026-08-20T08:07:48.4200673Z   POST http://localhost:3000/api/admin/coupons [200 OK, 303B, 3ms]
Regression: 3 API + 3 lan chay theo du lieu (phai xanh)	Chay Newman - 3 API + 3 lan chay theo du lieu	2026-08-20T08:07:48.4234219Z   ✓  [moi request] co header X-Student-Id = 23127344
Regression: 3 API + 3 lan chay theo du lieu (phai xanh)	Chay Newman - 3 API + 3 lan chay theo du lieu	2026-08-20T08:07:48.4267126Z   ✓  [API3] thoi gian phan hoi < 2000ms
Regression: 3 API + 3 lan chay theo du lieu (phai xanh)	Chay Newman - 3 API + 3 lan chay theo du lieu	2026-08-20T08:07:48.4304711Z   ✓  Status 200
Regression: 3 API + 3 lan chay theo du lieu (phai xanh)	Chay Newman - 3 API + 3 lan chay theo du lieu	2026-08-20T08:07:48.4308173Z   ✓  Response co dung 2 key: message, id
Regression: 3 API + 3 lan chay theo du lieu (phai xanh)	Chay Newman - 3 API + 3 lan chay theo du lieu	2026-08-20T08:07:48.4310937Z   ✓  Body.message = "Coupon created"
Regression: 3 API + 3 lan chay theo du lieu (phai xanh)	Chay Newman - 3 API + 3 lan chay theo du lieu	2026-08-20T08:07:48.4314038Z   ✓  Ghi nhan id coupon de teardown
Regression: 3 API + 3 lan chay theo du lieu (phai xanh)	Chay Newman - 3 API + 3 lan chay theo du lieu	2026-08-20T08:07:48.4360842Z   GET http://localhost:3000/api/coupons [200 OK, 2.93kB, 2ms]
Regression: 3 API + 3 lan chay theo du lieu (phai xanh)	Chay Newman - 3 API + 3 lan chay theo du lieu	2026-08-20T08:07:48.4388171Z   ✓  GET /api/coupons: coupon vua tao co discount_value = 0
Regression: 3 API + 3 lan chay theo du lieu (phai xanh)	Chay Newman - 3 API + 3 lan chay theo du lieu	2026-08-20T08:07:48.4427602Z 
Regression: 3 API + 3 lan chay theo du lieu (phai xanh)	Chay Newman - 3 API + 3 lan chay theo du lieu	2026-08-20T08:07:48.4428256Z ↳ TC-API3-016 - discount_value = 1 (bien min)
Regression: 3 API + 3 lan chay theo du lieu (phai xanh)	Chay Newman - 3 API + 3 lan chay theo du lieu	2026-08-20T08:07:48.4457116Z   ┌
Regression: 3 API + 3 lan chay theo du lieu (phai xanh)	Chay Newman - 3 API + 3 lan chay theo du lieu	2026-08-20T08:07:48.4457794Z   │ '[X-Student-Id] 23127344 -> POST {{baseUrl}}/api/admin
Regression: 3 API + 3 lan chay theo du lieu (phai xanh)	Chay Newman - 3 API + 3 lan chay theo du lieu	2026-08-20T08:07:48.4458506Z   │ /coupons'
Regression: 3 API + 3 lan chay theo du lieu (phai xanh)	Chay Newman - 3 API + 3 lan chay theo du lieu	2026-08-20T08:07:48.4527263Z   └
Regression: 3 API + 3 lan chay theo du lieu (phai xanh)	Chay Newman - 3 API + 3 lan chay theo du lieu	2026-08-20T08:07:48.4574809Z   POST http://localhost:3000/api/admin/coupons [200 OK, 303B, 5ms]
Regression: 3 API + 3 lan chay theo du lieu (phai xanh)	Chay Newman - 3 API + 3 lan chay theo du lieu	2026-08-20T08:07:48.4612611Z   ✓  [moi request] co header X-Student-Id = 23127344
Regression: 3 API + 3 lan chay theo du lieu (phai xanh)	Chay Newman - 3 API + 3 lan chay theo du lieu	2026-08-20T08:07:48.4663411Z   ✓  [API3] thoi gian phan hoi < 2000ms
Regression: 3 API + 3 lan chay theo du lieu (phai xanh)	Chay Newman - 3 API + 3 lan chay theo du lieu	2026-08-20T08:07:48.4701379Z   ✓  Status 200
Regression: 3 API + 3 lan chay theo du lieu (phai xanh)	Chay Newman - 3 API + 3 lan chay theo du lieu	2026-08-20T08:07:48.4704928Z   ✓  Response co dung 2 key: message, id
Regression: 3 API + 3 lan chay theo du lieu (phai xanh)	Chay Newman - 3 API + 3 lan chay theo du lieu	2026-08-20T08:07:48.4707213Z   ✓  Body.message = "Coupon created"
Regression: 3 API + 3 lan chay theo du lieu (phai xanh)	Chay Newman - 3 API + 3 lan chay theo du lieu	2026-08-20T08:07:48.4710921Z   ✓  Ghi nhan id coupon de teardown
Regression: 3 API + 3 lan chay theo du lieu (phai xanh)	Chay Newman - 3 API + 3 lan chay theo du lieu	2026-08-20T08:07:48.4756190Z   GET http://localhost:3000/api/coupons [200 OK, 3.08kB, 2ms]
Regression: 3 API + 3 lan chay theo du lieu (phai xanh)	Chay Newman - 3 API + 3 lan chay theo du lieu	2026-08-20T08:07:48.4785355Z   ✓  GET /api/coupons: coupon vua tao co discount_value = 1
Regression: 3 API + 3 lan chay theo du lieu (phai xanh)	Chay Newman - 3 API + 3 lan chay theo du lieu	2026-08-20T08:07:48.4823642Z 
Regression: 3 API + 3 lan chay theo du lieu (phai xanh)	Chay Newman - 3 API + 3 lan chay theo du lieu	2026-08-20T08:07:48.4824517Z ↳ TC-API3-017 - min_order_amount = -1 (bien min-1 cua >=0)
Regression: 3 API + 3 lan chay theo du lieu (phai xanh)	Chay Newman - 3 API + 3 lan chay theo du lieu	2026-08-20T08:07:48.4848780Z   ┌
Regression: 3 API + 3 lan chay theo du lieu (phai xanh)	Chay Newman - 3 API + 3 lan chay theo du lieu	2026-08-20T08:07:48.4916945Z   │ '[X-Student-Id] 23127344 -> POST {{baseUrl}}/api/admin
Regression: 3 API + 3 lan chay theo du lieu (phai xanh)	Chay Newman - 3 API + 3 lan chay theo du lieu	2026-08-20T08:07:48.4917501Z   │ /coupons'
Regression: 3 API + 3 lan chay theo du lieu (phai xanh)	Chay Newman - 3 API + 3 lan chay theo du lieu	2026-08-20T08:07:48.4917776Z   └
Regression: 3 API + 3 lan chay theo du lieu (phai xanh)	Chay Newman - 3 API + 3 lan chay theo du lieu	2026-08-20T08:07:48.4965782Z   POST http://localhost:3000/api/admin/coupons [200 OK, 303B, 5ms]
Regression: 3 API + 3 lan chay theo du lieu (phai xanh)	Chay Newman - 3 API + 3 lan chay theo du lieu	2026-08-20T08:07:48.5006483Z   ✓  [moi request] co header X-Student-Id = 23127344
Regression: 3 API + 3 lan chay theo du lieu (phai xanh)	Chay Newman - 3 API + 3 lan chay theo du lieu	2026-08-20T08:07:48.5049122Z   ✓  [API3] thoi gian phan hoi < 2000ms
Regression: 3 API + 3 lan chay theo du lieu (phai xanh)	Chay Newman - 3 API + 3 lan chay theo du lieu	2026-08-20T08:07:48.5092265Z   ✓  Status 200
Regression: 3 API + 3 lan chay theo du lieu (phai xanh)	Chay Newman - 3 API + 3 lan chay theo du lieu	2026-08-20T08:07:48.5095898Z   ✓  Response co dung 2 key: message, id
Regression: 3 API + 3 lan chay theo du lieu (phai xanh)	Chay Newman - 3 API + 3 lan chay theo du lieu	2026-08-20T08:07:48.5098884Z   ✓  Body.message = "Coupon created"
Regression: 3 API + 3 lan chay theo du lieu (phai xanh)	Chay Newman - 3 API + 3 lan chay theo du lieu	2026-08-20T08:07:48.5102848Z   ✓  Ghi nhan id coupon de teardown
Regression: 3 API + 3 lan chay theo du lieu (phai xanh)	Chay Newman - 3 API + 3 lan chay theo du lieu	2026-08-20T08:07:48.5142169Z   GET http://localhost:3000/api/coupons [200 OK, 3.23kB, 2ms]
Regression: 3 API + 3 lan chay theo du lieu (phai xanh)	Chay Newman - 3 API + 3 lan chay theo du lieu	2026-08-20T08:07:48.5174137Z   ✓  GET /api/coupons: coupon vua tao co min_order_amount = -1
Regression: 3 API + 3 lan chay theo du lieu (phai xanh)	Chay Newman - 3 API + 3 lan chay theo du lieu	2026-08-20T08:07:48.5216442Z 
Regression: 3 API + 3 lan chay theo du lieu (phai xanh)	Chay Newman - 3 API + 3 lan chay theo du lieu	2026-08-20T08:07:48.5217142Z ↳ TC-API3-018 - min_order_amount = 0 (bien min, bao gom)
Regression: 3 API + 3 lan chay theo du lieu (phai xanh)	Chay Newman - 3 API + 3 lan chay theo du lieu	2026-08-20T08:07:48.5248421Z   ┌
Regression: 3 API + 3 lan chay theo du lieu (phai xanh)	Chay Newman - 3 API + 3 lan chay theo du lieu	2026-08-20T08:07:48.5249486Z   │ '[X-Student-Id] 23127344 -> POST {{baseUrl}}/api/admin
Regression: 3 API + 3 lan chay theo du lieu (phai xanh)	Chay Newman - 3 API + 3 lan chay theo du lieu	2026-08-20T08:07:48.5250218Z   │ /coupons'
Regression: 3 API + 3 lan chay theo du lieu (phai xanh)	Chay Newman - 3 API + 3 lan chay theo du lieu	2026-08-20T08:07:48.5317198Z   └
Regression: 3 API + 3 lan chay theo du lieu (phai xanh)	Chay Newman - 3 API + 3 lan chay theo du lieu	2026-08-20T08:07:48.5360736Z   POST http://localhost:3000/api/admin/coupons [200 OK, 303B, 4ms]
Regression: 3 API + 3 lan chay theo du lieu (phai xanh)	Chay Newman - 3 API + 3 lan chay theo du lieu	2026-08-20T08:07:48.5398054Z   ✓  [moi request] co header X-Student-Id = 23127344
Regression: 3 API + 3 lan chay theo du lieu (phai xanh)	Chay Newman - 3 API + 3 lan chay theo du lieu	2026-08-20T08:07:48.5451740Z   ✓  [API3] thoi gian phan hoi < 2000ms
Regression: 3 API + 3 lan chay theo du lieu (phai xanh)	Chay Newman - 3 API + 3 lan chay theo du lieu	2026-08-20T08:07:48.5490063Z   ✓  Status 200
Regression: 3 API + 3 lan chay theo du lieu (phai xanh)	Chay Newman - 3 API + 3 lan chay theo du lieu	2026-08-20T08:07:48.5493356Z   ✓  Response co dung 2 key: message, id
Regression: 3 API + 3 lan chay theo du lieu (phai xanh)	Chay Newman - 3 API + 3 lan chay theo du lieu	2026-08-20T08:07:48.5495960Z   ✓  Body.message = "Coupon created"
Regression: 3 API + 3 lan chay theo du lieu (phai xanh)	Chay Newman - 3 API + 3 lan chay theo du lieu	2026-08-20T08:07:48.5499348Z   ✓  Ghi nhan id coupon de teardown
Regression: 3 API + 3 lan chay theo du lieu (phai xanh)	Chay Newman - 3 API + 3 lan chay theo du lieu	2026-08-20T08:07:48.5545640Z   GET http://localhost:3000/api/coupons [200 OK, 3.37kB, 3ms]
Regression: 3 API + 3 lan chay theo du lieu (phai xanh)	Chay Newman - 3 API + 3 lan chay theo du lieu	2026-08-20T08:07:48.5576494Z   ✓  GET /api/coupons: coupon vua tao co min_order_amount = 0
Regression: 3 API + 3 lan chay theo du lieu (phai xanh)	Chay Newman - 3 API + 3 lan chay theo du lieu	2026-08-20T08:07:48.5613915Z 
Regression: 3 API + 3 lan chay theo du lieu (phai xanh)	Chay Newman - 3 API + 3 lan chay theo du lieu	2026-08-20T08:07:48.5614557Z ↳ TC-API3-019 - max_uses_per_user = 0 (so) -> bi ep thanh 1
Regression: 3 API + 3 lan chay theo du lieu (phai xanh)	Chay Newman - 3 API + 3 lan chay theo du lieu	2026-08-20T08:07:48.5646605Z   ┌
Regression: 3 API + 3 lan chay theo du lieu (phai xanh)	Chay Newman - 3 API + 3 lan chay theo du lieu	2026-08-20T08:07:48.5647382Z   │ '[X-Student-Id] 23127344 -> POST {{baseUrl}}/api/admin
Regression: 3 API + 3 lan chay theo du lieu (phai xanh)	Chay Newman - 3 API + 3 lan chay theo du lieu	2026-08-20T08:07:48.5648280Z   │ /coupons'
Regression: 3 API + 3 lan chay theo du lieu (phai xanh)	Chay Newman - 3 API + 3 lan chay theo du lieu	2026-08-20T08:07:48.5711567Z   └
Regression: 3 API + 3 lan chay theo du lieu (phai xanh)	Chay Newman - 3 API + 3 lan chay theo du lieu	2026-08-20T08:07:48.5764497Z   POST http://localhost:3000/api/admin/coupons [200 OK, 303B, 5ms]
Regression: 3 API + 3 lan chay theo du lieu (phai xanh)	Chay Newman - 3 API + 3 lan chay theo du lieu	2026-08-20T08:07:48.5804730Z   ✓  [moi request] co header X-Student-Id = 23127344
Regression: 3 API + 3 lan chay theo du lieu (phai xanh)	Chay Newman - 3 API + 3 lan chay theo du lieu	2026-08-20T08:07:48.5839248Z   ✓  [API3] thoi gian phan hoi < 2000ms
Regression: 3 API + 3 lan chay theo du lieu (phai xanh)	Chay Newman - 3 API + 3 lan chay theo du lieu	2026-08-20T08:07:48.5878303Z   ✓  Status 200
Regression: 3 API + 3 lan chay theo du lieu (phai xanh)	Chay Newman - 3 API + 3 lan chay theo du lieu	2026-08-20T08:07:48.5882020Z   ✓  Response co dung 2 key: message, id
Regression: 3 API + 3 lan chay theo du lieu (phai xanh)	Chay Newman - 3 API + 3 lan chay theo du lieu	2026-08-20T08:07:48.5889765Z   ✓  Body.message = "Coupon created"
Regression: 3 API + 3 lan chay theo du lieu (phai xanh)	Chay Newman - 3 API + 3 lan chay theo du lieu	2026-08-20T08:07:48.5890465Z   ✓  Ghi nhan id coupon de teardown
Regression: 3 API + 3 lan chay theo du lieu (phai xanh)	Chay Newman - 3 API + 3 lan chay theo du lieu	2026-08-20T08:07:48.5927171Z   GET http://localhost:3000/api/coupons [200 OK, 3.52kB, 2ms]
Regression: 3 API + 3 lan chay theo du lieu (phai xanh)	Chay Newman - 3 API + 3 lan chay theo du lieu	2026-08-20T08:07:48.5961352Z   ✓  GET /api/coupons: coupon vua tao co max_uses_per_user = 1
Regression: 3 API + 3 lan chay theo du lieu (phai xanh)	Chay Newman - 3 API + 3 lan chay theo du lieu	2026-08-20T08:07:48.6001280Z 
Regression: 3 API + 3 lan chay theo du lieu (phai xanh)	Chay Newman - 3 API + 3 lan chay theo du lieu	2026-08-20T08:07:48.6001897Z ↳ TC-API3-020 - max_uses_per_user = "0" (chuoi) -> vuot || 1 va bi SQLite ep ve so 0
Regression: 3 API + 3 lan chay theo du lieu (phai xanh)	Chay Newman - 3 API + 3 lan chay theo du lieu	2026-08-20T08:07:48.6030026Z   ┌
Regression: 3 API + 3 lan chay theo du lieu (phai xanh)	Chay Newman - 3 API + 3 lan chay theo du lieu	2026-08-20T08:07:48.6030638Z   │ '[X-Student-Id] 23127344 -> POST {{baseUrl}}/api/admin
Regression: 3 API + 3 lan chay theo du lieu (phai xanh)	Chay Newman - 3 API + 3 lan chay theo du lieu	2026-08-20T08:07:48.6031222Z   │ /coupons'
Regression: 3 API + 3 lan chay theo du lieu (phai xanh)	Chay Newman - 3 API + 3 lan chay theo du lieu	2026-08-20T08:07:48.6093638Z   └
Regression: 3 API + 3 lan chay theo du lieu (phai xanh)	Chay Newman - 3 API + 3 lan chay theo du lieu	2026-08-20T08:07:48.6131194Z   POST http://localhost:3000/api/admin/coupons [200 OK, 303B, 3ms]
Regression: 3 API + 3 lan chay theo du lieu (phai xanh)	Chay Newman - 3 API + 3 lan chay theo du lieu	2026-08-20T08:07:48.6164950Z   ✓  [moi request] co header X-Student-Id = 23127344
Regression: 3 API + 3 lan chay theo du lieu (phai xanh)	Chay Newman - 3 API + 3 lan chay theo du lieu	2026-08-20T08:07:48.6211288Z   ✓  [API3] thoi gian phan hoi < 2000ms
Regression: 3 API + 3 lan chay theo du lieu (phai xanh)	Chay Newman - 3 API + 3 lan chay theo du lieu	2026-08-20T08:07:48.6246474Z   ✓  Status 200
Regression: 3 API + 3 lan chay theo du lieu (phai xanh)	Chay Newman - 3 API + 3 lan chay theo du lieu	2026-08-20T08:07:48.6250438Z   ✓  Response co dung 2 key: message, id
Regression: 3 API + 3 lan chay theo du lieu (phai xanh)	Chay Newman - 3 API + 3 lan chay theo du lieu	2026-08-20T08:07:48.6253306Z   ✓  Body.message = "Coupon created"
Regression: 3 API + 3 lan chay theo du lieu (phai xanh)	Chay Newman - 3 API + 3 lan chay theo du lieu	2026-08-20T08:07:48.6256816Z   ✓  Ghi nhan id coupon de teardown
Regression: 3 API + 3 lan chay theo du lieu (phai xanh)	Chay Newman - 3 API + 3 lan chay theo du lieu	2026-08-20T08:07:48.6302110Z   GET http://localhost:3000/api/coupons [200 OK, 3.67kB, 2ms]
Regression: 3 API + 3 lan chay theo du lieu (phai xanh)	Chay Newman - 3 API + 3 lan chay theo du lieu	2026-08-20T08:07:48.6335694Z   ✓  GET /api/coupons: coupon vua tao co max_uses_per_user = 0
Regression: 3 API + 3 lan chay theo du lieu (phai xanh)	Chay Newman - 3 API + 3 lan chay theo du lieu	2026-08-20T08:07:48.6375197Z 
Regression: 3 API + 3 lan chay theo du lieu (phai xanh)	Chay Newman - 3 API + 3 lan chay theo du lieu	2026-08-20T08:07:48.6376027Z ↳ TC-API3-021 - max_uses_per_user = 1 (bien min)
Regression: 3 API + 3 lan chay theo du lieu (phai xanh)	Chay Newman - 3 API + 3 lan chay theo du lieu	2026-08-20T08:07:48.6406186Z   ┌
Regression: 3 API + 3 lan chay theo du lieu (phai xanh)	Chay Newman - 3 API + 3 lan chay theo du lieu	2026-08-20T08:07:48.6407216Z   │ '[X-Student-Id] 23127344 -> POST {{baseUrl}}/api/admin
Regression: 3 API + 3 lan chay theo du lieu (phai xanh)	Chay Newman - 3 API + 3 lan chay theo du lieu	2026-08-20T08:07:48.6408088Z   │ /coupons'
Regression: 3 API + 3 lan chay theo du lieu (phai xanh)	Chay Newman - 3 API + 3 lan chay theo du lieu	2026-08-20T08:07:48.6496921Z   └
Regression: 3 API + 3 lan chay theo du lieu (phai xanh)	Chay Newman - 3 API + 3 lan chay theo du lieu	2026-08-20T08:07:48.6540652Z   POST http://localhost:3000/api/admin/coupons [200 OK, 303B, 4ms]
Regression: 3 API + 3 lan chay theo du lieu (phai xanh)	Chay Newman - 3 API + 3 lan chay theo du lieu	2026-08-20T08:07:48.6588645Z   ✓  [moi request] co header X-Student-Id = 23127344
Regression: 3 API + 3 lan chay theo du lieu (phai xanh)	Chay Newman - 3 API + 3 lan chay theo du lieu	2026-08-20T08:07:48.6629116Z   ✓  [API3] thoi gian phan hoi < 2000ms
Regression: 3 API + 3 lan chay theo du lieu (phai xanh)	Chay Newman - 3 API + 3 lan chay theo du lieu	2026-08-20T08:07:48.6672858Z   ✓  Status 200
Regression: 3 API + 3 lan chay theo du lieu (phai xanh)	Chay Newman - 3 API + 3 lan chay theo du lieu	2026-08-20T08:07:48.6675668Z   ✓  Response co dung 2 key: message, id
Regression: 3 API + 3 lan chay theo du lieu (phai xanh)	Chay Newman - 3 API + 3 lan chay theo du lieu	2026-08-20T08:07:48.6678040Z   ✓  Body.message = "Coupon created"
Regression: 3 API + 3 lan chay theo du lieu (phai xanh)	Chay Newman - 3 API + 3 lan chay theo du lieu	2026-08-20T08:07:48.6681384Z   ✓  Ghi nhan id coupon de teardown
Regression: 3 API + 3 lan chay theo du lieu (phai xanh)	Chay Newman - 3 API + 3 lan chay theo du lieu	2026-08-20T08:07:48.6716405Z   GET http://localhost:3000/api/coupons [200 OK, 3.82kB, 2ms]
Regression: 3 API + 3 lan chay theo du lieu (phai xanh)	Chay Newman - 3 API + 3 lan chay theo du lieu	2026-08-20T08:07:48.6749534Z   ✓  GET /api/coupons: coupon vua tao co max_uses_per_user = 1
Regression: 3 API + 3 lan chay theo du lieu (phai xanh)	Chay Newman - 3 API + 3 lan chay theo du lieu	2026-08-20T08:07:48.6791208Z 
Regression: 3 API + 3 lan chay theo du lieu (phai xanh)	Chay Newman - 3 API + 3 lan chay theo du lieu	2026-08-20T08:07:48.6792414Z ↳ TC-API3-022 - max_uses_per_user = -5 -> KHONG bi ep
Regression: 3 API + 3 lan chay theo du lieu (phai xanh)	Chay Newman - 3 API + 3 lan chay theo du lieu	2026-08-20T08:07:48.6820891Z   ┌
Regression: 3 API + 3 lan chay theo du lieu (phai xanh)	Chay Newman - 3 API + 3 lan chay theo du lieu	2026-08-20T08:07:48.6821593Z   │ '[X-Student-Id] 23127344 -> POST {{baseUrl}}/api/admin
Regression: 3 API + 3 lan chay theo du lieu (phai xanh)	Chay Newman - 3 API + 3 lan chay theo du lieu	2026-08-20T08:07:48.6821988Z   │ /coupons'
Regression: 3 API + 3 lan chay theo du lieu (phai xanh)	Chay Newman - 3 API + 3 lan chay theo du lieu	2026-08-20T08:07:48.6881827Z   └
Regression: 3 API + 3 lan chay theo du lieu (phai xanh)	Chay Newman - 3 API + 3 lan chay theo du lieu	2026-08-20T08:07:48.6922714Z   POST http://localhost:3000/api/admin/coupons [200 OK, 303B, 3ms]
Regression: 3 API + 3 lan chay theo du lieu (phai xanh)	Chay Newman - 3 API + 3 lan chay theo du lieu	2026-08-20T08:07:48.6963803Z   ✓  [moi request] co header X-Student-Id = 23127344
Regression: 3 API + 3 lan chay theo du lieu (phai xanh)	Chay Newman - 3 API + 3 lan chay theo du lieu	2026-08-20T08:07:48.7026745Z   ✓  [API3] thoi gian phan hoi < 2000ms
Regression: 3 API + 3 lan chay theo du lieu (phai xanh)	Chay Newman - 3 API + 3 lan chay theo du lieu	2026-08-20T08:07:48.7066773Z   ✓  Status 200
Regression: 3 API + 3 lan chay theo du lieu (phai xanh)	Chay Newman - 3 API + 3 lan chay theo du lieu	2026-08-20T08:07:48.7069717Z   ✓  Response co dung 2 key: message, id
Regression: 3 API + 3 lan chay theo du lieu (phai xanh)	Chay Newman - 3 API + 3 lan chay theo du lieu	2026-08-20T08:07:48.7073294Z   ✓  Body.message = "Coupon created"
Regression: 3 API + 3 lan chay theo du lieu (phai xanh)	Chay Newman - 3 API + 3 lan chay theo du lieu	2026-08-20T08:07:48.7078021Z   ✓  Ghi nhan id coupon de teardown
Regression: 3 API + 3 lan chay theo du lieu (phai xanh)	Chay Newman - 3 API + 3 lan chay theo du lieu	2026-08-20T08:07:48.7120287Z   GET http://localhost:3000/api/coupons [200 OK, 3.97kB, 2ms]
Regression: 3 API + 3 lan chay theo du lieu (phai xanh)	Chay Newman - 3 API + 3 lan chay theo du lieu	2026-08-20T08:07:48.7155963Z   ✓  GET /api/coupons: coupon vua tao co max_uses_per_user = -5
Regression: 3 API + 3 lan chay theo du lieu (phai xanh)	Chay Newman - 3 API + 3 lan chay theo du lieu	2026-08-20T08:07:48.7206424Z 
Regression: 3 API + 3 lan chay theo du lieu (phai xanh)	Chay Newman - 3 API + 3 lan chay theo du lieu	2026-08-20T08:07:48.7206992Z ↳ TC-API3-023 - discount_value cuc lon
Regression: 3 API + 3 lan chay theo du lieu (phai xanh)	Chay Newman - 3 API + 3 lan chay theo du lieu	2026-08-20T08:07:48.7236015Z   ┌
Regression: 3 API + 3 lan chay theo du lieu (phai xanh)	Chay Newman - 3 API + 3 lan chay theo du lieu	2026-08-20T08:07:48.7236597Z   │ '[X-Student-Id] 23127344 -> POST {{baseUrl}}/api/admin
Regression: 3 API + 3 lan chay theo du lieu (phai xanh)	Chay Newman - 3 API + 3 lan chay theo du lieu	2026-08-20T08:07:48.7296780Z   │ /coupons'
Regression: 3 API + 3 lan chay theo du lieu (phai xanh)	Chay Newman - 3 API + 3 lan chay theo du lieu	2026-08-20T08:07:48.7297094Z   └
Regression: 3 API + 3 lan chay theo du lieu (phai xanh)	Chay Newman - 3 API + 3 lan chay theo du lieu	2026-08-20T08:07:48.7341258Z   POST http://localhost:3000/api/admin/coupons [200 OK, 303B, 4ms]
Regression: 3 API + 3 lan chay theo du lieu (phai xanh)	Chay Newman - 3 API + 3 lan chay theo du lieu	2026-08-20T08:07:48.7376457Z   ✓  [moi request] co header X-Student-Id = 23127344
Regression: 3 API + 3 lan chay theo du lieu (phai xanh)	Chay Newman - 3 API + 3 lan chay theo du lieu	2026-08-20T08:07:48.7409428Z   ✓  [API3] thoi gian phan hoi < 2000ms
Regression: 3 API + 3 lan chay theo du lieu (phai xanh)	Chay Newman - 3 API + 3 lan chay theo du lieu	2026-08-20T08:07:48.7444452Z   ✓  Status 200
Regression: 3 API + 3 lan chay theo du lieu (phai xanh)	Chay Newman - 3 API + 3 lan chay theo du lieu	2026-08-20T08:07:48.7447452Z   ✓  Response co dung 2 key: message, id
Regression: 3 API + 3 lan chay theo du lieu (phai xanh)	Chay Newman - 3 API + 3 lan chay theo du lieu	2026-08-20T08:07:48.7450172Z   ✓  Body.message = "Coupon created"
Regression: 3 API + 3 lan chay theo du lieu (phai xanh)	Chay Newman - 3 API + 3 lan chay theo du lieu	2026-08-20T08:07:48.7453260Z   ✓  Ghi nhan id coupon de teardown
Regression: 3 API + 3 lan chay theo du lieu (phai xanh)	Chay Newman - 3 API + 3 lan chay theo du lieu	2026-08-20T08:07:48.7484362Z   GET http://localhost:3000/api/coupons [200 OK, 4.12kB, 2ms]
Regression: 3 API + 3 lan chay theo du lieu (phai xanh)	Chay Newman - 3 API + 3 lan chay theo du lieu	2026-08-20T08:07:48.7517745Z   ✓  GET /api/coupons: coupon vua tao co discount_value = 999999999
Regression: 3 API + 3 lan chay theo du lieu (phai xanh)	Chay Newman - 3 API + 3 lan chay theo du lieu	2026-08-20T08:07:48.7556305Z 
Regression: 3 API + 3 lan chay theo du lieu (phai xanh)	Chay Newman - 3 API + 3 lan chay theo du lieu	2026-08-20T08:07:48.7556796Z ↳ TC-API3-024 - Header Authorization co 2 dau cach -> 403
Regression: 3 API + 3 lan chay theo du lieu (phai xanh)	Chay Newman - 3 API + 3 lan chay theo du lieu	2026-08-20T08:07:48.7586058Z   ┌
Regression: 3 API + 3 lan chay theo du lieu (phai xanh)	Chay Newman - 3 API + 3 lan chay theo du lieu	2026-08-20T08:07:48.7587062Z   │ '[X-Student-Id] 23127344 -> POST {{baseUrl}}/api/admin
Regression: 3 API + 3 lan chay theo du lieu (phai xanh)	Chay Newman - 3 API + 3 lan chay theo du lieu	2026-08-20T08:07:48.7587905Z   │ /coupons'
Regression: 3 API + 3 lan chay theo du lieu (phai xanh)	Chay Newman - 3 API + 3 lan chay theo du lieu	2026-08-20T08:07:48.7653598Z   └
Regression: 3 API + 3 lan chay theo du lieu (phai xanh)	Chay Newman - 3 API + 3 lan chay theo du lieu	2026-08-20T08:07:48.7673752Z   POST http://localhost:3000/api/admin/coupons [403 Forbidden, 295B, 2ms]
Regression: 3 API + 3 lan chay theo du lieu (phai xanh)	Chay Newman - 3 API + 3 lan chay theo du lieu	2026-08-20T08:07:48.7707593Z   ✓  [moi request] co header X-Student-Id = 23127344
Regression: 3 API + 3 lan chay theo du lieu (phai xanh)	Chay Newman - 3 API + 3 lan chay theo du lieu	2026-08-20T08:07:48.7752378Z   ✓  [API3] thoi gian phan hoi < 2000ms
Regression: 3 API + 3 lan chay theo du lieu (phai xanh)	Chay Newman - 3 API + 3 lan chay theo du lieu	2026-08-20T08:07:48.7787440Z   ✓  Status 403
Regression: 3 API + 3 lan chay theo du lieu (phai xanh)	Chay Newman - 3 API + 3 lan chay theo du lieu	2026-08-20T08:07:48.7793650Z   ✓  Body JSON khop chinh xac {"error":"Forbidden"}
Regression: 3 API + 3 lan chay theo du lieu (phai xanh)	Chay Newman - 3 API + 3 lan chay theo du lieu	2026-08-20T08:07:48.7823469Z 
Regression: 3 API + 3 lan chay theo du lieu (phai xanh)	Chay Newman - 3 API + 3 lan chay theo du lieu	2026-08-20T08:07:48.7824284Z ↳ TC-API3-025 - Tao lai coupon voi code da bi xoa -> id MOI
Regression: 3 API + 3 lan chay theo du lieu (phai xanh)	Chay Newman - 3 API + 3 lan chay theo du lieu	2026-08-20T08:07:48.7855772Z   ┌
Regression: 3 API + 3 lan chay theo du lieu (phai xanh)	Chay Newman - 3 API + 3 lan chay theo du lieu	2026-08-20T08:07:48.7856495Z   │ '[X-Student-Id] 23127344 -> POST {{baseUrl}}/api/admin
Regression: 3 API + 3 lan chay theo du lieu (phai xanh)	Chay Newman - 3 API + 3 lan chay theo du lieu	2026-08-20T08:07:48.7857459Z   │ /coupons'
Regression: 3 API + 3 lan chay theo du lieu (phai xanh)	Chay Newman - 3 API + 3 lan chay theo du lieu	2026-08-20T08:07:48.7923870Z   └
Regression: 3 API + 3 lan chay theo du lieu (phai xanh)	Chay Newman - 3 API + 3 lan chay theo du lieu	2026-08-20T08:07:48.7967514Z   POST http://localhost:3000/api/admin/coupons [200 OK, 303B, 4ms]
Regression: 3 API + 3 lan chay theo du lieu (phai xanh)	Chay Newman - 3 API + 3 lan chay theo du lieu	2026-08-20T08:07:48.7999915Z   ┌
Regression: 3 API + 3 lan chay theo du lieu (phai xanh)	Chay Newman - 3 API + 3 lan chay theo du lieu	2026-08-20T08:07:48.8005124Z   │ '[SETUP] tao coupon id=27 code=RECREATE01'
Regression: 3 API + 3 lan chay theo du lieu (phai xanh)	Chay Newman - 3 API + 3 lan chay theo du lieu	2026-08-20T08:07:48.8005832Z   └
Regression: 3 API + 3 lan chay theo du lieu (phai xanh)	Chay Newman - 3 API + 3 lan chay theo du lieu	2026-08-20T08:07:48.8064166Z   DELETE http://localhost:3000/api/admin/coupons/27 [200 OK, 295B, 6ms]
Regression: 3 API + 3 lan chay theo du lieu (phai xanh)	Chay Newman - 3 API + 3 lan chay theo du lieu	2026-08-20T08:07:48.8073180Z   ┌
Regression: 3 API + 3 lan chay theo du lieu (phai xanh)	Chay Newman - 3 API + 3 lan chay theo du lieu	2026-08-20T08:07:48.8073594Z   │ '[SETUP] xoa coupon id=27 -> HTTP 200'
Regression: 3 API + 3 lan chay theo du lieu (phai xanh)	Chay Newman - 3 API + 3 lan chay theo du lieu	2026-08-20T08:07:48.8120051Z   └
Regression: 3 API + 3 lan chay theo du lieu (phai xanh)	Chay Newman - 3 API + 3 lan chay theo du lieu	2026-08-20T08:07:48.8161705Z   POST http://localhost:3000/api/admin/coupons [200 OK, 303B, 4ms]
Regression: 3 API + 3 lan chay theo du lieu (phai xanh)	Chay Newman - 3 API + 3 lan chay theo du lieu	2026-08-20T08:07:48.8200556Z   ✓  [moi request] co header X-Student-Id = 23127344
Regression: 3 API + 3 lan chay theo du lieu (phai xanh)	Chay Newman - 3 API + 3 lan chay theo du lieu	2026-08-20T08:07:48.8243643Z   ✓  [API3] thoi gian phan hoi < 2000ms
Regression: 3 API + 3 lan chay theo du lieu (phai xanh)	Chay Newman - 3 API + 3 lan chay theo du lieu	2026-08-20T08:07:48.8295080Z   ✓  Status 200
Regression: 3 API + 3 lan chay theo du lieu (phai xanh)	Chay Newman - 3 API + 3 lan chay theo du lieu	2026-08-20T08:07:48.8298515Z   ✓  Response co dung 2 key: message, id
Regression: 3 API + 3 lan chay theo du lieu (phai xanh)	Chay Newman - 3 API + 3 lan chay theo du lieu	2026-08-20T08:07:48.8301710Z   ✓  Body.message = "Coupon created"
Regression: 3 API + 3 lan chay theo du lieu (phai xanh)	Chay Newman - 3 API + 3 lan chay theo du lieu	2026-08-20T08:07:48.8305497Z   ✓  Ghi nhan id coupon de teardown
Regression: 3 API + 3 lan chay theo du lieu (phai xanh)	Chay Newman - 3 API + 3 lan chay theo du lieu	2026-08-20T08:07:48.8310225Z   ✓  id moi khac id cua coupon da bi xoa
Regression: 3 API + 3 lan chay theo du lieu (phai xanh)	Chay Newman - 3 API + 3 lan chay theo du lieu	2026-08-20T08:07:48.8352804Z   GET http://localhost:3000/api/coupons [200 OK, 4.27kB, 2ms]
Regression: 3 API + 3 lan chay theo du lieu (phai xanh)	Chay Newman - 3 API + 3 lan chay theo du lieu	2026-08-20T08:07:48.8398063Z   ✓  GET /api/coupons: coupon vua tao co code = "RECREATE01"
Regression: 3 API + 3 lan chay theo du lieu (phai xanh)	Chay Newman - 3 API + 3 lan chay theo du lieu	2026-08-20T08:07:48.8433785Z 
Regression: 3 API + 3 lan chay theo du lieu (phai xanh)	Chay Newman - 3 API + 3 lan chay theo du lieu	2026-08-20T08:07:48.8434503Z ↳ TC-API3-026 - Trung code khi coupon van con ton tai -> 500
Regression: 3 API + 3 lan chay theo du lieu (phai xanh)	Chay Newman - 3 API + 3 lan chay theo du lieu	2026-08-20T08:07:48.8471638Z   ┌
Regression: 3 API + 3 lan chay theo du lieu (phai xanh)	Chay Newman - 3 API + 3 lan chay theo du lieu	2026-08-20T08:07:48.8472990Z   │ '[X-Student-Id] 23127344 -> POST {{baseUrl}}/api/admin
Regression: 3 API + 3 lan chay theo du lieu (phai xanh)	Chay Newman - 3 API + 3 lan chay theo du lieu	2026-08-20T08:07:48.8473420Z   │ /coupons'
Regression: 3 API + 3 lan chay theo du lieu (phai xanh)	Chay Newman - 3 API + 3 lan chay theo du lieu	2026-08-20T08:07:48.8572271Z   └
Regression: 3 API + 3 lan chay theo du lieu (phai xanh)	Chay Newman - 3 API + 3 lan chay theo du lieu	2026-08-20T08:07:48.8616699Z   POST http://localhost:3000/api/admin/coupons [200 OK, 303B, 4ms]
Regression: 3 API + 3 lan chay theo du lieu (phai xanh)	Chay Newman - 3 API + 3 lan chay theo du lieu	2026-08-20T08:07:48.8628320Z   ┌
Regression: 3 API + 3 lan chay theo du lieu (phai xanh)	Chay Newman - 3 API + 3 lan chay theo du lieu	2026-08-20T08:07:48.8629135Z   │ '[SETUP] tao coupon id=29 code=DUPTEST01'
Regression: 3 API + 3 lan chay theo du lieu (phai xanh)	Chay Newman - 3 API + 3 lan chay theo du lieu	2026-08-20T08:07:48.8668747Z   └
Regression: 3 API + 3 lan chay theo du lieu (phai xanh)	Chay Newman - 3 API + 3 lan chay theo du lieu	2026-08-20T08:07:48.8696612Z   POST http://localhost:3000/api/admin/coupons [500 Internal Server Error, 355B, 3ms]
Regression: 3 API + 3 lan chay theo du lieu (phai xanh)	Chay Newman - 3 API + 3 lan chay theo du lieu	2026-08-20T08:07:48.8733685Z   ✓  [moi request] co header X-Student-Id = 23127344
Regression: 3 API + 3 lan chay theo du lieu (phai xanh)	Chay Newman - 3 API + 3 lan chay theo du lieu	2026-08-20T08:07:48.8775135Z   ✓  [API3] thoi gian phan hoi < 2000ms
Regression: 3 API + 3 lan chay theo du lieu (phai xanh)	Chay Newman - 3 API + 3 lan chay theo du lieu	2026-08-20T08:07:48.8822328Z   ✓  Status 500
Regression: 3 API + 3 lan chay theo du lieu (phai xanh)	Chay Newman - 3 API + 3 lan chay theo du lieu	2026-08-20T08:07:48.8826092Z   ✓  Loi UNIQUE tren coupons.code
Regression: 3 API + 3 lan chay theo du lieu (phai xanh)	Chay Newman - 3 API + 3 lan chay theo du lieu	2026-08-20T08:07:48.8866341Z 
Regression: 3 API + 3 lan chay theo du lieu (phai xanh)	Chay Newman - 3 API + 3 lan chay theo du lieu	2026-08-20T08:07:48.8867242Z ↳ TC-API3-027 - Xoa coupon da bi xoa (idempotent am tham)
Regression: 3 API + 3 lan chay theo du lieu (phai xanh)	Chay Newman - 3 API + 3 lan chay theo du lieu	2026-08-20T08:07:48.8897223Z   ┌
Regression: 3 API + 3 lan chay theo du lieu (phai xanh)	Chay Newman - 3 API + 3 lan chay theo du lieu	2026-08-20T08:07:48.8898223Z   │ '[X-Student-Id] 23127344 -> DELETE {{baseUrl}}/api/adm
Regression: 3 API + 3 lan chay theo du lieu (phai xanh)	Chay Newman - 3 API + 3 lan chay theo du lieu	2026-08-20T08:07:48.8899302Z   │ in/coupons/{{dupId2}}'
Regression: 3 API + 3 lan chay theo du lieu (phai xanh)	Chay Newman - 3 API + 3 lan chay theo du lieu	2026-08-20T08:07:48.8979293Z   └
Regression: 3 API + 3 lan chay theo du lieu (phai xanh)	Chay Newman - 3 API + 3 lan chay theo du lieu	2026-08-20T08:07:48.9052566Z   POST http://localhost:3000/api/admin/coupons [200 OK, 303B, 7ms]
Regression: 3 API + 3 lan chay theo du lieu (phai xanh)	Chay Newman - 3 API + 3 lan chay theo du lieu	2026-08-20T08:07:48.9063243Z   ┌
Regression: 3 API + 3 lan chay theo du lieu (phai xanh)	Chay Newman - 3 API + 3 lan chay theo du lieu	2026-08-20T08:07:48.9063820Z   │ '[SETUP] tao coupon id=30 code=DELTWICE01'
Regression: 3 API + 3 lan chay theo du lieu (phai xanh)	Chay Newman - 3 API + 3 lan chay theo du lieu	2026-08-20T08:07:48.9085825Z   └
Regression: 3 API + 3 lan chay theo du lieu (phai xanh)	Chay Newman - 3 API + 3 lan chay theo du lieu	2026-08-20T08:07:48.9121152Z   DELETE http://localhost:3000/api/admin/coupons/30 [200 OK, 295B, 3ms]
Regression: 3 API + 3 lan chay theo du lieu (phai xanh)	Chay Newman - 3 API + 3 lan chay theo du lieu	2026-08-20T08:07:48.9129424Z   ┌
Regression: 3 API + 3 lan chay theo du lieu (phai xanh)	Chay Newman - 3 API + 3 lan chay theo du lieu	2026-08-20T08:07:48.9130234Z   │ '[SETUP] xoa coupon id=30 -> HTTP 200'
Regression: 3 API + 3 lan chay theo du lieu (phai xanh)	Chay Newman - 3 API + 3 lan chay theo du lieu	2026-08-20T08:07:48.9171198Z   └
Regression: 3 API + 3 lan chay theo du lieu (phai xanh)	Chay Newman - 3 API + 3 lan chay theo du lieu	2026-08-20T08:07:48.9193806Z   DELETE http://localhost:3000/api/admin/coupons/30 [200 OK, 295B, 2ms]
Regression: 3 API + 3 lan chay theo du lieu (phai xanh)	Chay Newman - 3 API + 3 lan chay theo du lieu	2026-08-20T08:07:48.9233462Z   ✓  [moi request] co header X-Student-Id = 23127344
Regression: 3 API + 3 lan chay theo du lieu (phai xanh)	Chay Newman - 3 API + 3 lan chay theo du lieu	2026-08-20T08:07:48.9289284Z   ✓  [API3] thoi gian phan hoi < 2000ms
Regression: 3 API + 3 lan chay theo du lieu (phai xanh)	Chay Newman - 3 API + 3 lan chay theo du lieu	2026-08-20T08:07:48.9334224Z   ✓  Status 200
Regression: 3 API + 3 lan chay theo du lieu (phai xanh)	Chay Newman - 3 API + 3 lan chay theo du lieu	2026-08-20T08:07:48.9337909Z   ✓  Body JSON khop chinh xac {"message":"Coupon deleted"}
Regression: 3 API + 3 lan chay theo du lieu (phai xanh)	Chay Newman - 3 API + 3 lan chay theo du lieu	2026-08-20T08:07:48.9341518Z   ✓  Response co dung 1 key: message
Regression: 3 API + 3 lan chay theo du lieu (phai xanh)	Chay Newman - 3 API + 3 lan chay theo du lieu	2026-08-20T08:07:48.9381454Z 
Regression: 3 API + 3 lan chay theo du lieu (phai xanh)	Chay Newman - 3 API + 3 lan chay theo du lieu	2026-08-20T08:07:48.9381934Z ↳ TC-API3-028 - Khong gui header Authorization -> 401
Regression: 3 API + 3 lan chay theo du lieu (phai xanh)	Chay Newman - 3 API + 3 lan chay theo du lieu	2026-08-20T08:07:48.9411549Z   ┌
Regression: 3 API + 3 lan chay theo du lieu (phai xanh)	Chay Newman - 3 API + 3 lan chay theo du lieu	2026-08-20T08:07:48.9412224Z   │ '[X-Student-Id] 23127344 -> POST {{baseUrl}}/api/admin
Regression: 3 API + 3 lan chay theo du lieu (phai xanh)	Chay Newman - 3 API + 3 lan chay theo du lieu	2026-08-20T08:07:48.9412958Z   │ /coupons'
Regression: 3 API + 3 lan chay theo du lieu (phai xanh)	Chay Newman - 3 API + 3 lan chay theo du lieu	2026-08-20T08:07:48.9520132Z   └
Regression: 3 API + 3 lan chay theo du lieu (phai xanh)	Chay Newman - 3 API + 3 lan chay theo du lieu	2026-08-20T08:07:48.9520917Z   POST http://localhost:3000/api/admin/coupons [401 Unauthorized, 301B, 3ms]
Regression: 3 API + 3 lan chay theo du lieu (phai xanh)	Chay Newman - 3 API + 3 lan chay theo du lieu	2026-08-20T08:07:48.9573897Z   ✓  [moi request] co header X-Student-Id = 23127344
Regression: 3 API + 3 lan chay theo du lieu (phai xanh)	Chay Newman - 3 API + 3 lan chay theo du lieu	2026-08-20T08:07:48.9629678Z   ✓  [API3] thoi gian phan hoi < 2000ms
Regression: 3 API + 3 lan chay theo du lieu (phai xanh)	Chay Newman - 3 API + 3 lan chay theo du lieu	2026-08-20T08:07:48.9674732Z   ✓  Status 401
Regression: 3 API + 3 lan chay theo du lieu (phai xanh)	Chay Newman - 3 API + 3 lan chay theo du lieu	2026-08-20T08:07:48.9678944Z   ✓  Body JSON khop chinh xac {"error":"Unauthorized"}
Regression: 3 API + 3 lan chay theo du lieu (phai xanh)	Chay Newman - 3 API + 3 lan chay theo du lieu	2026-08-20T08:07:48.9713533Z 
Regression: 3 API + 3 lan chay theo du lieu (phai xanh)	Chay Newman - 3 API + 3 lan chay theo du lieu	2026-08-20T08:07:48.9714411Z ↳ TC-API3-029 - [CRITICAL] User thuong tao duoc coupon - vi pham SEC-03
Regression: 3 API + 3 lan chay theo du lieu (phai xanh)	Chay Newman - 3 API + 3 lan chay theo du lieu	2026-08-20T08:07:48.9761815Z   ┌
Regression: 3 API + 3 lan chay theo du lieu (phai xanh)	Chay Newman - 3 API + 3 lan chay theo du lieu	2026-08-20T08:07:48.9762552Z   │ '[X-Student-Id] 23127344 -> POST {{baseUrl}}/api/admin
Regression: 3 API + 3 lan chay theo du lieu (phai xanh)	Chay Newman - 3 API + 3 lan chay theo du lieu	2026-08-20T08:07:48.9763214Z   │ /coupons'
Regression: 3 API + 3 lan chay theo du lieu (phai xanh)	Chay Newman - 3 API + 3 lan chay theo du lieu	2026-08-20T08:07:48.9835564Z   └
Regression: 3 API + 3 lan chay theo du lieu (phai xanh)	Chay Newman - 3 API + 3 lan chay theo du lieu	2026-08-20T08:07:48.9875599Z   POST http://localhost:3000/api/admin/coupons [200 OK, 303B, 4ms]
Regression: 3 API + 3 lan chay theo du lieu (phai xanh)	Chay Newman - 3 API + 3 lan chay theo du lieu	2026-08-20T08:07:48.9912072Z   ✓  [moi request] co header X-Student-Id = 23127344
Regression: 3 API + 3 lan chay theo du lieu (phai xanh)	Chay Newman - 3 API + 3 lan chay theo du lieu	2026-08-20T08:07:48.9952750Z   ✓  [API3] thoi gian phan hoi < 2000ms
Regression: 3 API + 3 lan chay theo du lieu (phai xanh)	Chay Newman - 3 API + 3 lan chay theo du lieu	2026-08-20T08:07:48.9988805Z   ✓  Status 200
Regression: 3 API + 3 lan chay theo du lieu (phai xanh)	Chay Newman - 3 API + 3 lan chay theo du lieu	2026-08-20T08:07:48.9992645Z   ✓  Response co dung 2 key: message, id
Regression: 3 API + 3 lan chay theo du lieu (phai xanh)	Chay Newman - 3 API + 3 lan chay theo du lieu	2026-08-20T08:07:48.9995520Z   ✓  Body.message = "Coupon created"
Regression: 3 API + 3 lan chay theo du lieu (phai xanh)	Chay Newman - 3 API + 3 lan chay theo du lieu	2026-08-20T08:07:48.9999593Z   ✓  Ghi nhan id coupon de teardown
Regression: 3 API + 3 lan chay theo du lieu (phai xanh)	Chay Newman - 3 API + 3 lan chay theo du lieu	2026-08-20T08:07:49.0048342Z   GET http://localhost:3000/api/coupons [200 OK, 4.57kB, 2ms]
Regression: 3 API + 3 lan chay theo du lieu (phai xanh)	Chay Newman - 3 API + 3 lan chay theo du lieu	2026-08-20T08:07:49.0090084Z   ✓  GET /api/coupons: coupon vua tao co code = "USERMADE01"
Regression: 3 API + 3 lan chay theo du lieu (phai xanh)	Chay Newman - 3 API + 3 lan chay theo du lieu	2026-08-20T08:07:49.0130636Z 
Regression: 3 API + 3 lan chay theo du lieu (phai xanh)	Chay Newman - 3 API + 3 lan chay theo du lieu	2026-08-20T08:07:49.0131353Z ↳ TC-API3-030 - User thuong XOA duoc coupon do admin tao
Regression: 3 API + 3 lan chay theo du lieu (phai xanh)	Chay Newman - 3 API + 3 lan chay theo du lieu	2026-08-20T08:07:49.0160068Z   ┌
Regression: 3 API + 3 lan chay theo du lieu (phai xanh)	Chay Newman - 3 API + 3 lan chay theo du lieu	2026-08-20T08:07:49.0161533Z   │ '[X-Student-Id] 23127344 -> DELETE {{baseUrl}}/api/adm
Regression: 3 API + 3 lan chay theo du lieu (phai xanh)	Chay Newman - 3 API + 3 lan chay theo du lieu	2026-08-20T08:07:49.0162225Z   │ in/coupons/{{userDelId}}'
Regression: 3 API + 3 lan chay theo du lieu (phai xanh)	Chay Newman - 3 API + 3 lan chay theo du lieu	2026-08-20T08:07:49.0230865Z   └
Regression: 3 API + 3 lan chay theo du lieu (phai xanh)	Chay Newman - 3 API + 3 lan chay theo du lieu	2026-08-20T08:07:49.0274916Z   POST http://localhost:3000/api/admin/coupons [200 OK, 303B, 4ms]
Regression: 3 API + 3 lan chay theo du lieu (phai xanh)	Chay Newman - 3 API + 3 lan chay theo du lieu	2026-08-20T08:07:49.0286173Z   ┌
Regression: 3 API + 3 lan chay theo du lieu (phai xanh)	Chay Newman - 3 API + 3 lan chay theo du lieu	2026-08-20T08:07:49.0286906Z   │ '[SETUP] tao coupon id=32 code=ADMINOWNED01'
Regression: 3 API + 3 lan chay theo du lieu (phai xanh)	Chay Newman - 3 API + 3 lan chay theo du lieu	2026-08-20T08:07:49.0321710Z   └
Regression: 3 API + 3 lan chay theo du lieu (phai xanh)	Chay Newman - 3 API + 3 lan chay theo du lieu	2026-08-20T08:07:49.0362762Z   DELETE http://localhost:3000/api/admin/coupons/32 [200 OK, 295B, 3ms]
Regression: 3 API + 3 lan chay theo du lieu (phai xanh)	Chay Newman - 3 API + 3 lan chay theo du lieu	2026-08-20T08:07:49.0400546Z   ✓  [moi request] co header X-Student-Id = 23127344
Regression: 3 API + 3 lan chay theo du lieu (phai xanh)	Chay Newman - 3 API + 3 lan chay theo du lieu	2026-08-20T08:07:49.0450102Z   ✓  [API3] thoi gian phan hoi < 2000ms
Regression: 3 API + 3 lan chay theo du lieu (phai xanh)	Chay Newman - 3 API + 3 lan chay theo du lieu	2026-08-20T08:07:49.0502595Z   ✓  Status 200
Regression: 3 API + 3 lan chay theo du lieu (phai xanh)	Chay Newman - 3 API + 3 lan chay theo du lieu	2026-08-20T08:07:49.0506172Z   ✓  Body JSON khop chinh xac {"message":"Coupon deleted"}
Regression: 3 API + 3 lan chay theo du lieu (phai xanh)	Chay Newman - 3 API + 3 lan chay theo du lieu	2026-08-20T08:07:49.0563953Z   GET http://localhost:3000/api/coupons [200 OK, 4.57kB, 4ms]
Regression: 3 API + 3 lan chay theo du lieu (phai xanh)	Chay Newman - 3 API + 3 lan chay theo du lieu	2026-08-20T08:07:49.0634223Z   ✓  Coupon that su bien mat khoi GET /api/coupons
Regression: 3 API + 3 lan chay theo du lieu (phai xanh)	Chay Newman - 3 API + 3 lan chay theo du lieu	2026-08-20T08:07:49.0672739Z 
Regression: 3 API + 3 lan chay theo du lieu (phai xanh)	Chay Newman - 3 API + 3 lan chay theo du lieu	2026-08-20T08:07:49.0673643Z ↳ TC-API3-031 - User thuong doc duoc GET /api/coupons khong loc
Regression: 3 API + 3 lan chay theo du lieu (phai xanh)	Chay Newman - 3 API + 3 lan chay theo du lieu	2026-08-20T08:07:49.0706329Z   ┌
Regression: 3 API + 3 lan chay theo du lieu (phai xanh)	Chay Newman - 3 API + 3 lan chay theo du lieu	2026-08-20T08:07:49.0707008Z   │ '[X-Student-Id] 23127344 -> GET {{baseUrl}}/api/coupon
Regression: 3 API + 3 lan chay theo du lieu (phai xanh)	Chay Newman - 3 API + 3 lan chay theo du lieu	2026-08-20T08:07:49.0707675Z   │ s'
Regression: 3 API + 3 lan chay theo du lieu (phai xanh)	Chay Newman - 3 API + 3 lan chay theo du lieu	2026-08-20T08:07:49.0773136Z   └
Regression: 3 API + 3 lan chay theo du lieu (phai xanh)	Chay Newman - 3 API + 3 lan chay theo du lieu	2026-08-20T08:07:49.0801020Z   GET http://localhost:3000/api/coupons [200 OK, 4.57kB, 2ms]
Regression: 3 API + 3 lan chay theo du lieu (phai xanh)	Chay Newman - 3 API + 3 lan chay theo du lieu	2026-08-20T08:07:49.0842009Z   ✓  [moi request] co header X-Student-Id = 23127344
Regression: 3 API + 3 lan chay theo du lieu (phai xanh)	Chay Newman - 3 API + 3 lan chay theo du lieu	2026-08-20T08:07:49.0892872Z   ✓  [API3] thoi gian phan hoi < 2000ms
Regression: 3 API + 3 lan chay theo du lieu (phai xanh)	Chay Newman - 3 API + 3 lan chay theo du lieu	2026-08-20T08:07:49.0953580Z   ✓  Status 200
Regression: 3 API + 3 lan chay theo du lieu (phai xanh)	Chay Newman - 3 API + 3 lan chay theo du lieu	2026-08-20T08:07:49.1005737Z   GET http://localhost:3000/api/coupons [200 OK, 4.57kB, 3ms]
Regression: 3 API + 3 lan chay theo du lieu (phai xanh)	Chay Newman - 3 API + 3 lan chay theo du lieu	2026-08-20T08:07:49.1064679Z   ✓  Tra ve danh sach coupon day du y het admin
Regression: 3 API + 3 lan chay theo du lieu (phai xanh)	Chay Newman - 3 API + 3 lan chay theo du lieu	2026-08-20T08:07:49.1111674Z 
Regression: 3 API + 3 lan chay theo du lieu (phai xanh)	Chay Newman - 3 API + 3 lan chay theo du lieu	2026-08-20T08:07:49.1112722Z ↳ TC-API3-032 - Token gia mao claim role:"admin"
Regression: 3 API + 3 lan chay theo du lieu (phai xanh)	Chay Newman - 3 API + 3 lan chay theo du lieu	2026-08-20T08:07:49.1152307Z   ┌
Regression: 3 API + 3 lan chay theo du lieu (phai xanh)	Chay Newman - 3 API + 3 lan chay theo du lieu	2026-08-20T08:07:49.1153242Z   │ '[X-Student-Id] 23127344 -> POST {{baseUrl}}/api/admin
Regression: 3 API + 3 lan chay theo du lieu (phai xanh)	Chay Newman - 3 API + 3 lan chay theo du lieu	2026-08-20T08:07:49.1153875Z   │ /coupons'
Regression: 3 API + 3 lan chay theo du lieu (phai xanh)	Chay Newman - 3 API + 3 lan chay theo du lieu	2026-08-20T08:07:49.1250079Z   └
Regression: 3 API + 3 lan chay theo du lieu (phai xanh)	Chay Newman - 3 API + 3 lan chay theo du lieu	2026-08-20T08:07:49.1295474Z   POST http://localhost:3000/api/admin/coupons [200 OK, 303B, 5ms]
Regression: 3 API + 3 lan chay theo du lieu (phai xanh)	Chay Newman - 3 API + 3 lan chay theo du lieu	2026-08-20T08:07:49.1343070Z   ✓  [moi request] co header X-Student-Id = 23127344
Regression: 3 API + 3 lan chay theo du lieu (phai xanh)	Chay Newman - 3 API + 3 lan chay theo du lieu	2026-08-20T08:07:49.1396300Z   ✓  [API3] thoi gian phan hoi < 2000ms
Regression: 3 API + 3 lan chay theo du lieu (phai xanh)	Chay Newman - 3 API + 3 lan chay theo du lieu	2026-08-20T08:07:49.1440005Z   ✓  Status 200
Regression: 3 API + 3 lan chay theo du lieu (phai xanh)	Chay Newman - 3 API + 3 lan chay theo du lieu	2026-08-20T08:07:49.1449912Z   ✓  Response co dung 2 key: message, id
Regression: 3 API + 3 lan chay theo du lieu (phai xanh)	Chay Newman - 3 API + 3 lan chay theo du lieu	2026-08-20T08:07:49.1450602Z   ✓  Body.message = "Coupon created"
Regression: 3 API + 3 lan chay theo du lieu (phai xanh)	Chay Newman - 3 API + 3 lan chay theo du lieu	2026-08-20T08:07:49.1451174Z   ✓  Ghi nhan id coupon de teardown
Regression: 3 API + 3 lan chay theo du lieu (phai xanh)	Chay Newman - 3 API + 3 lan chay theo du lieu	2026-08-20T08:07:49.1492743Z   GET http://localhost:3000/api/coupons [200 OK, 4.73kB, 2ms]
Regression: 3 API + 3 lan chay theo du lieu (phai xanh)	Chay Newman - 3 API + 3 lan chay theo du lieu	2026-08-20T08:07:49.1540655Z   ✓  GET /api/coupons: coupon vua tao co code = "FORGEDROLE01"
Regression: 3 API + 3 lan chay theo du lieu (phai xanh)	Chay Newman - 3 API + 3 lan chay theo du lieu	2026-08-20T08:07:49.1578737Z 
Regression: 3 API + 3 lan chay theo du lieu (phai xanh)	Chay Newman - 3 API + 3 lan chay theo du lieu	2026-08-20T08:07:49.1580027Z ↳ TC-API3-033 - Payload SQL injection trong code (SEC-05)
Regression: 3 API + 3 lan chay theo du lieu (phai xanh)	Chay Newman - 3 API + 3 lan chay theo du lieu	2026-08-20T08:07:49.1609641Z   ┌
Regression: 3 API + 3 lan chay theo du lieu (phai xanh)	Chay Newman - 3 API + 3 lan chay theo du lieu	2026-08-20T08:07:49.1611601Z   │ '[X-Student-Id] 23127344 -> POST {{baseUrl}}/api/admin
Regression: 3 API + 3 lan chay theo du lieu (phai xanh)	Chay Newman - 3 API + 3 lan chay theo du lieu	2026-08-20T08:07:49.1612007Z   │ /coupons'
Regression: 3 API + 3 lan chay theo du lieu (phai xanh)	Chay Newman - 3 API + 3 lan chay theo du lieu	2026-08-20T08:07:49.1677071Z   └
Regression: 3 API + 3 lan chay theo du lieu (phai xanh)	Chay Newman - 3 API + 3 lan chay theo du lieu	2026-08-20T08:07:49.1718347Z   POST http://localhost:3000/api/admin/coupons [200 OK, 303B, 4ms]
Regression: 3 API + 3 lan chay theo du lieu (phai xanh)	Chay Newman - 3 API + 3 lan chay theo du lieu	2026-08-20T08:07:49.1742637Z   ✓  [moi request] co header X-Student-Id = 23127344
Regression: 3 API + 3 lan chay theo du lieu (phai xanh)	Chay Newman - 3 API + 3 lan chay theo du lieu	2026-08-20T08:07:49.1785484Z   ✓  [API3] thoi gian phan hoi < 2000ms
Regression: 3 API + 3 lan chay theo du lieu (phai xanh)	Chay Newman - 3 API + 3 lan chay theo du lieu	2026-08-20T08:07:49.1821485Z   ✓  Status 200
Regression: 3 API + 3 lan chay theo du lieu (phai xanh)	Chay Newman - 3 API + 3 lan chay theo du lieu	2026-08-20T08:07:49.1824134Z   ✓  Response co dung 2 key: message, id
Regression: 3 API + 3 lan chay theo du lieu (phai xanh)	Chay Newman - 3 API + 3 lan chay theo du lieu	2026-08-20T08:07:49.1826228Z   ✓  Body.message = "Coupon created"
Regression: 3 API + 3 lan chay theo du lieu (phai xanh)	Chay Newman - 3 API + 3 lan chay theo du lieu	2026-08-20T08:07:49.1829160Z   ✓  Ghi nhan id coupon de teardown
Regression: 3 API + 3 lan chay theo du lieu (phai xanh)	Chay Newman - 3 API + 3 lan chay theo du lieu	2026-08-20T08:07:49.1875040Z   GET http://localhost:3000/api/coupons   GET http://localhost:3000/api/coupons [200 OK, 4.89kB, 3ms]
Regression: 3 API + 3 lan chay theo du lieu (phai xanh)	Chay Newman - 3 API + 3 lan chay theo du lieu	2026-08-20T08:07:49.1919740Z   ✓  GET /api/coupons: coupon vua tao co code = "'; DROP TABLE coupons;--"
Regression: 3 API + 3 lan chay theo du lieu (phai xanh)	Chay Newman - 3 API + 3 lan chay theo du lieu	2026-08-20T08:07:49.1927335Z [200 OK, 4.89kB, 8ms]
Regression: 3 API + 3 lan chay theo du lieu (phai xanh)	Chay Newman - 3 API + 3 lan chay theo du lieu	2026-08-20T08:07:49.1967885Z   ✓  Bang coupons con nguyen (parameterized query dat)
Regression: 3 API + 3 lan chay theo du lieu (phai xanh)	Chay Newman - 3 API + 3 lan chay theo du lieu	2026-08-20T08:07:49.2029700Z 
Regression: 3 API + 3 lan chay theo du lieu (phai xanh)	Chay Newman - 3 API + 3 lan chay theo du lieu	2026-08-20T08:07:49.2030619Z ↳ TC-API3-034 - Chuoi lam dung: user thuong tao coupon gia tri cuc lon
Regression: 3 API + 3 lan chay theo du lieu (phai xanh)	Chay Newman - 3 API + 3 lan chay theo du lieu	2026-08-20T08:07:49.2065352Z   ┌
Regression: 3 API + 3 lan chay theo du lieu (phai xanh)	Chay Newman - 3 API + 3 lan chay theo du lieu	2026-08-20T08:07:49.2066019Z   │ '[X-Student-Id] 23127344 -> POST {{baseUrl}}/api/admin
Regression: 3 API + 3 lan chay theo du lieu (phai xanh)	Chay Newman - 3 API + 3 lan chay theo du lieu	2026-08-20T08:07:49.2066607Z   │ /coupons'
Regression: 3 API + 3 lan chay theo du lieu (phai xanh)	Chay Newman - 3 API + 3 lan chay theo du lieu	2026-08-20T08:07:49.2141802Z   └
Regression: 3 API + 3 lan chay theo du lieu (phai xanh)	Chay Newman - 3 API + 3 lan chay theo du lieu	2026-08-20T08:07:49.2180929Z   POST http://localhost:3000/api/admin/coupons [200 OK, 303B, 3ms]
Regression: 3 API + 3 lan chay theo du lieu (phai xanh)	Chay Newman - 3 API + 3 lan chay theo du lieu	2026-08-20T08:07:49.2220703Z   ✓  [moi request] co header X-Student-Id = 23127344
Regression: 3 API + 3 lan chay theo du lieu (phai xanh)	Chay Newman - 3 API + 3 lan chay theo du lieu	2026-08-20T08:07:49.2254249Z   ✓  [API3] thoi gian phan hoi < 2000ms
Regression: 3 API + 3 lan chay theo du lieu (phai xanh)	Chay Newman - 3 API + 3 lan chay theo du lieu	2026-08-20T08:07:49.2290551Z   ✓  Status 200
Regression: 3 API + 3 lan chay theo du lieu (phai xanh)	Chay Newman - 3 API + 3 lan chay theo du lieu	2026-08-20T08:07:49.2294115Z   ✓  Response co dung 2 key: message, id
Regression: 3 API + 3 lan chay theo du lieu (phai xanh)	Chay Newman - 3 API + 3 lan chay theo du lieu	2026-08-20T08:07:49.2296869Z   ✓  Body.message = "Coupon created"
Regression: 3 API + 3 lan chay theo du lieu (phai xanh)	Chay Newman - 3 API + 3 lan chay theo du lieu	2026-08-20T08:07:49.2300902Z   ✓  Ghi nhan id coupon de teardown
Regression: 3 API + 3 lan chay theo du lieu (phai xanh)	Chay Newman - 3 API + 3 lan chay theo du lieu	2026-08-20T08:07:49.2347907Z   GET http://localhost:3000/api/coupons   GET http://localhost:3000/api/coupons [200 OK, 5.06kB, 3ms]
Regression: 3 API + 3 lan chay theo du lieu (phai xanh)	Chay Newman - 3 API + 3 lan chay theo du lieu	2026-08-20T08:07:49.2388035Z   ✓  GET /api/coupons: coupon vua tao co discount_value = 999999999
Regression: 3 API + 3 lan chay theo du lieu (phai xanh)	Chay Newman - 3 API + 3 lan chay theo du lieu	2026-08-20T08:07:49.2394988Z [200 OK, 5.06kB, 7ms]
Regression: 3 API + 3 lan chay theo du lieu (phai xanh)	Chay Newman - 3 API + 3 lan chay theo du lieu	2026-08-20T08:07:49.2435563Z   ✓  GET /api/coupons: coupon vua tao co max_uses_per_user = 999999999
Regression: 3 API + 3 lan chay theo du lieu (phai xanh)	Chay Newman - 3 API + 3 lan chay theo du lieu	2026-08-20T08:07:49.2474827Z 
Regression: 3 API + 3 lan chay theo du lieu (phai xanh)	Chay Newman - 3 API + 3 lan chay theo du lieu	2026-08-20T08:07:49.2475787Z ↳ TC-API3-035 - JWT sai cu phap -> 403
Regression: 3 API + 3 lan chay theo du lieu (phai xanh)	Chay Newman - 3 API + 3 lan chay theo du lieu	2026-08-20T08:07:49.2503116Z   ┌
Regression: 3 API + 3 lan chay theo du lieu (phai xanh)	Chay Newman - 3 API + 3 lan chay theo du lieu	2026-08-20T08:07:49.2503941Z   │ '[X-Student-Id] 23127344 -> POST {{baseUrl}}/api/admin
Regression: 3 API + 3 lan chay theo du lieu (phai xanh)	Chay Newman - 3 API + 3 lan chay theo du lieu	2026-08-20T08:07:49.2504913Z   │ /coupons'
Regression: 3 API + 3 lan chay theo du lieu (phai xanh)	Chay Newman - 3 API + 3 lan chay theo du lieu	2026-08-20T08:07:49.2568215Z   └
Regression: 3 API + 3 lan chay theo du lieu (phai xanh)	Chay Newman - 3 API + 3 lan chay theo du lieu	2026-08-20T08:07:49.2588948Z   POST http://localhost:3000/api/admin/coupons [403 Forbidden, 295B, 2ms]
Regression: 3 API + 3 lan chay theo du lieu (phai xanh)	Chay Newman - 3 API + 3 lan chay theo du lieu	2026-08-20T08:07:49.2611337Z   ✓  [moi request] co header X-Student-Id = 23127344
Regression: 3 API + 3 lan chay theo du lieu (phai xanh)	Chay Newman - 3 API + 3 lan chay theo du lieu	2026-08-20T08:07:49.2645567Z   ✓  [API3] thoi gian phan hoi < 2000ms
Regression: 3 API + 3 lan chay theo du lieu (phai xanh)	Chay Newman - 3 API + 3 lan chay theo du lieu	2026-08-20T08:07:49.2680726Z   ✓  Status 403
Regression: 3 API + 3 lan chay theo du lieu (phai xanh)	Chay Newman - 3 API + 3 lan chay theo du lieu	2026-08-20T08:07:49.2685897Z   ✓  Body JSON khop chinh xac {"error":"Forbidden"}
Regression: 3 API + 3 lan chay theo du lieu (phai xanh)	Chay Newman - 3 API + 3 lan chay theo du lieu	2026-08-20T08:07:49.2789320Z 
Regression: 3 API + 3 lan chay theo du lieu (phai xanh)	Chay Newman - 3 API + 3 lan chay theo du lieu	2026-08-20T08:07:49.2820110Z ↳ TC-API3-036 - Schema response POST thanh cong (message + id)
Regression: 3 API + 3 lan chay theo du lieu (phai xanh)	Chay Newman - 3 API + 3 lan chay theo du lieu	2026-08-20T08:07:49.2823818Z   ┌
Regression: 3 API + 3 lan chay theo du lieu (phai xanh)	Chay Newman - 3 API + 3 lan chay theo du lieu	2026-08-20T08:07:49.2839720Z   │ '[X-Student-Id] 23127344 -> POST {{baseUrl}}/api/admin
Regression: 3 API + 3 lan chay theo du lieu (phai xanh)	Chay Newman - 3 API + 3 lan chay theo du lieu	2026-08-20T08:07:49.2873028Z   │ /coupons'
Regression: 3 API + 3 lan chay theo du lieu (phai xanh)	Chay Newman - 3 API + 3 lan chay theo du lieu	2026-08-20T08:07:49.2899632Z   └
Regression: 3 API + 3 lan chay theo du lieu (phai xanh)	Chay Newman - 3 API + 3 lan chay theo du lieu	2026-08-20T08:07:49.2949509Z   POST http://localhost:3000/api/admin/coupons [200 OK, 303B, 7ms]
Regression: 3 API + 3 lan chay theo du lieu (phai xanh)	Chay Newman - 3 API + 3 lan chay theo du lieu	2026-08-20T08:07:49.2987307Z   ✓  [moi request] co header X-Student-Id = 23127344
Regression: 3 API + 3 lan chay theo du lieu (phai xanh)	Chay Newman - 3 API + 3 lan chay theo du lieu	2026-08-20T08:07:49.3032003Z   ✓  [API3] thoi gian phan hoi < 2000ms
Regression: 3 API + 3 lan chay theo du lieu (phai xanh)	Chay Newman - 3 API + 3 lan chay theo du lieu	2026-08-20T08:07:49.3123932Z   ✓  Status 200
Regression: 3 API + 3 lan chay theo du lieu (phai xanh)	Chay Newman - 3 API + 3 lan chay theo du lieu	2026-08-20T08:07:49.3125927Z   ✓  Response co dung 2 key: message, id
Regression: 3 API + 3 lan chay theo du lieu (phai xanh)	Chay Newman - 3 API + 3 lan chay theo du lieu	2026-08-20T08:07:49.3445387Z   ✓  Schema: message:string + id:int>0
Regression: 3 API + 3 lan chay theo du lieu (phai xanh)	Chay Newman - 3 API + 3 lan chay theo du lieu	2026-08-20T08:07:49.3447680Z   ✓  Ghi nhan id coupon de teardown
Regression: 3 API + 3 lan chay theo du lieu (phai xanh)	Chay Newman - 3 API + 3 lan chay theo du lieu	2026-08-20T08:07:49.3490955Z 
Regression: 3 API + 3 lan chay theo du lieu (phai xanh)	Chay Newman - 3 API + 3 lan chay theo du lieu	2026-08-20T08:07:49.3491935Z ↳ TC-API3-037 - Schema response DELETE thanh cong
Regression: 3 API + 3 lan chay theo du lieu (phai xanh)	Chay Newman - 3 API + 3 lan chay theo du lieu	2026-08-20T08:07:49.3528362Z   ┌
Regression: 3 API + 3 lan chay theo du lieu (phai xanh)	Chay Newman - 3 API + 3 lan chay theo du lieu	2026-08-20T08:07:49.3529731Z   │ '[X-Student-Id] 23127344 -> DELETE {{baseUrl}}/api/adm
Regression: 3 API + 3 lan chay theo du lieu (phai xanh)	Chay Newman - 3 API + 3 lan chay theo du lieu	2026-08-20T08:07:49.3530506Z   │ in/coupons/{{schemaDelId}}'
Regression: 3 API + 3 lan chay theo du lieu (phai xanh)	Chay Newman - 3 API + 3 lan chay theo du lieu	2026-08-20T08:07:49.3628050Z   └
Regression: 3 API + 3 lan chay theo du lieu (phai xanh)	Chay Newman - 3 API + 3 lan chay theo du lieu	2026-08-20T08:07:49.3673784Z   POST http://localhost:3000/api/admin/coupons [200 OK, 303B, 5ms]
Regression: 3 API + 3 lan chay theo du lieu (phai xanh)	Chay Newman - 3 API + 3 lan chay theo du lieu	2026-08-20T08:07:49.3686561Z   ┌
Regression: 3 API + 3 lan chay theo du lieu (phai xanh)	Chay Newman - 3 API + 3 lan chay theo du lieu	2026-08-20T08:07:49.3687485Z   │ '[SETUP] tao coupon id=37 code=SCHEMA02'
Regression: 3 API + 3 lan chay theo du lieu (phai xanh)	Chay Newman - 3 API + 3 lan chay theo du lieu	2026-08-20T08:07:49.3740710Z   └
Regression: 3 API + 3 lan chay theo du lieu (phai xanh)	Chay Newman - 3 API + 3 lan chay theo du lieu	2026-08-20T08:07:49.3779706Z   DELETE http://localhost:3000/api/admin/coupons/37 [200 OK, 295B, 3ms]
Regression: 3 API + 3 lan chay theo du lieu (phai xanh)	Chay Newman - 3 API + 3 lan chay theo du lieu	2026-08-20T08:07:49.3827324Z   ✓  [moi request] co header X-Student-Id = 23127344
Regression: 3 API + 3 lan chay theo du lieu (phai xanh)	Chay Newman - 3 API + 3 lan chay theo du lieu	2026-08-20T08:07:49.3877271Z   ✓  [API3] thoi gian phan hoi < 2000ms
Regression: 3 API + 3 lan chay theo du lieu (phai xanh)	Chay Newman - 3 API + 3 lan chay theo du lieu	2026-08-20T08:07:49.3929272Z   ✓  Status 200
Regression: 3 API + 3 lan chay theo du lieu (phai xanh)	Chay Newman - 3 API + 3 lan chay theo du lieu	2026-08-20T08:07:49.3932896Z   ✓  Response co dung 1 key: message
Regression: 3 API + 3 lan chay theo du lieu (phai xanh)	Chay Newman - 3 API + 3 lan chay theo du lieu	2026-08-20T08:07:49.3935562Z   ✓  Body.message = "Coupon deleted"
Regression: 3 API + 3 lan chay theo du lieu (phai xanh)	Chay Newman - 3 API + 3 lan chay theo du lieu	2026-08-20T08:07:49.4030277Z   ✓  Schema: khop dac ta
Regression: 3 API + 3 lan chay theo du lieu (phai xanh)	Chay Newman - 3 API + 3 lan chay theo du lieu	2026-08-20T08:07:49.4076803Z 
Regression: 3 API + 3 lan chay theo du lieu (phai xanh)	Chay Newman - 3 API + 3 lan chay theo du lieu	2026-08-20T08:07:49.4077373Z ↳ TC-API3-038 - Schema loi 401
Regression: 3 API + 3 lan chay theo du lieu (phai xanh)	Chay Newman - 3 API + 3 lan chay theo du lieu	2026-08-20T08:07:49.4113462Z   ┌
Regression: 3 API + 3 lan chay theo du lieu (phai xanh)	Chay Newman - 3 API + 3 lan chay theo du lieu	2026-08-20T08:07:49.4114151Z   │ '[X-Student-Id] 23127344 -> POST {{baseUrl}}/api/admin
Regression: 3 API + 3 lan chay theo du lieu (phai xanh)	Chay Newman - 3 API + 3 lan chay theo du lieu	2026-08-20T08:07:49.4115238Z   │ /coupons'
Regression: 3 API + 3 lan chay theo du lieu (phai xanh)	Chay Newman - 3 API + 3 lan chay theo du lieu	2026-08-20T08:07:49.4191521Z   └
Regression: 3 API + 3 lan chay theo du lieu (phai xanh)	Chay Newman - 3 API + 3 lan chay theo du lieu	2026-08-20T08:07:49.4215273Z   POST http://localhost:3000/api/admin/coupons [401 Unauthorized, 301B, 2ms]
Regression: 3 API + 3 lan chay theo du lieu (phai xanh)	Chay Newman - 3 API + 3 lan chay theo du lieu	2026-08-20T08:07:49.4258071Z   ✓  [moi request] co header X-Student-Id = 23127344
Regression: 3 API + 3 lan chay theo du lieu (phai xanh)	Chay Newman - 3 API + 3 lan chay theo du lieu	2026-08-20T08:07:49.4306104Z   ✓  [API3] thoi gian phan hoi < 2000ms
Regression: 3 API + 3 lan chay theo du lieu (phai xanh)	Chay Newman - 3 API + 3 lan chay theo du lieu	2026-08-20T08:07:49.4367486Z   ✓  Status 401
Regression: 3 API + 3 lan chay theo du lieu (phai xanh)	Chay Newman - 3 API + 3 lan chay theo du lieu	2026-08-20T08:07:49.4371162Z   ✓  Response co dung 1 key: error
Regression: 3 API + 3 lan chay theo du lieu (phai xanh)	Chay Newman - 3 API + 3 lan chay theo du lieu	2026-08-20T08:07:49.4373753Z   ✓  Body.error = "Unauthorized"
Regression: 3 API + 3 lan chay theo du lieu (phai xanh)	Chay Newman - 3 API + 3 lan chay theo du lieu	2026-08-20T08:07:49.4440381Z   ✓  Schema: khop dac ta
Regression: 3 API + 3 lan chay theo du lieu (phai xanh)	Chay Newman - 3 API + 3 lan chay theo du lieu	2026-08-20T08:07:49.4486437Z 
Regression: 3 API + 3 lan chay theo du lieu (phai xanh)	Chay Newman - 3 API + 3 lan chay theo du lieu	2026-08-20T08:07:49.4487242Z ↳ TC-API3-039 - Schema loi 500 khi trung code - lo text driver
Regression: 3 API + 3 lan chay theo du lieu (phai xanh)	Chay Newman - 3 API + 3 lan chay theo du lieu	2026-08-20T08:07:49.4508961Z   ┌
Regression: 3 API + 3 lan chay theo du lieu (phai xanh)	Chay Newman - 3 API + 3 lan chay theo du lieu	2026-08-20T08:07:49.4509897Z   │ '[X-Student-Id] 23127344 -> POST {{baseUrl}}/api/admin
Regression: 3 API + 3 lan chay theo du lieu (phai xanh)	Chay Newman - 3 API + 3 lan chay theo du lieu	2026-08-20T08:07:49.4510870Z   │ /coupons'
Regression: 3 API + 3 lan chay theo du lieu (phai xanh)	Chay Newman - 3 API + 3 lan chay theo du lieu	2026-08-20T08:07:49.4572771Z   └
Regression: 3 API + 3 lan chay theo du lieu (phai xanh)	Chay Newman - 3 API + 3 lan chay theo du lieu	2026-08-20T08:07:49.4611872Z   POST http://localhost:3000/api/admin/coupons [200 OK, 303B, 3ms]
Regression: 3 API + 3 lan chay theo du lieu (phai xanh)	Chay Newman - 3 API + 3 lan chay theo du lieu	2026-08-20T08:07:49.4620884Z   ┌
Regression: 3 API + 3 lan chay theo du lieu (phai xanh)	Chay Newman - 3 API + 3 lan chay theo du lieu	2026-08-20T08:07:49.4621546Z   │ '[SETUP] tao coupon id=38 code=SCHEMA03'
Regression: 3 API + 3 lan chay theo du lieu (phai xanh)	Chay Newman - 3 API + 3 lan chay theo du lieu	2026-08-20T08:07:49.4657244Z   └
Regression: 3 API + 3 lan chay theo du lieu (phai xanh)	Chay Newman - 3 API + 3 lan chay theo du lieu	2026-08-20T08:07:49.4681674Z   POST http://localhost:3000/api/admin/coupons [500 Internal Server Error, 355B, 2ms]
Regression: 3 API + 3 lan chay theo du lieu (phai xanh)	Chay Newman - 3 API + 3 lan chay theo du lieu	2026-08-20T08:07:49.4719209Z   ✓  [moi request] co header X-Student-Id = 23127344
Regression: 3 API + 3 lan chay theo du lieu (phai xanh)	Chay Newman - 3 API + 3 lan chay theo du lieu	2026-08-20T08:07:49.4754222Z   ✓  [API3] thoi gian phan hoi < 2000ms
Regression: 3 API + 3 lan chay theo du lieu (phai xanh)	Chay Newman - 3 API + 3 lan chay theo du lieu	2026-08-20T08:07:49.4792631Z   ✓  Status 500
Regression: 3 API + 3 lan chay theo du lieu (phai xanh)	Chay Newman - 3 API + 3 lan chay theo du lieu	2026-08-20T08:07:49.4793757Z   ✓  Response co dung 1 key: error
Regression: 3 API + 3 lan chay theo du lieu (phai xanh)	Chay Newman - 3 API + 3 lan chay theo du lieu	2026-08-20T08:07:49.4841008Z   ✓  Schema: khop dac ta
Regression: 3 API + 3 lan chay theo du lieu (phai xanh)	Chay Newman - 3 API + 3 lan chay theo du lieu	2026-08-20T08:07:49.4843675Z   ✓  error chua nguyen van thong bao cua SQLite (ro ri thong tin noi bo)
Regression: 3 API + 3 lan chay theo du lieu (phai xanh)	Chay Newman - 3 API + 3 lan chay theo du lieu	2026-08-20T08:07:49.4884227Z 
Regression: 3 API + 3 lan chay theo du lieu (phai xanh)	Chay Newman - 3 API + 3 lan chay theo du lieu	2026-08-20T08:07:49.4885109Z ↳ TC-API3-041 - DELETE id khong ton tai -> 200, KHONG phai 404
Regression: 3 API + 3 lan chay theo du lieu (phai xanh)	Chay Newman - 3 API + 3 lan chay theo du lieu	2026-08-20T08:07:49.4925496Z   ┌
Regression: 3 API + 3 lan chay theo du lieu (phai xanh)	Chay Newman - 3 API + 3 lan chay theo du lieu	2026-08-20T08:07:49.4950246Z   │ '[X-Student-Id] 23127344 -> DELETE {{baseUrl}}/api/adm
Regression: 3 API + 3 lan chay theo du lieu (phai xanh)	Chay Newman - 3 API + 3 lan chay theo du lieu	2026-08-20T08:07:49.4959419Z   │ in/coupons/999999'
Regression: 3 API + 3 lan chay theo du lieu (phai xanh)	Chay Newman - 3 API + 3 lan chay theo du lieu	2026-08-20T08:07:49.5001785Z   └
Regression: 3 API + 3 lan chay theo du lieu (phai xanh)	Chay Newman - 3 API + 3 lan chay theo du lieu	2026-08-20T08:07:49.5029078Z   DELETE http://localhost:3000/api/admin/coupons/999999 [200 OK, 295B, 2ms]
Regression: 3 API + 3 lan chay theo du lieu (phai xanh)	Chay Newman - 3 API + 3 lan chay theo du lieu	2026-08-20T08:07:49.5053394Z   ✓  [moi request] co header X-Student-Id = 23127344
Regression: 3 API + 3 lan chay theo du lieu (phai xanh)	Chay Newman - 3 API + 3 lan chay theo du lieu	2026-08-20T08:07:49.5103162Z   ✓  [API3] thoi gian phan hoi < 2000ms
Regression: 3 API + 3 lan chay theo du lieu (phai xanh)	Chay Newman - 3 API + 3 lan chay theo du lieu	2026-08-20T08:07:49.5140915Z   ✓  Status 200
Regression: 3 API + 3 lan chay theo du lieu (phai xanh)	Chay Newman - 3 API + 3 lan chay theo du lieu	2026-08-20T08:07:49.5159692Z   ✓  Body JSON khop chinh xac {"message":"Coupon deleted"}
Regression: 3 API + 3 lan chay theo du lieu (phai xanh)	Chay Newman - 3 API + 3 lan chay theo du lieu	2026-08-20T08:07:49.5172029Z 
Regression: 3 API + 3 lan chay theo du lieu (phai xanh)	Chay Newman - 3 API + 3 lan chay theo du lieu	2026-08-20T08:07:49.5173102Z ↳ TC-API3-044 - Chuoi don du lieu: tao -> xoa -> verify (xac thuc co che teardown)
Regression: 3 API + 3 lan chay theo du lieu (phai xanh)	Chay Newman - 3 API + 3 lan chay theo du lieu	2026-08-20T08:07:49.5201430Z   ┌
Regression: 3 API + 3 lan chay theo du lieu (phai xanh)	Chay Newman - 3 API + 3 lan chay theo du lieu	2026-08-20T08:07:49.5202481Z   │ '[X-Student-Id] 23127344 -> POST {{baseUrl}}/api/admin
Regression: 3 API + 3 lan chay theo du lieu (phai xanh)	Chay Newman - 3 API + 3 lan chay theo du lieu	2026-08-20T08:07:49.5204101Z   │ /coupons'
Regression: 3 API + 3 lan chay theo du lieu (phai xanh)	Chay Newman - 3 API + 3 lan chay theo du lieu	2026-08-20T08:07:49.5271695Z   └
Regression: 3 API + 3 lan chay theo du lieu (phai xanh)	Chay Newman - 3 API + 3 lan chay theo du lieu	2026-08-20T08:07:49.5311909Z   POST http://localhost:3000/api/admin/coupons [200 OK, 303B, 3ms]
Regression: 3 API + 3 lan chay theo du lieu (phai xanh)	Chay Newman - 3 API + 3 lan chay theo du lieu	2026-08-20T08:07:49.5347733Z   ✓  [moi request] co header X-Student-Id = 23127344
Regression: 3 API + 3 lan chay theo du lieu (phai xanh)	Chay Newman - 3 API + 3 lan chay theo du lieu	2026-08-20T08:07:49.5383895Z   ✓  [API3] thoi gian phan hoi < 2000ms
Regression: 3 API + 3 lan chay theo du lieu (phai xanh)	Chay Newman - 3 API + 3 lan chay theo du lieu	2026-08-20T08:07:49.5421248Z   ✓  Status 200
Regression: 3 API + 3 lan chay theo du lieu (phai xanh)	Chay Newman - 3 API + 3 lan chay theo du lieu	2026-08-20T08:07:49.5471552Z   DELETE http://localhost:3000/api/admin/coupons/39 [200 OK, 295B, 3ms]
Regression: 3 API + 3 lan chay theo du lieu (phai xanh)	Chay Newman - 3 API + 3 lan chay theo du lieu	2026-08-20T08:07:49.5526286Z   GET http://localhost:3000/api/coupons [200 OK, 5.35kB, 3ms]
Regression: 3 API + 3 lan chay theo du lieu (phai xanh)	Chay Newman - 3 API + 3 lan chay theo du lieu	2026-08-20T08:07:49.5592095Z   ✓  Tao -> xoa -> GET khong con thay code CLEANUPTEST01
Regression: 3 API + 3 lan chay theo du lieu (phai xanh)	Chay Newman - 3 API + 3 lan chay theo du lieu	2026-08-20T08:07:49.5643065Z 
Regression: 3 API + 3 lan chay theo du lieu (phai xanh)	Chay Newman - 3 API + 3 lan chay theo du lieu	2026-08-20T08:07:49.5643704Z ↳ TC-API3-045 - type:"fixed" - gia tri enum hop le THU HAI
Regression: 3 API + 3 lan chay theo du lieu (phai xanh)	Chay Newman - 3 API + 3 lan chay theo du lieu	2026-08-20T08:07:49.5679472Z   ┌
Regression: 3 API + 3 lan chay theo du lieu (phai xanh)	Chay Newman - 3 API + 3 lan chay theo du lieu	2026-08-20T08:07:49.5680338Z   │ '[X-Student-Id] 23127344 -> POST {{baseUrl}}/api/admin
Regression: 3 API + 3 lan chay theo du lieu (phai xanh)	Chay Newman - 3 API + 3 lan chay theo du lieu	2026-08-20T08:07:49.5681277Z   │ /coupons'
Regression: 3 API + 3 lan chay theo du lieu (phai xanh)	Chay Newman - 3 API + 3 lan chay theo du lieu	2026-08-20T08:07:49.5762785Z   └
Regression: 3 API + 3 lan chay theo du lieu (phai xanh)	Chay Newman - 3 API + 3 lan chay theo du lieu	2026-08-20T08:07:49.5807953Z   POST http://localhost:3000/api/admin/coupons [200 OK, 303B, 4ms]
Regression: 3 API + 3 lan chay theo du lieu (phai xanh)	Chay Newman - 3 API + 3 lan chay theo du lieu	2026-08-20T08:07:49.5845582Z   ✓  [moi request] co header X-Student-Id = 23127344
Regression: 3 API + 3 lan chay theo du lieu (phai xanh)	Chay Newman - 3 API + 3 lan chay theo du lieu	2026-08-20T08:07:49.5913152Z   ✓  [API3] thoi gian phan hoi < 2000ms
Regression: 3 API + 3 lan chay theo du lieu (phai xanh)	Chay Newman - 3 API + 3 lan chay theo du lieu	2026-08-20T08:07:49.5954744Z   ✓  Status 200
Regression: 3 API + 3 lan chay theo du lieu (phai xanh)	Chay Newman - 3 API + 3 lan chay theo du lieu	2026-08-20T08:07:49.5958197Z   ✓  Response co dung 2 key: message, id
Regression: 3 API + 3 lan chay theo du lieu (phai xanh)	Chay Newman - 3 API + 3 lan chay theo du lieu	2026-08-20T08:07:49.5961431Z   ✓  Body.message = "Coupon created"
Regression: 3 API + 3 lan chay theo du lieu (phai xanh)	Chay Newman - 3 API + 3 lan chay theo du lieu	2026-08-20T08:07:49.5964809Z   ✓  Ghi nhan id coupon de teardown
Regression: 3 API + 3 lan chay theo du lieu (phai xanh)	Chay Newman - 3 API + 3 lan chay theo du lieu	2026-08-20T08:07:49.6031782Z   GET http://localhost:3000/api/coupons   GET http://localhost:3000/api/coupons [200 OK, 5.5kB, 3ms]
Regression: 3 API + 3 lan chay theo du lieu (phai xanh)	Chay Newman - 3 API + 3 lan chay theo du lieu	2026-08-20T08:07:49.6105121Z   ✓  GET /api/coupons: coupon vua tao co type = "fixed"
Regression: 3 API + 3 lan chay theo du lieu (phai xanh)	Chay Newman - 3 API + 3 lan chay theo du lieu	2026-08-20T08:07:49.6113714Z [200 OK, 5.5kB, 12ms]
Regression: 3 API + 3 lan chay theo du lieu (phai xanh)	Chay Newman - 3 API + 3 lan chay theo du lieu	2026-08-20T08:07:49.6184711Z   ✓  GET /api/coupons: coupon vua tao co discount_value = 50000
Regression: 3 API + 3 lan chay theo du lieu (phai xanh)	Chay Newman - 3 API + 3 lan chay theo du lieu	2026-08-20T08:07:49.6233133Z 
Regression: 3 API + 3 lan chay theo du lieu (phai xanh)	Chay Newman - 3 API + 3 lan chay theo du lieu	2026-08-20T08:07:49.6233546Z ↳ TC-API3-046 - code la null
Regression: 3 API + 3 lan chay theo du lieu (phai xanh)	Chay Newman - 3 API + 3 lan chay theo du lieu	2026-08-20T08:07:49.6269794Z   ┌
Regression: 3 API + 3 lan chay theo du lieu (phai xanh)	Chay Newman - 3 API + 3 lan chay theo du lieu	2026-08-20T08:07:49.6270677Z   │ '[X-Student-Id] 23127344 -> POST {{baseUrl}}/api/admin
Regression: 3 API + 3 lan chay theo du lieu (phai xanh)	Chay Newman - 3 API + 3 lan chay theo du lieu	2026-08-20T08:07:49.6271359Z   │ /coupons'
Regression: 3 API + 3 lan chay theo du lieu (phai xanh)	Chay Newman - 3 API + 3 lan chay theo du lieu	2026-08-20T08:07:49.6355020Z   └
Regression: 3 API + 3 lan chay theo du lieu (phai xanh)	Chay Newman - 3 API + 3 lan chay theo du lieu	2026-08-20T08:07:49.6402226Z   POST http://localhost:3000/api/admin/coupons [200 OK, 303B, 4ms]
Regression: 3 API + 3 lan chay theo du lieu (phai xanh)	Chay Newman - 3 API + 3 lan chay theo du lieu	2026-08-20T08:07:49.6446372Z   ✓  [moi request] co header X-Student-Id = 23127344
Regression: 3 API + 3 lan chay theo du lieu (phai xanh)	Chay Newman - 3 API + 3 lan chay theo du lieu	2026-08-20T08:07:49.6498129Z   ✓  [API3] thoi gian phan hoi < 2000ms
Regression: 3 API + 3 lan chay theo du lieu (phai xanh)	Chay Newman - 3 API + 3 lan chay theo du lieu	2026-08-20T08:07:49.6545895Z   ✓  Status 200
Regression: 3 API + 3 lan chay theo du lieu (phai xanh)	Chay Newman - 3 API + 3 lan chay theo du lieu	2026-08-20T08:07:49.6548451Z   ✓  Response co dung 2 key: message, id
Regression: 3 API + 3 lan chay theo du lieu (phai xanh)	Chay Newman - 3 API + 3 lan chay theo du lieu	2026-08-20T08:07:49.6550460Z   ✓  Body.message = "Coupon created"
Regression: 3 API + 3 lan chay theo du lieu (phai xanh)	Chay Newman - 3 API + 3 lan chay theo du lieu	2026-08-20T08:07:49.6552987Z   ✓  Ghi nhan id coupon de teardown
Regression: 3 API + 3 lan chay theo du lieu (phai xanh)	Chay Newman - 3 API + 3 lan chay theo du lieu	2026-08-20T08:07:49.6588877Z   GET http://localhost:3000/api/coupons [200 OK, 5.64kB, 2ms]
Regression: 3 API + 3 lan chay theo du lieu (phai xanh)	Chay Newman - 3 API + 3 lan chay theo du lieu	2026-08-20T08:07:49.6635850Z   ✓  GET /api/coupons: coupon vua tao co code = null
Regression: 3 API + 3 lan chay theo du lieu (phai xanh)	Chay Newman - 3 API + 3 lan chay theo du lieu	2026-08-20T08:07:49.6673996Z 
Regression: 3 API + 3 lan chay theo du lieu (phai xanh)	Chay Newman - 3 API + 3 lan chay theo du lieu	2026-08-20T08:07:49.6674910Z ↳ TC-API3-047 - code khac hoa/thuong voi ma da ton tai
Regression: 3 API + 3 lan chay theo du lieu (phai xanh)	Chay Newman - 3 API + 3 lan chay theo du lieu	2026-08-20T08:07:49.6708320Z   ┌
Regression: 3 API + 3 lan chay theo du lieu (phai xanh)	Chay Newman - 3 API + 3 lan chay theo du lieu	2026-08-20T08:07:49.6709741Z   │ '[X-Student-Id] 23127344 -> POST {{baseUrl}}/api/admin
Regression: 3 API + 3 lan chay theo du lieu (phai xanh)	Chay Newman - 3 API + 3 lan chay theo du lieu	2026-08-20T08:07:49.6710760Z   │ /coupons'
Regression: 3 API + 3 lan chay theo du lieu (phai xanh)	Chay Newman - 3 API + 3 lan chay theo du lieu	2026-08-20T08:07:49.6781054Z   └
Regression: 3 API + 3 lan chay theo du lieu (phai xanh)	Chay Newman - 3 API + 3 lan chay theo du lieu	2026-08-20T08:07:49.6824100Z   POST http://localhost:3000/api/admin/coupons [200 OK, 303B, 5ms]
Regression: 3 API + 3 lan chay theo du lieu (phai xanh)	Chay Newman - 3 API + 3 lan chay theo du lieu	2026-08-20T08:07:49.6862031Z   ✓  [moi request] co header X-Student-Id = 23127344
Regression: 3 API + 3 lan chay theo du lieu (phai xanh)	Chay Newman - 3 API + 3 lan chay theo du lieu	2026-08-20T08:07:49.6897843Z   ✓  [API3] thoi gian phan hoi < 2000ms
Regression: 3 API + 3 lan chay theo du lieu (phai xanh)	Chay Newman - 3 API + 3 lan chay theo du lieu	2026-08-20T08:07:49.6951065Z   ✓  Status 200
Regression: 3 API + 3 lan chay theo du lieu (phai xanh)	Chay Newman - 3 API + 3 lan chay theo du lieu	2026-08-20T08:07:49.6954036Z   ✓  Response co dung 2 key: message, id
Regression: 3 API + 3 lan chay theo du lieu (phai xanh)	Chay Newman - 3 API + 3 lan chay theo du lieu	2026-08-20T08:07:49.6956816Z   ✓  Body.message = "Coupon created"
Regression: 3 API + 3 lan chay theo du lieu (phai xanh)	Chay Newman - 3 API + 3 lan chay theo du lieu	2026-08-20T08:07:49.6960757Z   ✓  Ghi nhan id coupon de teardown
Regression: 3 API + 3 lan chay theo du lieu (phai xanh)	Chay Newman - 3 API + 3 lan chay theo du lieu	2026-08-20T08:07:49.6999113Z   GET http://localhost:3000/api/coupons [200 OK, 5.79kB, 2ms]
Regression: 3 API + 3 lan chay theo du lieu (phai xanh)	Chay Newman - 3 API + 3 lan chay theo du lieu	2026-08-20T08:07:49.7047291Z   ✓  GET /api/coupons: coupon vua tao co code = "save10"
Regression: 3 API + 3 lan chay theo du lieu (phai xanh)	Chay Newman - 3 API + 3 lan chay theo du lieu	2026-08-20T08:07:49.7091185Z 
Regression: 3 API + 3 lan chay theo du lieu (phai xanh)	Chay Newman - 3 API + 3 lan chay theo du lieu	2026-08-20T08:07:49.7092034Z ↳ TC-API3-048 - type la chuoi rong
Regression: 3 API + 3 lan chay theo du lieu (phai xanh)	Chay Newman - 3 API + 3 lan chay theo du lieu	2026-08-20T08:07:49.7122318Z   ┌
Regression: 3 API + 3 lan chay theo du lieu (phai xanh)	Chay Newman - 3 API + 3 lan chay theo du lieu	2026-08-20T08:07:49.7123122Z   │ '[X-Student-Id] 23127344 -> POST {{baseUrl}}/api/admin
Regression: 3 API + 3 lan chay theo du lieu (phai xanh)	Chay Newman - 3 API + 3 lan chay theo du lieu	2026-08-20T08:07:49.7123763Z   │ /coupons'
Regression: 3 API + 3 lan chay theo du lieu (phai xanh)	Chay Newman - 3 API + 3 lan chay theo du lieu	2026-08-20T08:07:49.7193582Z   └
Regression: 3 API + 3 lan chay theo du lieu (phai xanh)	Chay Newman - 3 API + 3 lan chay theo du lieu	2026-08-20T08:07:49.7241806Z   POST http://localhost:3000/api/admin/coupons [200 OK, 303B, 4ms]
Regression: 3 API + 3 lan chay theo du lieu (phai xanh)	Chay Newman - 3 API + 3 lan chay theo du lieu	2026-08-20T08:07:49.7279098Z   ✓  [moi request] co header X-Student-Id = 23127344
Regression: 3 API + 3 lan chay theo du lieu (phai xanh)	Chay Newman - 3 API + 3 lan chay theo du lieu	2026-08-20T08:07:49.7321881Z   ✓  [API3] thoi gian phan hoi < 2000ms
Regression: 3 API + 3 lan chay theo du lieu (phai xanh)	Chay Newman - 3 API + 3 lan chay theo du lieu	2026-08-20T08:07:49.7360820Z   ✓  Status 200
Regression: 3 API + 3 lan chay theo du lieu (phai xanh)	Chay Newman - 3 API + 3 lan chay theo du lieu	2026-08-20T08:07:49.7364434Z   ✓  Response co dung 2 key: message, id
Regression: 3 API + 3 lan chay theo du lieu (phai xanh)	Chay Newman - 3 API + 3 lan chay theo du lieu	2026-08-20T08:07:49.7367621Z   ✓  Body.message = "Coupon created"
Regression: 3 API + 3 lan chay theo du lieu (phai xanh)	Chay Newman - 3 API + 3 lan chay theo du lieu	2026-08-20T08:07:49.7371904Z   ✓  Ghi nhan id coupon de teardown
Regression: 3 API + 3 lan chay theo du lieu (phai xanh)	Chay Newman - 3 API + 3 lan chay theo du lieu	2026-08-20T08:07:49.7410101Z   GET http://localhost:3000/api/coupons [200 OK, 5.94kB, 2ms]
Regression: 3 API + 3 lan chay theo du lieu (phai xanh)	Chay Newman - 3 API + 3 lan chay theo du lieu	2026-08-20T08:07:49.7460042Z   ✓  GET /api/coupons: coupon vua tao co type = ""
Regression: 3 API + 3 lan chay theo du lieu (phai xanh)	Chay Newman - 3 API + 3 lan chay theo du lieu	2026-08-20T08:07:49.7502310Z 
Regression: 3 API + 3 lan chay theo du lieu (phai xanh)	Chay Newman - 3 API + 3 lan chay theo du lieu	2026-08-20T08:07:49.7503005Z ↳ TC-API3-049 - type la null
Regression: 3 API + 3 lan chay theo du lieu (phai xanh)	Chay Newman - 3 API + 3 lan chay theo du lieu	2026-08-20T08:07:49.7532725Z   ┌
Regression: 3 API + 3 lan chay theo du lieu (phai xanh)	Chay Newman - 3 API + 3 lan chay theo du lieu	2026-08-20T08:07:49.7533618Z   │ '[X-Student-Id] 23127344 -> POST {{baseUrl}}/api/admin
Regression: 3 API + 3 lan chay theo du lieu (phai xanh)	Chay Newman - 3 API + 3 lan chay theo du lieu	2026-08-20T08:07:49.7534608Z   │ /coupons'
Regression: 3 API + 3 lan chay theo du lieu (phai xanh)	Chay Newman - 3 API + 3 lan chay theo du lieu	2026-08-20T08:07:49.7643464Z   └
Regression: 3 API + 3 lan chay theo du lieu (phai xanh)	Chay Newman - 3 API + 3 lan chay theo du lieu	2026-08-20T08:07:49.7714541Z   POST http://localhost:3000/api/admin/coupons [200 OK, 303B, 7ms]
Regression: 3 API + 3 lan chay theo du lieu (phai xanh)	Chay Newman - 3 API + 3 lan chay theo du lieu	2026-08-20T08:07:49.7752678Z   ✓  [moi request] co header X-Student-Id = 23127344
Regression: 3 API + 3 lan chay theo du lieu (phai xanh)	Chay Newman - 3 API + 3 lan chay theo du lieu	2026-08-20T08:07:49.7787410Z   ✓  [API3] thoi gian phan hoi < 2000ms
Regression: 3 API + 3 lan chay theo du lieu (phai xanh)	Chay Newman - 3 API + 3 lan chay theo du lieu	2026-08-20T08:07:49.7830253Z   ✓  Status 200
Regression: 3 API + 3 lan chay theo du lieu (phai xanh)	Chay Newman - 3 API + 3 lan chay theo du lieu	2026-08-20T08:07:49.7832578Z   ✓  Response co dung 2 key: message, id
Regression: 3 API + 3 lan chay theo du lieu (phai xanh)	Chay Newman - 3 API + 3 lan chay theo du lieu	2026-08-20T08:07:49.7834716Z   ✓  Body.message = "Coupon created"
Regression: 3 API + 3 lan chay theo du lieu (phai xanh)	Chay Newman - 3 API + 3 lan chay theo du lieu	2026-08-20T08:07:49.7837551Z   ✓  Ghi nhan id coupon de teardown
Regression: 3 API + 3 lan chay theo du lieu (phai xanh)	Chay Newman - 3 API + 3 lan chay theo du lieu	2026-08-20T08:07:49.7900598Z   GET http://localhost:3000/api/coupons [200 OK, 6.08kB, 3ms]
Regression: 3 API + 3 lan chay theo du lieu (phai xanh)	Chay Newman - 3 API + 3 lan chay theo du lieu	2026-08-20T08:07:49.7941543Z   ✓  GET /api/coupons: coupon vua tao co type = null
Regression: 3 API + 3 lan chay theo du lieu (phai xanh)	Chay Newman - 3 API + 3 lan chay theo du lieu	2026-08-20T08:07:49.7984185Z 
Regression: 3 API + 3 lan chay theo du lieu (phai xanh)	Chay Newman - 3 API + 3 lan chay theo du lieu	2026-08-20T08:07:49.7984955Z ↳ TC-API3-050 - discount_value la null
Regression: 3 API + 3 lan chay theo du lieu (phai xanh)	Chay Newman - 3 API + 3 lan chay theo du lieu	2026-08-20T08:07:49.8014047Z   ┌
Regression: 3 API + 3 lan chay theo du lieu (phai xanh)	Chay Newman - 3 API + 3 lan chay theo du lieu	2026-08-20T08:07:49.8015001Z   │ '[X-Student-Id] 23127344 -> POST {{baseUrl}}/api/admin
Regression: 3 API + 3 lan chay theo du lieu (phai xanh)	Chay Newman - 3 API + 3 lan chay theo du lieu	2026-08-20T08:07:49.8015713Z   │ /coupons'
Regression: 3 API + 3 lan chay theo du lieu (phai xanh)	Chay Newman - 3 API + 3 lan chay theo du lieu	2026-08-20T08:07:49.8083335Z   └
Regression: 3 API + 3 lan chay theo du lieu (phai xanh)	Chay Newman - 3 API + 3 lan chay theo du lieu	2026-08-20T08:07:49.8126083Z   POST http://localhost:3000/api/admin/coupons [200 OK, 303B, 4ms]
Regression: 3 API + 3 lan chay theo du lieu (phai xanh)	Chay Newman - 3 API + 3 lan chay theo du lieu	2026-08-20T08:07:49.8162465Z   ✓  [moi request] co header X-Student-Id = 23127344
Regression: 3 API + 3 lan chay theo du lieu (phai xanh)	Chay Newman - 3 API + 3 lan chay theo du lieu	2026-08-20T08:07:49.8196423Z   ✓  [API3] thoi gian phan hoi < 2000ms
Regression: 3 API + 3 lan chay theo du lieu (phai xanh)	Chay Newman - 3 API + 3 lan chay theo du lieu	2026-08-20T08:07:49.8232966Z   ✓  Status 200
Regression: 3 API + 3 lan chay theo du lieu (phai xanh)	Chay Newman - 3 API + 3 lan chay theo du lieu	2026-08-20T08:07:49.8236208Z   ✓  Response co dung 2 key: message, id
Regression: 3 API + 3 lan chay theo du lieu (phai xanh)	Chay Newman - 3 API + 3 lan chay theo du lieu	2026-08-20T08:07:49.8239168Z   ✓  Body.message = "Coupon created"
Regression: 3 API + 3 lan chay theo du lieu (phai xanh)	Chay Newman - 3 API + 3 lan chay theo du lieu	2026-08-20T08:07:49.8242695Z   ✓  Ghi nhan id coupon de teardown
Regression: 3 API + 3 lan chay theo du lieu (phai xanh)	Chay Newman - 3 API + 3 lan chay theo du lieu	2026-08-20T08:07:49.8275880Z   GET http://localhost:3000/api/coupons [200 OK, 6.24kB, 2ms]
Regression: 3 API + 3 lan chay theo du lieu (phai xanh)	Chay Newman - 3 API + 3 lan chay theo du lieu	2026-08-20T08:07:49.8324438Z   ✓  GET /api/coupons: coupon vua tao co discount_value = null
Regression: 3 API + 3 lan chay theo du lieu (phai xanh)	Chay Newman - 3 API + 3 lan chay theo du lieu	2026-08-20T08:07:49.8363560Z 
Regression: 3 API + 3 lan chay theo du lieu (phai xanh)	Chay Newman - 3 API + 3 lan chay theo du lieu	2026-08-20T08:07:49.8364106Z ↳ TC-API3-051 - discount_value am
Regression: 3 API + 3 lan chay theo du lieu (phai xanh)	Chay Newman - 3 API + 3 lan chay theo du lieu	2026-08-20T08:07:49.8391326Z   ┌
Regression: 3 API + 3 lan chay theo du lieu (phai xanh)	Chay Newman - 3 API + 3 lan chay theo du lieu	2026-08-20T08:07:49.8392110Z   │ '[X-Student-Id] 23127344 -> POST {{baseUrl}}/api/admin
Regression: 3 API + 3 lan chay theo du lieu (phai xanh)	Chay Newman - 3 API + 3 lan chay theo du lieu	2026-08-20T08:07:49.8392914Z   │ /coupons'
Regression: 3 API + 3 lan chay theo du lieu (phai xanh)	Chay Newman - 3 API + 3 lan chay theo du lieu	2026-08-20T08:07:49.8456452Z   └
Regression: 3 API + 3 lan chay theo du lieu (phai xanh)	Chay Newman - 3 API + 3 lan chay theo du lieu	2026-08-20T08:07:49.8497354Z   POST http://localhost:3000/api/admin/coupons [200 OK, 303B, 4ms]
Regression: 3 API + 3 lan chay theo du lieu (phai xanh)	Chay Newman - 3 API + 3 lan chay theo du lieu	2026-08-20T08:07:49.8523428Z   ✓  [moi request] co header X-Student-Id = 23127344
Regression: 3 API + 3 lan chay theo du lieu (phai xanh)	Chay Newman - 3 API + 3 lan chay theo du lieu	2026-08-20T08:07:49.8557081Z   ✓  [API3] thoi gian phan hoi < 2000ms
Regression: 3 API + 3 lan chay theo du lieu (phai xanh)	Chay Newman - 3 API + 3 lan chay theo du lieu	2026-08-20T08:07:49.8592857Z   ✓  Status 200
Regression: 3 API + 3 lan chay theo du lieu (phai xanh)	Chay Newman - 3 API + 3 lan chay theo du lieu	2026-08-20T08:07:49.8596238Z   ✓  Response co dung 2 key: message, id
Regression: 3 API + 3 lan chay theo du lieu (phai xanh)	Chay Newman - 3 API + 3 lan chay theo du lieu	2026-08-20T08:07:49.8599255Z   ✓  Body.message = "Coupon created"
Regression: 3 API + 3 lan chay theo du lieu (phai xanh)	Chay Newman - 3 API + 3 lan chay theo du lieu	2026-08-20T08:07:49.8602573Z   ✓  Ghi nhan id coupon de teardown
Regression: 3 API + 3 lan chay theo du lieu (phai xanh)	Chay Newman - 3 API + 3 lan chay theo du lieu	2026-08-20T08:07:49.8635174Z   GET http://localhost:3000/api/coupons [200 OK, 6.39kB, 2ms]
Regression: 3 API + 3 lan chay theo du lieu (phai xanh)	Chay Newman - 3 API + 3 lan chay theo du lieu	2026-08-20T08:07:49.8685699Z   ✓  GET /api/coupons: coupon vua tao co discount_value = -10
Regression: 3 API + 3 lan chay theo du lieu (phai xanh)	Chay Newman - 3 API + 3 lan chay theo du lieu	2026-08-20T08:07:49.8722241Z 
Regression: 3 API + 3 lan chay theo du lieu (phai xanh)	Chay Newman - 3 API + 3 lan chay theo du lieu	2026-08-20T08:07:49.8722944Z ↳ TC-API3-052 - min_order_amount la null
Regression: 3 API + 3 lan chay theo du lieu (phai xanh)	Chay Newman - 3 API + 3 lan chay theo du lieu	2026-08-20T08:07:49.8754363Z   ┌
Regression: 3 API + 3 lan chay theo du lieu (phai xanh)	Chay Newman - 3 API + 3 lan chay theo du lieu	2026-08-20T08:07:49.8755249Z   │ '[X-Student-Id] 23127344 -> POST {{baseUrl}}/api/admin
Regression: 3 API + 3 lan chay theo du lieu (phai xanh)	Chay Newman - 3 API + 3 lan chay theo du lieu	2026-08-20T08:07:49.8756760Z   │ /coupons'
Regression: 3 API + 3 lan chay theo du lieu (phai xanh)	Chay Newman - 3 API + 3 lan chay theo du lieu	2026-08-20T08:07:49.8836925Z   └
Regression: 3 API + 3 lan chay theo du lieu (phai xanh)	Chay Newman - 3 API + 3 lan chay theo du lieu	2026-08-20T08:07:49.8889778Z   POST http://localhost:3000/api/admin/coupons [200 OK, 303B, 5ms]
Regression: 3 API + 3 lan chay theo du lieu (phai xanh)	Chay Newman - 3 API + 3 lan chay theo du lieu	2026-08-20T08:07:49.8925990Z   ✓  [moi request] co header X-Student-Id = 23127344
Regression: 3 API + 3 lan chay theo du lieu (phai xanh)	Chay Newman - 3 API + 3 lan chay theo du lieu	2026-08-20T08:07:49.8961646Z   ✓  [API3] thoi gian phan hoi < 2000ms
Regression: 3 API + 3 lan chay theo du lieu (phai xanh)	Chay Newman - 3 API + 3 lan chay theo du lieu	2026-08-20T08:07:49.8997938Z   ✓  Status 200
Regression: 3 API + 3 lan chay theo du lieu (phai xanh)	Chay Newman - 3 API + 3 lan chay theo du lieu	2026-08-20T08:07:49.9001533Z   ✓  Response co dung 2 key: message, id
Regression: 3 API + 3 lan chay theo du lieu (phai xanh)	Chay Newman - 3 API + 3 lan chay theo du lieu	2026-08-20T08:07:49.9004344Z   ✓  Body.message = "Coupon created"
Regression: 3 API + 3 lan chay theo du lieu (phai xanh)	Chay Newman - 3 API + 3 lan chay theo du lieu	2026-08-20T08:07:49.9007671Z   ✓  Ghi nhan id coupon de teardown
Regression: 3 API + 3 lan chay theo du lieu (phai xanh)	Chay Newman - 3 API + 3 lan chay theo du lieu	2026-08-20T08:07:49.9060548Z   GET http://localhost:3000/api/coupons [200 OK, 6.54kB, 3ms]
Regression: 3 API + 3 lan chay theo du lieu (phai xanh)	Chay Newman - 3 API + 3 lan chay theo du lieu	2026-08-20T08:07:49.9114829Z   ✓  GET /api/coupons: coupon vua tao co min_order_amount = null
Regression: 3 API + 3 lan chay theo du lieu (phai xanh)	Chay Newman - 3 API + 3 lan chay theo du lieu	2026-08-20T08:07:49.9158079Z 
Regression: 3 API + 3 lan chay theo du lieu (phai xanh)	Chay Newman - 3 API + 3 lan chay theo du lieu	2026-08-20T08:07:49.9159568Z ↳ TC-API3-053 - min_order_amount duong (phan vung hop le ngoai bien)
Regression: 3 API + 3 lan chay theo du lieu (phai xanh)	Chay Newman - 3 API + 3 lan chay theo du lieu	2026-08-20T08:07:49.9189675Z   ┌
Regression: 3 API + 3 lan chay theo du lieu (phai xanh)	Chay Newman - 3 API + 3 lan chay theo du lieu	2026-08-20T08:07:49.9190392Z   │ '[X-Student-Id] 23127344 -> POST {{baseUrl}}/api/admin
Regression: 3 API + 3 lan chay theo du lieu (phai xanh)	Chay Newman - 3 API + 3 lan chay theo du lieu	2026-08-20T08:07:49.9190984Z   │ /coupons'
Regression: 3 API + 3 lan chay theo du lieu (phai xanh)	Chay Newman - 3 API + 3 lan chay theo du lieu	2026-08-20T08:07:49.9267908Z   └
Regression: 3 API + 3 lan chay theo du lieu (phai xanh)	Chay Newman - 3 API + 3 lan chay theo du lieu	2026-08-20T08:07:49.9316910Z   POST http://localhost:3000/api/admin/coupons [200 OK, 303B, 5ms]
Regression: 3 API + 3 lan chay theo du lieu (phai xanh)	Chay Newman - 3 API + 3 lan chay theo du lieu	2026-08-20T08:07:49.9361534Z   ✓  [moi request] co header X-Student-Id = 23127344
Regression: 3 API + 3 lan chay theo du lieu (phai xanh)	Chay Newman - 3 API + 3 lan chay theo du lieu	2026-08-20T08:07:49.9398930Z   ✓  [API3] thoi gian phan hoi < 2000ms
Regression: 3 API + 3 lan chay theo du lieu (phai xanh)	Chay Newman - 3 API + 3 lan chay theo du lieu	2026-08-20T08:07:49.9437248Z   ✓  Status 200
Regression: 3 API + 3 lan chay theo du lieu (phai xanh)	Chay Newman - 3 API + 3 lan chay theo du lieu	2026-08-20T08:07:49.9441231Z   ✓  Response co dung 2 key: message, id
Regression: 3 API + 3 lan chay theo du lieu (phai xanh)	Chay Newman - 3 API + 3 lan chay theo du lieu	2026-08-20T08:07:49.9444070Z   ✓  Body.message = "Coupon created"
Regression: 3 API + 3 lan chay theo du lieu (phai xanh)	Chay Newman - 3 API + 3 lan chay theo du lieu	2026-08-20T08:07:49.9447901Z   ✓  Ghi nhan id coupon de teardown
Regression: 3 API + 3 lan chay theo du lieu (phai xanh)	Chay Newman - 3 API + 3 lan chay theo du lieu	2026-08-20T08:07:49.9499311Z   GET http://localhost:3000/api/coupons [200 OK, 6.69kB, 3ms]
Regression: 3 API + 3 lan chay theo du lieu (phai xanh)	Chay Newman - 3 API + 3 lan chay theo du lieu	2026-08-20T08:07:49.9553101Z   ✓  GET /api/coupons: coupon vua tao co min_order_amount = 200000
Regression: 3 API + 3 lan chay theo du lieu (phai xanh)	Chay Newman - 3 API + 3 lan chay theo du lieu	2026-08-20T08:07:49.9599025Z 
Regression: 3 API + 3 lan chay theo du lieu (phai xanh)	Chay Newman - 3 API + 3 lan chay theo du lieu	2026-08-20T08:07:49.9599844Z ↳ TC-API3-054 - expired_at la null
Regression: 3 API + 3 lan chay theo du lieu (phai xanh)	Chay Newman - 3 API + 3 lan chay theo du lieu	2026-08-20T08:07:49.9635828Z   ┌
Regression: 3 API + 3 lan chay theo du lieu (phai xanh)	Chay Newman - 3 API + 3 lan chay theo du lieu	2026-08-20T08:07:49.9636605Z   │ '[X-Student-Id] 23127344 -> POST {{baseUrl}}/api/admin
Regression: 3 API + 3 lan chay theo du lieu (phai xanh)	Chay Newman - 3 API + 3 lan chay theo du lieu	2026-08-20T08:07:49.9637338Z   │ /coupons'
Regression: 3 API + 3 lan chay theo du lieu (phai xanh)	Chay Newman - 3 API + 3 lan chay theo du lieu	2026-08-20T08:07:49.9724537Z   └
Regression: 3 API + 3 lan chay theo du lieu (phai xanh)	Chay Newman - 3 API + 3 lan chay theo du lieu	2026-08-20T08:07:49.9770200Z   POST http://localhost:3000/api/admin/coupons [200 OK, 303B, 4ms]
Regression: 3 API + 3 lan chay theo du lieu (phai xanh)	Chay Newman - 3 API + 3 lan chay theo du lieu	2026-08-20T08:07:49.9813658Z   ✓  [moi request] co header X-Student-Id = 23127344
Regression: 3 API + 3 lan chay theo du lieu (phai xanh)	Chay Newman - 3 API + 3 lan chay theo du lieu	2026-08-20T08:07:49.9861281Z   ✓  [API3] thoi gian phan hoi < 2000ms
Regression: 3 API + 3 lan chay theo du lieu (phai xanh)	Chay Newman - 3 API + 3 lan chay theo du lieu	2026-08-20T08:07:49.9910360Z   ✓  Status 200
Regression: 3 API + 3 lan chay theo du lieu (phai xanh)	Chay Newman - 3 API + 3 lan chay theo du lieu	2026-08-20T08:07:49.9913642Z   ✓  Response co dung 2 key: message, id
Regression: 3 API + 3 lan chay theo du lieu (phai xanh)	Chay Newman - 3 API + 3 lan chay theo du lieu	2026-08-20T08:07:49.9916134Z   ✓  Body.message = "Coupon created"
Regression: 3 API + 3 lan chay theo du lieu (phai xanh)	Chay Newman - 3 API + 3 lan chay theo du lieu	2026-08-20T08:07:49.9929294Z   ✓  Ghi nhan id coupon de teardown
Regression: 3 API + 3 lan chay theo du lieu (phai xanh)	Chay Newman - 3 API + 3 lan chay theo du lieu	2026-08-20T08:07:49.9972972Z   GET http://localhost:3000/api/coupons [200 OK, 6.84kB, 3ms]
Regression: 3 API + 3 lan chay theo du lieu (phai xanh)	Chay Newman - 3 API + 3 lan chay theo du lieu	2026-08-20T08:07:50.0025515Z   ✓  GET /api/coupons: coupon vua tao co expired_at = null
Regression: 3 API + 3 lan chay theo du lieu (phai xanh)	Chay Newman - 3 API + 3 lan chay theo du lieu	2026-08-20T08:07:50.0064501Z 
Regression: 3 API + 3 lan chay theo du lieu (phai xanh)	Chay Newman - 3 API + 3 lan chay theo du lieu	2026-08-20T08:07:50.0065085Z ↳ TC-API3-055 - expired_at la chuoi rong
Regression: 3 API + 3 lan chay theo du lieu (phai xanh)	Chay Newman - 3 API + 3 lan chay theo du lieu	2026-08-20T08:07:50.0092852Z   ┌
Regression: 3 API + 3 lan chay theo du lieu (phai xanh)	Chay Newman - 3 API + 3 lan chay theo du lieu	2026-08-20T08:07:50.0093588Z   │ '[X-Student-Id] 23127344 -> POST {{baseUrl}}/api/admin
Regression: 3 API + 3 lan chay theo du lieu (phai xanh)	Chay Newman - 3 API + 3 lan chay theo du lieu	2026-08-20T08:07:50.0094286Z   │ /coupons'
Regression: 3 API + 3 lan chay theo du lieu (phai xanh)	Chay Newman - 3 API + 3 lan chay theo du lieu	2026-08-20T08:07:50.0174659Z   └
Regression: 3 API + 3 lan chay theo du lieu (phai xanh)	Chay Newman - 3 API + 3 lan chay theo du lieu	2026-08-20T08:07:50.0218274Z   POST http://localhost:3000/api/admin/coupons [200 OK, 303B, 4ms]
Regression: 3 API + 3 lan chay theo du lieu (phai xanh)	Chay Newman - 3 API + 3 lan chay theo du lieu	2026-08-20T08:07:50.0260564Z   ✓  [moi request] co header X-Student-Id = 23127344
Regression: 3 API + 3 lan chay theo du lieu (phai xanh)	Chay Newman - 3 API + 3 lan chay theo du lieu	2026-08-20T08:07:50.0306509Z   ✓  [API3] thoi gian phan hoi < 2000ms
Regression: 3 API + 3 lan chay theo du lieu (phai xanh)	Chay Newman - 3 API + 3 lan chay theo du lieu	2026-08-20T08:07:50.0355559Z   ✓  Status 200
Regression: 3 API + 3 lan chay theo du lieu (phai xanh)	Chay Newman - 3 API + 3 lan chay theo du lieu	2026-08-20T08:07:50.0358264Z   ✓  Response co dung 2 key: message, id
Regression: 3 API + 3 lan chay theo du lieu (phai xanh)	Chay Newman - 3 API + 3 lan chay theo du lieu	2026-08-20T08:07:50.0361530Z   ✓  Body.message = "Coupon created"
Regression: 3 API + 3 lan chay theo du lieu (phai xanh)	Chay Newman - 3 API + 3 lan chay theo du lieu	2026-08-20T08:07:50.0369397Z   ✓  Ghi nhan id coupon de teardown
Regression: 3 API + 3 lan chay theo du lieu (phai xanh)	Chay Newman - 3 API + 3 lan chay theo du lieu	2026-08-20T08:07:50.0409473Z   GET http://localhost:3000/api/coupons [200 OK, 6.98kB, 2ms]
Regression: 3 API + 3 lan chay theo du lieu (phai xanh)	Chay Newman - 3 API + 3 lan chay theo du lieu	2026-08-20T08:07:50.0458383Z   ✓  GET /api/coupons: coupon vua tao co expired_at = ""
Regression: 3 API + 3 lan chay theo du lieu (phai xanh)	Chay Newman - 3 API + 3 lan chay theo du lieu	2026-08-20T08:07:50.0491237Z 
Regression: 3 API + 3 lan chay theo du lieu (phai xanh)	Chay Newman - 3 API + 3 lan chay theo du lieu	2026-08-20T08:07:50.0491817Z ↳ TC-API3-056 - max_uses_per_user la null -> ep thanh 1
Regression: 3 API + 3 lan chay theo du lieu (phai xanh)	Chay Newman - 3 API + 3 lan chay theo du lieu	2026-08-20T08:07:50.0517770Z   ┌
Regression: 3 API + 3 lan chay theo du lieu (phai xanh)	Chay Newman - 3 API + 3 lan chay theo du lieu	2026-08-20T08:07:50.0518486Z   │ '[X-Student-Id] 23127344 -> POST {{baseUrl}}/api/admin
Regression: 3 API + 3 lan chay theo du lieu (phai xanh)	Chay Newman - 3 API + 3 lan chay theo du lieu	2026-08-20T08:07:50.0519471Z   │ /coupons'
Regression: 3 API + 3 lan chay theo du lieu (phai xanh)	Chay Newman - 3 API + 3 lan chay theo du lieu	2026-08-20T08:07:50.0571156Z   └
Regression: 3 API + 3 lan chay theo du lieu (phai xanh)	Chay Newman - 3 API + 3 lan chay theo du lieu	2026-08-20T08:07:50.0607047Z   POST http://localhost:3000/api/admin/coupons [200 OK, 303B, 3ms]
Regression: 3 API + 3 lan chay theo du lieu (phai xanh)	Chay Newman - 3 API + 3 lan chay theo du lieu	2026-08-20T08:07:50.0640903Z   ✓  [moi request] co header X-Student-Id = 23127344
Regression: 3 API + 3 lan chay theo du lieu (phai xanh)	Chay Newman - 3 API + 3 lan chay theo du lieu	2026-08-20T08:07:50.0687964Z   ✓  [API3] thoi gian phan hoi < 2000ms
Regression: 3 API + 3 lan chay theo du lieu (phai xanh)	Chay Newman - 3 API + 3 lan chay theo du lieu	2026-08-20T08:07:50.0747957Z   ✓  Status 200
Regression: 3 API + 3 lan chay theo du lieu (phai xanh)	Chay Newman - 3 API + 3 lan chay theo du lieu	2026-08-20T08:07:50.0751365Z   ✓  Response co dung 2 key: message, id
Regression: 3 API + 3 lan chay theo du lieu (phai xanh)	Chay Newman - 3 API + 3 lan chay theo du lieu	2026-08-20T08:07:50.0758436Z   ✓  Body.message = "Coupon created"
Regression: 3 API + 3 lan chay theo du lieu (phai xanh)	Chay Newman - 3 API + 3 lan chay theo du lieu	2026-08-20T08:07:50.0761414Z   ✓  Ghi nhan id coupon de teardown
Regression: 3 API + 3 lan chay theo du lieu (phai xanh)	Chay Newman - 3 API + 3 lan chay theo du lieu	2026-08-20T08:07:50.0808986Z   GET http://localhost:3000/api/coupons [200 OK, 7.13kB, 3ms]
Regression: 3 API + 3 lan chay theo du lieu (phai xanh)	Chay Newman - 3 API + 3 lan chay theo du lieu	2026-08-20T08:07:50.0894811Z   ✓  GET /api/coupons: coupon vua tao co max_uses_per_user = 1
Regression: 3 API + 3 lan chay theo du lieu (phai xanh)	Chay Newman - 3 API + 3 lan chay theo du lieu	2026-08-20T08:07:50.0940179Z 
Regression: 3 API + 3 lan chay theo du lieu (phai xanh)	Chay Newman - 3 API + 3 lan chay theo du lieu	2026-08-20T08:07:50.0940902Z ↳ TC-API3-057 - max_uses_per_user la chuoi rong -> ep thanh 1
Regression: 3 API + 3 lan chay theo du lieu (phai xanh)	Chay Newman - 3 API + 3 lan chay theo du lieu	2026-08-20T08:07:50.0973156Z   ┌
Regression: 3 API + 3 lan chay theo du lieu (phai xanh)	Chay Newman - 3 API + 3 lan chay theo du lieu	2026-08-20T08:07:50.0973792Z   │ '[X-Student-Id] 23127344 -> POST {{baseUrl}}/api/admin
Regression: 3 API + 3 lan chay theo du lieu (phai xanh)	Chay Newman - 3 API + 3 lan chay theo du lieu	2026-08-20T08:07:50.0974823Z   │ /coupons'
Regression: 3 API + 3 lan chay theo du lieu (phai xanh)	Chay Newman - 3 API + 3 lan chay theo du lieu	2026-08-20T08:07:50.1051262Z   └
Regression: 3 API + 3 lan chay theo du lieu (phai xanh)	Chay Newman - 3 API + 3 lan chay theo du lieu	2026-08-20T08:07:50.1088922Z   POST http://localhost:3000/api/admin/coupons [200 OK, 303B, 3ms]
Regression: 3 API + 3 lan chay theo du lieu (phai xanh)	Chay Newman - 3 API + 3 lan chay theo du lieu	2026-08-20T08:07:50.1112005Z   ✓  [moi request] co header X-Student-Id = 23127344
Regression: 3 API + 3 lan chay theo du lieu (phai xanh)	Chay Newman - 3 API + 3 lan chay theo du lieu	2026-08-20T08:07:50.1155768Z   ✓  [API3] thoi gian phan hoi < 2000ms
Regression: 3 API + 3 lan chay theo du lieu (phai xanh)	Chay Newman - 3 API + 3 lan chay theo du lieu	2026-08-20T08:07:50.1191951Z   ✓  Status 200
Regression: 3 API + 3 lan chay theo du lieu (phai xanh)	Chay Newman - 3 API + 3 lan chay theo du lieu	2026-08-20T08:07:50.1192808Z   ✓  Response co dung 2 key: message, id
Regression: 3 API + 3 lan chay theo du lieu (phai xanh)	Chay Newman - 3 API + 3 lan chay theo du lieu	2026-08-20T08:07:50.1194001Z   ✓  Body.message = "Coupon created"
Regression: 3 API + 3 lan chay theo du lieu (phai xanh)	Chay Newman - 3 API + 3 lan chay theo du lieu	2026-08-20T08:07:50.1195032Z   ✓  Ghi nhan id coupon de teardown
Regression: 3 API + 3 lan chay theo du lieu (phai xanh)	Chay Newman - 3 API + 3 lan chay theo du lieu	2026-08-20T08:07:50.1239974Z   GET http://localhost:3000/api/coupons [200 OK, 7.28kB, 3ms]
Regression: 3 API + 3 lan chay theo du lieu (phai xanh)	Chay Newman - 3 API + 3 lan chay theo du lieu	2026-08-20T08:07:50.1301447Z   ✓  GET /api/coupons: coupon vua tao co max_uses_per_user = 1
Regression: 3 API + 3 lan chay theo du lieu (phai xanh)	Chay Newman - 3 API + 3 lan chay theo du lieu	2026-08-20T08:07:50.1332578Z 
Regression: 3 API + 3 lan chay theo du lieu (phai xanh)	Chay Newman - 3 API + 3 lan chay theo du lieu	2026-08-20T08:07:50.1333205Z ↳ TC-API3-058 - Bien cheo: percent + discount_value = 100
Regression: 3 API + 3 lan chay theo du lieu (phai xanh)	Chay Newman - 3 API + 3 lan chay theo du lieu	2026-08-20T08:07:50.1365942Z   ┌
Regression: 3 API + 3 lan chay theo du lieu (phai xanh)	Chay Newman - 3 API + 3 lan chay theo du lieu	2026-08-20T08:07:50.1366740Z   │ '[X-Student-Id] 23127344 -> POST {{baseUrl}}/api/admin
Regression: 3 API + 3 lan chay theo du lieu (phai xanh)	Chay Newman - 3 API + 3 lan chay theo du lieu	2026-08-20T08:07:50.1367540Z   │ /coupons'
Regression: 3 API + 3 lan chay theo du lieu (phai xanh)	Chay Newman - 3 API + 3 lan chay theo du lieu	2026-08-20T08:07:50.1437344Z   └
Regression: 3 API + 3 lan chay theo du lieu (phai xanh)	Chay Newman - 3 API + 3 lan chay theo du lieu	2026-08-20T08:07:50.1491581Z   POST http://localhost:3000/api/admin/coupons [200 OK, 303B, 5ms]
Regression: 3 API + 3 lan chay theo du lieu (phai xanh)	Chay Newman - 3 API + 3 lan chay theo du lieu	2026-08-20T08:07:50.1530944Z   ✓  [moi request] co header X-Student-Id = 23127344
Regression: 3 API + 3 lan chay theo du lieu (phai xanh)	Chay Newman - 3 API + 3 lan chay theo du lieu	2026-08-20T08:07:50.1568711Z   ✓  [API3] thoi gian phan hoi < 2000ms
Regression: 3 API + 3 lan chay theo du lieu (phai xanh)	Chay Newman - 3 API + 3 lan chay theo du lieu	2026-08-20T08:07:50.1607582Z   ✓  Status 200
Regression: 3 API + 3 lan chay theo du lieu (phai xanh)	Chay Newman - 3 API + 3 lan chay theo du lieu	2026-08-20T08:07:50.1610424Z   ✓  Response co dung 2 key: message, id
Regression: 3 API + 3 lan chay theo du lieu (phai xanh)	Chay Newman - 3 API + 3 lan chay theo du lieu	2026-08-20T08:07:50.1612659Z   ✓  Body.message = "Coupon created"
Regression: 3 API + 3 lan chay theo du lieu (phai xanh)	Chay Newman - 3 API + 3 lan chay theo du lieu	2026-08-20T08:07:50.1615513Z   ✓  Ghi nhan id coupon de teardown
Regression: 3 API + 3 lan chay theo du lieu (phai xanh)	Chay Newman - 3 API + 3 lan chay theo du lieu	2026-08-20T08:07:50.1665868Z   GET http://localhost:3000/api/coupons [200 OK, 7.43kB, 3ms]
Regression: 3 API + 3 lan chay theo du lieu (phai xanh)	Chay Newman - 3 API + 3 lan chay theo du lieu	2026-08-20T08:07:50.1726137Z   ✓  GET /api/coupons: coupon vua tao co discount_value = 100
Regression: 3 API + 3 lan chay theo du lieu (phai xanh)	Chay Newman - 3 API + 3 lan chay theo du lieu	2026-08-20T08:07:50.1766530Z 
Regression: 3 API + 3 lan chay theo du lieu (phai xanh)	Chay Newman - 3 API + 3 lan chay theo du lieu	2026-08-20T08:07:50.1767470Z ↳ TC-API3-059 - Bien cheo: percent + discount_value = 101 (vuot tran khai niem)
Regression: 3 API + 3 lan chay theo du lieu (phai xanh)	Chay Newman - 3 API + 3 lan chay theo du lieu	2026-08-20T08:07:50.1796196Z   ┌
Regression: 3 API + 3 lan chay theo du lieu (phai xanh)	Chay Newman - 3 API + 3 lan chay theo du lieu	2026-08-20T08:07:50.1797191Z   │ '[X-Student-Id] 23127344 -> POST {{baseUrl}}/api/admin
Regression: 3 API + 3 lan chay theo du lieu (phai xanh)	Chay Newman - 3 API + 3 lan chay theo du lieu	2026-08-20T08:07:50.1799440Z   │ /coupons'
Regression: 3 API + 3 lan chay theo du lieu (phai xanh)	Chay Newman - 3 API + 3 lan chay theo du lieu	2026-08-20T08:07:50.1869042Z   └
Regression: 3 API + 3 lan chay theo du lieu (phai xanh)	Chay Newman - 3 API + 3 lan chay theo du lieu	2026-08-20T08:07:50.1912034Z   POST http://localhost:3000/api/admin/coupons [200 OK, 303B, 4ms]
Regression: 3 API + 3 lan chay theo du lieu (phai xanh)	Chay Newman - 3 API + 3 lan chay theo du lieu	2026-08-20T08:07:50.1948835Z   ✓  [moi request] co header X-Student-Id = 23127344
Regression: 3 API + 3 lan chay theo du lieu (phai xanh)	Chay Newman - 3 API + 3 lan chay theo du lieu	2026-08-20T08:07:50.1984666Z   ✓  [API3] thoi gian phan hoi < 2000ms
Regression: 3 API + 3 lan chay theo du lieu (phai xanh)	Chay Newman - 3 API + 3 lan chay theo du lieu	2026-08-20T08:07:50.2030706Z   ✓  Status 200
Regression: 3 API + 3 lan chay theo du lieu (phai xanh)	Chay Newman - 3 API + 3 lan chay theo du lieu	2026-08-20T08:07:50.2033639Z   ✓  Response co dung 2 key: message, id
Regression: 3 API + 3 lan chay theo du lieu (phai xanh)	Chay Newman - 3 API + 3 lan chay theo du lieu	2026-08-20T08:07:50.2036167Z   ✓  Body.message = "Coupon created"
Regression: 3 API + 3 lan chay theo du lieu (phai xanh)	Chay Newman - 3 API + 3 lan chay theo du lieu	2026-08-20T08:07:50.2039420Z   ✓  Ghi nhan id coupon de teardown
Regression: 3 API + 3 lan chay theo du lieu (phai xanh)	Chay Newman - 3 API + 3 lan chay theo du lieu	2026-08-20T08:07:50.2087969Z   GET http://localhost:3000/api/coupons [200 OK, 7.58kB, 3ms]
Regression: 3 API + 3 lan chay theo du lieu (phai xanh)	Chay Newman - 3 API + 3 lan chay theo du lieu	2026-08-20T08:07:50.2149318Z   ✓  GET /api/coupons: coupon vua tao co discount_value = 101
Regression: 3 API + 3 lan chay theo du lieu (phai xanh)	Chay Newman - 3 API + 3 lan chay theo du lieu	2026-08-20T08:07:50.2204146Z 
Regression: 3 API + 3 lan chay theo du lieu (phai xanh)	Chay Newman - 3 API + 3 lan chay theo du lieu	2026-08-20T08:07:50.2205357Z ↳ TC-API3-060 - Bien cheo: type ngoai enum + discount_value
Regression: 3 API + 3 lan chay theo du lieu (phai xanh)	Chay Newman - 3 API + 3 lan chay theo du lieu	2026-08-20T08:07:50.2229484Z   ┌
Regression: 3 API + 3 lan chay theo du lieu (phai xanh)	Chay Newman - 3 API + 3 lan chay theo du lieu	2026-08-20T08:07:50.2230399Z   │ '[X-Student-Id] 23127344 -> POST {{baseUrl}}/api/admin
Regression: 3 API + 3 lan chay theo du lieu (phai xanh)	Chay Newman - 3 API + 3 lan chay theo du lieu	2026-08-20T08:07:50.2231186Z   │ /coupons'
Regression: 3 API + 3 lan chay theo du lieu (phai xanh)	Chay Newman - 3 API + 3 lan chay theo du lieu	2026-08-20T08:07:50.2402925Z   └
Regression: 3 API + 3 lan chay theo du lieu (phai xanh)	Chay Newman - 3 API + 3 lan chay theo du lieu	2026-08-20T08:07:50.2560529Z   POST http://localhost:3000/api/admin/coupons [200 OK, 303B, 12ms]
Regression: 3 API + 3 lan chay theo du lieu (phai xanh)	Chay Newman - 3 API + 3 lan chay theo du lieu	2026-08-20T08:07:50.2569747Z   ✓  [moi request] co header X-Student-Id = 23127344
Regression: 3 API + 3 lan chay theo du lieu (phai xanh)	Chay Newman - 3 API + 3 lan chay theo du lieu	2026-08-20T08:07:50.2624223Z   ✓  [API3] thoi gian phan hoi < 2000ms
Regression: 3 API + 3 lan chay theo du lieu (phai xanh)	Chay Newman - 3 API + 3 lan chay theo du lieu	2026-08-20T08:07:50.2679470Z   ✓  Status 200
Regression: 3 API + 3 lan chay theo du lieu (phai xanh)	Chay Newman - 3 API + 3 lan chay theo du lieu	2026-08-20T08:07:50.2683394Z   ✓  Response co dung 2 key: message, id
Regression: 3 API + 3 lan chay theo du lieu (phai xanh)	Chay Newman - 3 API + 3 lan chay theo du lieu	2026-08-20T08:07:50.2686127Z   ✓  Body.message = "Coupon created"
Regression: 3 API + 3 lan chay theo du lieu (phai xanh)	Chay Newman - 3 API + 3 lan chay theo du lieu	2026-08-20T08:07:50.2689788Z   ✓  Ghi nhan id coupon de teardown
Regression: 3 API + 3 lan chay theo du lieu (phai xanh)	Chay Newman - 3 API + 3 lan chay theo du lieu	2026-08-20T08:07:50.2734513Z   GET http://localhost:3000/api/coupons [200 OK, 7.73kB, 3ms]
Regression: 3 API + 3 lan chay theo du lieu (phai xanh)	Chay Newman - 3 API + 3 lan chay theo du lieu	2026-08-20T08:07:50.2837744Z   ✓  GET /api/coupons: coupon vua tao co type = "installment"
Regression: 3 API + 3 lan chay theo du lieu (phai xanh)	Chay Newman - 3 API + 3 lan chay theo du lieu	2026-08-20T08:07:50.2879793Z 
Regression: 3 API + 3 lan chay theo du lieu (phai xanh)	Chay Newman - 3 API + 3 lan chay theo du lieu	2026-08-20T08:07:50.2880942Z ↳ TC-API3-061 - Header Authorization rong -> 403
Regression: 3 API + 3 lan chay theo du lieu (phai xanh)	Chay Newman - 3 API + 3 lan chay theo du lieu	2026-08-20T08:07:50.2930172Z   ┌
Regression: 3 API + 3 lan chay theo du lieu (phai xanh)	Chay Newman - 3 API + 3 lan chay theo du lieu	2026-08-20T08:07:50.2931496Z   │ '[X-Student-Id] 23127344 -> POST {{baseUrl}}/api/admin
Regression: 3 API + 3 lan chay theo du lieu (phai xanh)	Chay Newman - 3 API + 3 lan chay theo du lieu	2026-08-20T08:07:50.2932436Z   │ /coupons'
Regression: 3 API + 3 lan chay theo du lieu (phai xanh)	Chay Newman - 3 API + 3 lan chay theo du lieu	2026-08-20T08:07:50.2978285Z   └
Regression: 3 API + 3 lan chay theo du lieu (phai xanh)	Chay Newman - 3 API + 3 lan chay theo du lieu	2026-08-20T08:07:50.3002422Z   POST http://localhost:3000/api/admin/coupons [403 Forbidden, 295B, 2ms]
Regression: 3 API + 3 lan chay theo du lieu (phai xanh)	Chay Newman - 3 API + 3 lan chay theo du lieu	2026-08-20T08:07:50.3041166Z   ✓  [moi request] co header X-Student-Id = 23127344
Regression: 3 API + 3 lan chay theo du lieu (phai xanh)	Chay Newman - 3 API + 3 lan chay theo du lieu	2026-08-20T08:07:50.3077782Z   ✓  [API3] thoi gian phan hoi < 2000ms
Regression: 3 API + 3 lan chay theo du lieu (phai xanh)	Chay Newman - 3 API + 3 lan chay theo du lieu	2026-08-20T08:07:50.3112422Z   ✓  Status 403
Regression: 3 API + 3 lan chay theo du lieu (phai xanh)	Chay Newman - 3 API + 3 lan chay theo du lieu	2026-08-20T08:07:50.3114928Z   ✓  Body JSON khop chinh xac {"error":"Forbidden"}
Regression: 3 API + 3 lan chay theo du lieu (phai xanh)	Chay Newman - 3 API + 3 lan chay theo du lieu	2026-08-20T08:07:50.3153140Z 
Regression: 3 API + 3 lan chay theo du lieu (phai xanh)	Chay Newman - 3 API + 3 lan chay theo du lieu	2026-08-20T08:07:50.3153854Z ↳ TC-API3-062 - Header khong co dau cach phan tach -> 401
Regression: 3 API + 3 lan chay theo du lieu (phai xanh)	Chay Newman - 3 API + 3 lan chay theo du lieu	2026-08-20T08:07:50.3183017Z   ┌
Regression: 3 API + 3 lan chay theo du lieu (phai xanh)	Chay Newman - 3 API + 3 lan chay theo du lieu	2026-08-20T08:07:50.3183759Z   │ '[X-Student-Id] 23127344 -> POST {{baseUrl}}/api/admin
Regression: 3 API + 3 lan chay theo du lieu (phai xanh)	Chay Newman - 3 API + 3 lan chay theo du lieu	2026-08-20T08:07:50.3184447Z   │ /coupons'
Regression: 3 API + 3 lan chay theo du lieu (phai xanh)	Chay Newman - 3 API + 3 lan chay theo du lieu	2026-08-20T08:07:50.3249471Z   └
Regression: 3 API + 3 lan chay theo du lieu (phai xanh)	Chay Newman - 3 API + 3 lan chay theo du lieu	2026-08-20T08:07:50.3279874Z   POST http://localhost:3000/api/admin/coupons [401 Unauthorized, 301B, 3ms]
Regression: 3 API + 3 lan chay theo du lieu (phai xanh)	Chay Newman - 3 API + 3 lan chay theo du lieu	2026-08-20T08:07:50.3304619Z   ✓  [moi request] co header X-Student-Id = 23127344
Regression: 3 API + 3 lan chay theo du lieu (phai xanh)	Chay Newman - 3 API + 3 lan chay theo du lieu	2026-08-20T08:07:50.3339978Z   ✓  [API3] thoi gian phan hoi < 2000ms
Regression: 3 API + 3 lan chay theo du lieu (phai xanh)	Chay Newman - 3 API + 3 lan chay theo du lieu	2026-08-20T08:07:50.3378932Z   ✓  Status 401
Regression: 3 API + 3 lan chay theo du lieu (phai xanh)	Chay Newman - 3 API + 3 lan chay theo du lieu	2026-08-20T08:07:50.3381548Z   ✓  Body JSON khop chinh xac {"error":"Unauthorized"}
Regression: 3 API + 3 lan chay theo du lieu (phai xanh)	Chay Newman - 3 API + 3 lan chay theo du lieu	2026-08-20T08:07:50.3420959Z 
Regression: 3 API + 3 lan chay theo du lieu (phai xanh)	Chay Newman - 3 API + 3 lan chay theo du lieu	2026-08-20T08:07:50.3421804Z ↳ TC-API3-063 - Scheme khong chuan (Basic) van duoc chap nhan
Regression: 3 API + 3 lan chay theo du lieu (phai xanh)	Chay Newman - 3 API + 3 lan chay theo du lieu	2026-08-20T08:07:50.3449444Z   ┌
Regression: 3 API + 3 lan chay theo du lieu (phai xanh)	Chay Newman - 3 API + 3 lan chay theo du lieu	2026-08-20T08:07:50.3450371Z   │ '[X-Student-Id] 23127344 -> POST {{baseUrl}}/api/admin
Regression: 3 API + 3 lan chay theo du lieu (phai xanh)	Chay Newman - 3 API + 3 lan chay theo du lieu	2026-08-20T08:07:50.3451389Z   │ /coupons'
Regression: 3 API + 3 lan chay theo du lieu (phai xanh)	Chay Newman - 3 API + 3 lan chay theo du lieu	2026-08-20T08:07:50.3514394Z   └
Regression: 3 API + 3 lan chay theo du lieu (phai xanh)	Chay Newman - 3 API + 3 lan chay theo du lieu	2026-08-20T08:07:50.3558388Z   POST http://localhost:3000/api/admin/coupons [200 OK, 303B, 4ms]
Regression: 3 API + 3 lan chay theo du lieu (phai xanh)	Chay Newman - 3 API + 3 lan chay theo du lieu	2026-08-20T08:07:50.3582131Z   ✓  [moi request] co header X-Student-Id = 23127344
Regression: 3 API + 3 lan chay theo du lieu (phai xanh)	Chay Newman - 3 API + 3 lan chay theo du lieu	2026-08-20T08:07:50.3615545Z   ✓  [API3] thoi gian phan hoi < 2000ms
Regression: 3 API + 3 lan chay theo du lieu (phai xanh)	Chay Newman - 3 API + 3 lan chay theo du lieu	2026-08-20T08:07:50.3651991Z   ✓  Status 200
Regression: 3 API + 3 lan chay theo du lieu (phai xanh)	Chay Newman - 3 API + 3 lan chay theo du lieu	2026-08-20T08:07:50.3655374Z   ✓  Response co dung 2 key: message, id
Regression: 3 API + 3 lan chay theo du lieu (phai xanh)	Chay Newman - 3 API + 3 lan chay theo du lieu	2026-08-20T08:07:50.3658150Z   ✓  Body.message = "Coupon created"
Regression: 3 API + 3 lan chay theo du lieu (phai xanh)	Chay Newman - 3 API + 3 lan chay theo du lieu	2026-08-20T08:07:50.3661732Z   ✓  Ghi nhan id coupon de teardown
Regression: 3 API + 3 lan chay theo du lieu (phai xanh)	Chay Newman - 3 API + 3 lan chay theo du lieu	2026-08-20T08:07:50.3742148Z   GET http://localhost:3000/api/coupons [200 OK, 7.88kB, 5ms]
Regression: 3 API + 3 lan chay theo du lieu (phai xanh)	Chay Newman - 3 API + 3 lan chay theo du lieu	2026-08-20T08:07:50.3816695Z   ✓  GET /api/coupons: coupon vua tao co code = "HW06BASIC"
Regression: 3 API + 3 lan chay theo du lieu (phai xanh)	Chay Newman - 3 API + 3 lan chay theo du lieu	2026-08-20T08:07:50.3857396Z 
Regression: 3 API + 3 lan chay theo du lieu (phai xanh)	Chay Newman - 3 API + 3 lan chay theo du lieu	2026-08-20T08:07:50.3858214Z ↳ TC-API3-064 - JWT ky bang secret khac -> 403
Regression: 3 API + 3 lan chay theo du lieu (phai xanh)	Chay Newman - 3 API + 3 lan chay theo du lieu	2026-08-20T08:07:50.3879932Z   ┌
Regression: 3 API + 3 lan chay theo du lieu (phai xanh)	Chay Newman - 3 API + 3 lan chay theo du lieu	2026-08-20T08:07:50.3880755Z   │ '[X-Student-Id] 23127344 -> POST {{baseUrl}}/api/admin
Regression: 3 API + 3 lan chay theo du lieu (phai xanh)	Chay Newman - 3 API + 3 lan chay theo du lieu	2026-08-20T08:07:50.3881731Z   │ /coupons'
Regression: 3 API + 3 lan chay theo du lieu (phai xanh)	Chay Newman - 3 API + 3 lan chay theo du lieu	2026-08-20T08:07:50.3942287Z   └
Regression: 3 API + 3 lan chay theo du lieu (phai xanh)	Chay Newman - 3 API + 3 lan chay theo du lieu	2026-08-20T08:07:50.3969932Z   POST http://localhost:3000/api/admin/coupons [403 Forbidden, 295B, 2ms]
Regression: 3 API + 3 lan chay theo du lieu (phai xanh)	Chay Newman - 3 API + 3 lan chay theo du lieu	2026-08-20T08:07:50.4007435Z   ✓  [moi request] co header X-Student-Id = 23127344
Regression: 3 API + 3 lan chay theo du lieu (phai xanh)	Chay Newman - 3 API + 3 lan chay theo du lieu	2026-08-20T08:07:50.4044470Z   ✓  [API3] thoi gian phan hoi < 2000ms
Regression: 3 API + 3 lan chay theo du lieu (phai xanh)	Chay Newman - 3 API + 3 lan chay theo du lieu	2026-08-20T08:07:50.4082456Z   ✓  Status 403
Regression: 3 API + 3 lan chay theo du lieu (phai xanh)	Chay Newman - 3 API + 3 lan chay theo du lieu	2026-08-20T08:07:50.4085641Z   ✓  Body JSON khop chinh xac {"error":"Forbidden"}
Regression: 3 API + 3 lan chay theo du lieu (phai xanh)	Chay Newman - 3 API + 3 lan chay theo du lieu	2026-08-20T08:07:50.4125230Z 
Regression: 3 API + 3 lan chay theo du lieu (phai xanh)	Chay Newman - 3 API + 3 lan chay theo du lieu	2026-08-20T08:07:50.4125968Z ↳ TC-API3-065 - Token tu ky co exp qua khu -> 403
Regression: 3 API + 3 lan chay theo du lieu (phai xanh)	Chay Newman - 3 API + 3 lan chay theo du lieu	2026-08-20T08:07:50.4154845Z   ┌
Regression: 3 API + 3 lan chay theo du lieu (phai xanh)	Chay Newman - 3 API + 3 lan chay theo du lieu	2026-08-20T08:07:50.4155715Z   │ '[X-Student-Id] 23127344 -> POST {{baseUrl}}/api/admin
Regression: 3 API + 3 lan chay theo du lieu (phai xanh)	Chay Newman - 3 API + 3 lan chay theo du lieu	2026-08-20T08:07:50.4156804Z   │ /coupons'
Regression: 3 API + 3 lan chay theo du lieu (phai xanh)	Chay Newman - 3 API + 3 lan chay theo du lieu	2026-08-20T08:07:50.4221381Z   └
Regression: 3 API + 3 lan chay theo du lieu (phai xanh)	Chay Newman - 3 API + 3 lan chay theo du lieu	2026-08-20T08:07:50.4246054Z   POST http://localhost:3000/api/admin/coupons [403 Forbidden, 295B, 2ms]
Regression: 3 API + 3 lan chay theo du lieu (phai xanh)	Chay Newman - 3 API + 3 lan chay theo du lieu	2026-08-20T08:07:50.4282011Z   ✓  [moi request] co header X-Student-Id = 23127344
Regression: 3 API + 3 lan chay theo du lieu (phai xanh)	Chay Newman - 3 API + 3 lan chay theo du lieu	2026-08-20T08:07:50.4318409Z   ✓  [API3] thoi gian phan hoi < 2000ms
Regression: 3 API + 3 lan chay theo du lieu (phai xanh)	Chay Newman - 3 API + 3 lan chay theo du lieu	2026-08-20T08:07:50.4353172Z   ✓  Status 403
Regression: 3 API + 3 lan chay theo du lieu (phai xanh)	Chay Newman - 3 API + 3 lan chay theo du lieu	2026-08-20T08:07:50.4355434Z   ✓  Body JSON khop chinh xac {"error":"Forbidden"}
Regression: 3 API + 3 lan chay theo du lieu (phai xanh)	Chay Newman - 3 API + 3 lan chay theo du lieu	2026-08-20T08:07:50.4394154Z 
Regression: 3 API + 3 lan chay theo du lieu (phai xanh)	Chay Newman - 3 API + 3 lan chay theo du lieu	2026-08-20T08:07:50.4394932Z ↳ TC-API3-066 - Body JSON rong {} -> tao duoc coupon RONG
Regression: 3 API + 3 lan chay theo du lieu (phai xanh)	Chay Newman - 3 API + 3 lan chay theo du lieu	2026-08-20T08:07:50.4419048Z   ┌
Regression: 3 API + 3 lan chay theo du lieu (phai xanh)	Chay Newman - 3 API + 3 lan chay theo du lieu	2026-08-20T08:07:50.4419876Z   │ '[X-Student-Id] 23127344 -> POST {{baseUrl}}/api/admin
Regression: 3 API + 3 lan chay theo du lieu (phai xanh)	Chay Newman - 3 API + 3 lan chay theo du lieu	2026-08-20T08:07:50.4420637Z   │ /coupons'
Regression: 3 API + 3 lan chay theo du lieu (phai xanh)	Chay Newman - 3 API + 3 lan chay theo du lieu	2026-08-20T08:07:50.4485726Z   └
Regression: 3 API + 3 lan chay theo du lieu (phai xanh)	Chay Newman - 3 API + 3 lan chay theo du lieu	2026-08-20T08:07:50.4529748Z   POST http://localhost:3000/api/admin/coupons [200 OK, 303B, 4ms]
Regression: 3 API + 3 lan chay theo du lieu (phai xanh)	Chay Newman - 3 API + 3 lan chay theo du lieu	2026-08-20T08:07:50.4566238Z   ✓  [moi request] co header X-Student-Id = 23127344
Regression: 3 API + 3 lan chay theo du lieu (phai xanh)	Chay Newman - 3 API + 3 lan chay theo du lieu	2026-08-20T08:07:50.4603487Z   ✓  [API3] thoi gian phan hoi < 2000ms
Regression: 3 API + 3 lan chay theo du lieu (phai xanh)	Chay Newman - 3 API + 3 lan chay theo du lieu	2026-08-20T08:07:50.4657432Z   ✓  Status 200
Regression: 3 API + 3 lan chay theo du lieu (phai xanh)	Chay Newman - 3 API + 3 lan chay theo du lieu	2026-08-20T08:07:50.4660290Z   ✓  Response co dung 2 key: message, id
Regression: 3 API + 3 lan chay theo du lieu (phai xanh)	Chay Newman - 3 API + 3 lan chay theo du lieu	2026-08-20T08:07:50.4663250Z   ✓  Body.message = "Coupon created"
Regression: 3 API + 3 lan chay theo du lieu (phai xanh)	Chay Newman - 3 API + 3 lan chay theo du lieu	2026-08-20T08:07:50.4666392Z   ✓  Ghi nhan id coupon de teardown
Regression: 3 API + 3 lan chay theo du lieu (phai xanh)	Chay Newman - 3 API + 3 lan chay theo du lieu	2026-08-20T08:07:50.4747307Z   GET http://localhost:3000/api/coupons   GET http://localhost:3000/api/coupons   GET http://localhost:3000/api/coupons   GET http://localhost:3000/api/coupons   GET http://localhost:3000/api/coupons [200 OK, 8.02kB, 5ms]
Regression: 3 API + 3 lan chay theo du lieu (phai xanh)	Chay Newman - 3 API + 3 lan chay theo du lieu	2026-08-20T08:07:50.4806759Z   ✓  GET /api/coupons: coupon vua tao co code = null
Regression: 3 API + 3 lan chay theo du lieu (phai xanh)	Chay Newman - 3 API + 3 lan chay theo du lieu	2026-08-20T08:07:50.4825762Z [200 OK, 8.02kB, 12ms]
Regression: 3 API + 3 lan chay theo du lieu (phai xanh)	Chay Newman - 3 API + 3 lan chay theo du lieu	2026-08-20T08:07:50.4889025Z   ✓  GET /api/coupons: coupon vua tao co type = null
Regression: 3 API + 3 lan chay theo du lieu (phai xanh)	Chay Newman - 3 API + 3 lan chay theo du lieu	2026-08-20T08:07:50.4906764Z [200 OK, 8.02kB, 16ms]
Regression: 3 API + 3 lan chay theo du lieu (phai xanh)	Chay Newman - 3 API + 3 lan chay theo du lieu	2026-08-20T08:07:50.4967083Z   ✓  GET /api/coupons: coupon vua tao co max_uses_per_user = 1
Regression: 3 API + 3 lan chay theo du lieu (phai xanh)	Chay Newman - 3 API + 3 lan chay theo du lieu	2026-08-20T08:07:50.4976632Z [200 OK, 8.02kB, 27ms]
Regression: 3 API + 3 lan chay theo du lieu (phai xanh)	Chay Newman - 3 API + 3 lan chay theo du lieu	2026-08-20T08:07:50.5039186Z   ✓  GET /api/coupons: coupon vua tao co discount_value = null
Regression: 3 API + 3 lan chay theo du lieu (phai xanh)	Chay Newman - 3 API + 3 lan chay theo du lieu	2026-08-20T08:07:50.5047049Z [200 OK, 8.02kB, 34ms]
Regression: 3 API + 3 lan chay theo du lieu (phai xanh)	Chay Newman - 3 API + 3 lan chay theo du lieu	2026-08-20T08:07:50.5107369Z   ✓  GET /api/coupons: coupon vua tao co expired_at = null
Regression: 3 API + 3 lan chay theo du lieu (phai xanh)	Chay Newman - 3 API + 3 lan chay theo du lieu	2026-08-20T08:07:50.5147480Z 
Regression: 3 API + 3 lan chay theo du lieu (phai xanh)	Chay Newman - 3 API + 3 lan chay theo du lieu	2026-08-20T08:07:50.5148258Z ↳ TC-API3-067 - Khong gui body / sai Content-Type -> 500 dang HTML
Regression: 3 API + 3 lan chay theo du lieu (phai xanh)	Chay Newman - 3 API + 3 lan chay theo du lieu	2026-08-20T08:07:50.5177282Z   ┌
Regression: 3 API + 3 lan chay theo du lieu (phai xanh)	Chay Newman - 3 API + 3 lan chay theo du lieu	2026-08-20T08:07:50.5178005Z   │ '[X-Student-Id] 23127344 -> POST {{baseUrl}}/api/admin
Regression: 3 API + 3 lan chay theo du lieu (phai xanh)	Chay Newman - 3 API + 3 lan chay theo du lieu	2026-08-20T08:07:50.5178877Z   │ /coupons'
Regression: 3 API + 3 lan chay theo du lieu (phai xanh)	Chay Newman - 3 API + 3 lan chay theo du lieu	2026-08-20T08:07:50.5241305Z   └
Regression: 3 API + 3 lan chay theo du lieu (phai xanh)	Chay Newman - 3 API + 3 lan chay theo du lieu	2026-08-20T08:07:50.5269898Z   POST http://localhost:3000/api/admin/coupons [500 Internal Server Error, 1.74kB, 2ms]
Regression: 3 API + 3 lan chay theo du lieu (phai xanh)	Chay Newman - 3 API + 3 lan chay theo du lieu	2026-08-20T08:07:50.5310218Z   ✓  [moi request] co header X-Student-Id = 23127344
Regression: 3 API + 3 lan chay theo du lieu (phai xanh)	Chay Newman - 3 API + 3 lan chay theo du lieu	2026-08-20T08:07:50.5370615Z   ✓  [API3] thoi gian phan hoi < 2000ms
Regression: 3 API + 3 lan chay theo du lieu (phai xanh)	Chay Newman - 3 API + 3 lan chay theo du lieu	2026-08-20T08:07:50.5421420Z   ✓  Status 500
Regression: 3 API + 3 lan chay theo du lieu (phai xanh)	Chay Newman - 3 API + 3 lan chay theo du lieu	2026-08-20T08:07:50.5440905Z   ✓  Body la HTML, KHONG phai JSON co key error
Regression: 3 API + 3 lan chay theo du lieu (phai xanh)	Chay Newman - 3 API + 3 lan chay theo du lieu	2026-08-20T08:07:50.5484889Z 
Regression: 3 API + 3 lan chay theo du lieu (phai xanh)	Chay Newman - 3 API + 3 lan chay theo du lieu	2026-08-20T08:07:50.5485417Z ↳ TC-API3-068 - JSON sai cu phap -> 400 dang HTML (bodyParser)
Regression: 3 API + 3 lan chay theo du lieu (phai xanh)	Chay Newman - 3 API + 3 lan chay theo du lieu	2026-08-20T08:07:50.5512037Z   ┌
Regression: 3 API + 3 lan chay theo du lieu (phai xanh)	Chay Newman - 3 API + 3 lan chay theo du lieu	2026-08-20T08:07:50.5512785Z   │ '[X-Student-Id] 23127344 -> POST {{baseUrl}}/api/admin
Regression: 3 API + 3 lan chay theo du lieu (phai xanh)	Chay Newman - 3 API + 3 lan chay theo du lieu	2026-08-20T08:07:50.5513580Z   │ /coupons'
Regression: 3 API + 3 lan chay theo du lieu (phai xanh)	Chay Newman - 3 API + 3 lan chay theo du lieu	2026-08-20T08:07:50.5587971Z   └
Regression: 3 API + 3 lan chay theo du lieu (phai xanh)	Chay Newman - 3 API + 3 lan chay theo du lieu	2026-08-20T08:07:50.5639818Z   POST http://localhost:3000/api/admin/coupons [400 Bad Request, 1.52kB, 2ms]
Regression: 3 API + 3 lan chay theo du lieu (phai xanh)	Chay Newman - 3 API + 3 lan chay theo du lieu	2026-08-20T08:07:50.5656826Z   ✓  [moi request] co header X-Student-Id = 23127344
Regression: 3 API + 3 lan chay theo du lieu (phai xanh)	Chay Newman - 3 API + 3 lan chay theo du lieu	2026-08-20T08:07:50.5689946Z   ✓  [API3] thoi gian phan hoi < 2000ms
Regression: 3 API + 3 lan chay theo du lieu (phai xanh)	Chay Newman - 3 API + 3 lan chay theo du lieu	2026-08-20T08:07:50.5723500Z   ✓  Status 400
Regression: 3 API + 3 lan chay theo du lieu (phai xanh)	Chay Newman - 3 API + 3 lan chay theo du lieu	2026-08-20T08:07:50.5727749Z   ✓  Body la HTML, KHONG phai JSON co key error
Regression: 3 API + 3 lan chay theo du lieu (phai xanh)	Chay Newman - 3 API + 3 lan chay theo du lieu	2026-08-20T08:07:50.5763870Z 
Regression: 3 API + 3 lan chay theo du lieu (phai xanh)	Chay Newman - 3 API + 3 lan chay theo du lieu	2026-08-20T08:07:50.5764366Z ↳ TC-API3-069 - DELETE khong gui token -> 401
Regression: 3 API + 3 lan chay theo du lieu (phai xanh)	Chay Newman - 3 API + 3 lan chay theo du lieu	2026-08-20T08:07:50.5784689Z   ┌
Regression: 3 API + 3 lan chay theo du lieu (phai xanh)	Chay Newman - 3 API + 3 lan chay theo du lieu	2026-08-20T08:07:50.5785312Z   │ '[X-Student-Id] 23127344 -> DELETE {{baseUrl}}/api/adm
Regression: 3 API + 3 lan chay theo du lieu (phai xanh)	Chay Newman - 3 API + 3 lan chay theo du lieu	2026-08-20T08:07:50.5786040Z   │ in/coupons/5'
Regression: 3 API + 3 lan chay theo du lieu (phai xanh)	Chay Newman - 3 API + 3 lan chay theo du lieu	2026-08-20T08:07:50.5843570Z   └
Regression: 3 API + 3 lan chay theo du lieu (phai xanh)	Chay Newman - 3 API + 3 lan chay theo du lieu	2026-08-20T08:07:50.5862173Z   DELETE http://localhost:3000/api/admin/coupons/5 [401 Unauthorized, 301B, 1ms]
Regression: 3 API + 3 lan chay theo du lieu (phai xanh)	Chay Newman - 3 API + 3 lan chay theo du lieu	2026-08-20T08:07:50.5893409Z   ✓  [moi request] co header X-Student-Id = 23127344
Regression: 3 API + 3 lan chay theo du lieu (phai xanh)	Chay Newman - 3 API + 3 lan chay theo du lieu	2026-08-20T08:07:50.5922907Z   ✓  [API3] thoi gian phan hoi < 2000ms
Regression: 3 API + 3 lan chay theo du lieu (phai xanh)	Chay Newman - 3 API + 3 lan chay theo du lieu	2026-08-20T08:07:50.5954285Z   ✓  Status 401
Regression: 3 API + 3 lan chay theo du lieu (phai xanh)	Chay Newman - 3 API + 3 lan chay theo du lieu	2026-08-20T08:07:50.5956581Z   ✓  Body JSON khop chinh xac {"error":"Unauthorized"}
Regression: 3 API + 3 lan chay theo du lieu (phai xanh)	Chay Newman - 3 API + 3 lan chay theo du lieu	2026-08-20T08:07:50.6004309Z 
Regression: 3 API + 3 lan chay theo du lieu (phai xanh)	Chay Newman - 3 API + 3 lan chay theo du lieu	2026-08-20T08:07:50.6005142Z ↳ TC-API3-070 - DELETE voi :id khong phai so -> 200 du khong xoa gi
Regression: 3 API + 3 lan chay theo du lieu (phai xanh)	Chay Newman - 3 API + 3 lan chay theo du lieu	2026-08-20T08:07:50.6032065Z   ┌
Regression: 3 API + 3 lan chay theo du lieu (phai xanh)	Chay Newman - 3 API + 3 lan chay theo du lieu	2026-08-20T08:07:50.6032777Z   │ '[X-Student-Id] 23127344 -> DELETE {{baseUrl}}/api/adm
Regression: 3 API + 3 lan chay theo du lieu (phai xanh)	Chay Newman - 3 API + 3 lan chay theo du lieu	2026-08-20T08:07:50.6033751Z   │ in/coupons/abc'
Regression: 3 API + 3 lan chay theo du lieu (phai xanh)	Chay Newman - 3 API + 3 lan chay theo du lieu	2026-08-20T08:07:50.6092064Z   └
Regression: 3 API + 3 lan chay theo du lieu (phai xanh)	Chay Newman - 3 API + 3 lan chay theo du lieu	2026-08-20T08:07:50.6114907Z   DELETE http://localhost:3000/api/admin/coupons/abc [200 OK, 295B, 2ms]
Regression: 3 API + 3 lan chay theo du lieu (phai xanh)	Chay Newman - 3 API + 3 lan chay theo du lieu	2026-08-20T08:07:50.6146124Z   ✓  [moi request] co header X-Student-Id = 23127344
Regression: 3 API + 3 lan chay theo du lieu (phai xanh)	Chay Newman - 3 API + 3 lan chay theo du lieu	2026-08-20T08:07:50.6177246Z   ✓  [API3] thoi gian phan hoi < 2000ms
Regression: 3 API + 3 lan chay theo du lieu (phai xanh)	Chay Newman - 3 API + 3 lan chay theo du lieu	2026-08-20T08:07:50.6214496Z   ✓  Status 200
Regression: 3 API + 3 lan chay theo du lieu (phai xanh)	Chay Newman - 3 API + 3 lan chay theo du lieu	2026-08-20T08:07:50.6218369Z   ✓  Body JSON khop chinh xac {"message":"Coupon deleted"}
Regression: 3 API + 3 lan chay theo du lieu (phai xanh)	Chay Newman - 3 API + 3 lan chay theo du lieu	2026-08-20T08:07:50.6265635Z   GET http://localhost:3000/api/coupons [200 OK, 8.02kB, 3ms]
Regression: 3 API + 3 lan chay theo du lieu (phai xanh)	Chay Newman - 3 API + 3 lan chay theo du lieu	2026-08-20T08:07:50.6326247Z   ✓  Khong coupon nao bi xoa (so luong khong doi)
Regression: 3 API + 3 lan chay theo du lieu (phai xanh)	Chay Newman - 3 API + 3 lan chay theo du lieu	2026-08-20T08:07:50.6364992Z 
Regression: 3 API + 3 lan chay theo du lieu (phai xanh)	Chay Newman - 3 API + 3 lan chay theo du lieu	2026-08-20T08:07:50.6365812Z ↳ TC-API3-071 - DELETE voi payload SQL injection trong :id
Regression: 3 API + 3 lan chay theo du lieu (phai xanh)	Chay Newman - 3 API + 3 lan chay theo du lieu	2026-08-20T08:07:50.6392956Z   ┌
Regression: 3 API + 3 lan chay theo du lieu (phai xanh)	Chay Newman - 3 API + 3 lan chay theo du lieu	2026-08-20T08:07:50.6393661Z   │ '[X-Student-Id] 23127344 -> DELETE {{baseUrl}}/api/adm
Regression: 3 API + 3 lan chay theo du lieu (phai xanh)	Chay Newman - 3 API + 3 lan chay theo du lieu	2026-08-20T08:07:50.6394192Z   │ in/coupons/1%20OR%201=1'
Regression: 3 API + 3 lan chay theo du lieu (phai xanh)	Chay Newman - 3 API + 3 lan chay theo du lieu	2026-08-20T08:07:50.6456238Z   └
Regression: 3 API + 3 lan chay theo du lieu (phai xanh)	Chay Newman - 3 API + 3 lan chay theo du lieu	2026-08-20T08:07:50.6477963Z   DELETE http://localhost:3000/api/admin/coupons/1%20OR%201=1 [200 OK, 295B, 2ms]
Regression: 3 API + 3 lan chay theo du lieu (phai xanh)	Chay Newman - 3 API + 3 lan chay theo du lieu	2026-08-20T08:07:50.6511160Z   ✓  [moi request] co header X-Student-Id = 23127344
Regression: 3 API + 3 lan chay theo du lieu (phai xanh)	Chay Newman - 3 API + 3 lan chay theo du lieu	2026-08-20T08:07:50.6541712Z   ✓  [API3] thoi gian phan hoi < 2000ms
Regression: 3 API + 3 lan chay theo du lieu (phai xanh)	Chay Newman - 3 API + 3 lan chay theo du lieu	2026-08-20T08:07:50.6575013Z   ✓  Status 200
Regression: 3 API + 3 lan chay theo du lieu (phai xanh)	Chay Newman - 3 API + 3 lan chay theo du lieu	2026-08-20T08:07:50.6577644Z   ✓  Body JSON khop chinh xac {"message":"Coupon deleted"}
Regression: 3 API + 3 lan chay theo du lieu (phai xanh)	Chay Newman - 3 API + 3 lan chay theo du lieu	2026-08-20T08:07:50.6619900Z   GET http://localhost:3000/api/coupons [200 OK, 8.02kB, 2ms]
Regression: 3 API + 3 lan chay theo du lieu (phai xanh)	Chay Newman - 3 API + 3 lan chay theo du lieu	2026-08-20T08:07:50.6678449Z   ✓  Coupon seed id=1 (SAVE10) KHONG bi xoa - tham so hoa dat
Regression: 3 API + 3 lan chay theo du lieu (phai xanh)	Chay Newman - 3 API + 3 lan chay theo du lieu	2026-08-20T08:07:50.6716561Z 
Regression: 3 API + 3 lan chay theo du lieu (phai xanh)	Chay Newman - 3 API + 3 lan chay theo du lieu	2026-08-20T08:07:50.6717220Z ↳ TC-API3-072 - code rat dai (5.000 ky tu)
Regression: 3 API + 3 lan chay theo du lieu (phai xanh)	Chay Newman - 3 API + 3 lan chay theo du lieu	2026-08-20T08:07:50.6745207Z   ┌
Regression: 3 API + 3 lan chay theo du lieu (phai xanh)	Chay Newman - 3 API + 3 lan chay theo du lieu	2026-08-20T08:07:50.6745938Z   │ '[X-Student-Id] 23127344 -> POST {{baseUrl}}/api/admin
Regression: 3 API + 3 lan chay theo du lieu (phai xanh)	Chay Newman - 3 API + 3 lan chay theo du lieu	2026-08-20T08:07:50.6746687Z   │ /coupons'
Regression: 3 API + 3 lan chay theo du lieu (phai xanh)	Chay Newman - 3 API + 3 lan chay theo du lieu	2026-08-20T08:07:50.6809818Z   └
Regression: 3 API + 3 lan chay theo du lieu (phai xanh)	Chay Newman - 3 API + 3 lan chay theo du lieu	2026-08-20T08:07:50.6853116Z   POST http://localhost:3000/api/admin/coupons [200 OK, 303B, 5ms]
Regression: 3 API + 3 lan chay theo du lieu (phai xanh)	Chay Newman - 3 API + 3 lan chay theo du lieu	2026-08-20T08:07:50.6887482Z   ✓  [moi request] co header X-Student-Id = 23127344
Regression: 3 API + 3 lan chay theo du lieu (phai xanh)	Chay Newman - 3 API + 3 lan chay theo du lieu	2026-08-20T08:07:50.6921714Z   ✓  [API3] thoi gian phan hoi < 2000ms
Regression: 3 API + 3 lan chay theo du lieu (phai xanh)	Chay Newman - 3 API + 3 lan chay theo du lieu	2026-08-20T08:07:50.6957795Z   ✓  Status 200
Regression: 3 API + 3 lan chay theo du lieu (phai xanh)	Chay Newman - 3 API + 3 lan chay theo du lieu	2026-08-20T08:07:50.6960565Z   ✓  Response co dung 2 key: message, id
Regression: 3 API + 3 lan chay theo du lieu (phai xanh)	Chay Newman - 3 API + 3 lan chay theo du lieu	2026-08-20T08:07:50.6962671Z   ✓  Body.message = "Coupon created"
Regression: 3 API + 3 lan chay theo du lieu (phai xanh)	Chay Newman - 3 API + 3 lan chay theo du lieu	2026-08-20T08:07:50.6965291Z   ✓  Ghi nhan id coupon de teardown
Regression: 3 API + 3 lan chay theo du lieu (phai xanh)	Chay Newman - 3 API + 3 lan chay theo du lieu	2026-08-20T08:07:50.7029553Z   GET http://localhost:3000/api/coupons [200 OK, 13.16kB, 4ms]
Regression: 3 API + 3 lan chay theo du lieu (phai xanh)	Chay Newman - 3 API + 3 lan chay theo du lieu	2026-08-20T08:07:50.7137139Z   ✓  GET /api/coupons: code luu dung 5000 ky tu
Regression: 3 API + 3 lan chay theo du lieu (phai xanh)	Chay Newman - 3 API + 3 lan chay theo du lieu	2026-08-20T08:07:50.7176868Z 
Regression: 3 API + 3 lan chay theo du lieu (phai xanh)	Chay Newman - 3 API + 3 lan chay theo du lieu	2026-08-20T08:07:50.7177460Z ↳ TC-API3-073 - code chi chua khoang trang
Regression: 3 API + 3 lan chay theo du lieu (phai xanh)	Chay Newman - 3 API + 3 lan chay theo du lieu	2026-08-20T08:07:50.7206535Z   ┌
Regression: 3 API + 3 lan chay theo du lieu (phai xanh)	Chay Newman - 3 API + 3 lan chay theo du lieu	2026-08-20T08:07:50.7207325Z   │ '[X-Student-Id] 23127344 -> POST {{baseUrl}}/api/admin
Regression: 3 API + 3 lan chay theo du lieu (phai xanh)	Chay Newman - 3 API + 3 lan chay theo du lieu	2026-08-20T08:07:50.7209067Z   │ /coupons'
Regression: 3 API + 3 lan chay theo du lieu (phai xanh)	Chay Newman - 3 API + 3 lan chay theo du lieu	2026-08-20T08:07:50.7277252Z   └
Regression: 3 API + 3 lan chay theo du lieu (phai xanh)	Chay Newman - 3 API + 3 lan chay theo du lieu	2026-08-20T08:07:50.7322303Z   POST http://localhost:3000/api/admin/coupons [200 OK, 303B, 4ms]
Regression: 3 API + 3 lan chay theo du lieu (phai xanh)	Chay Newman - 3 API + 3 lan chay theo du lieu	2026-08-20T08:07:50.7356184Z   ✓  [moi request] co header X-Student-Id = 23127344
Regression: 3 API + 3 lan chay theo du lieu (phai xanh)	Chay Newman - 3 API + 3 lan chay theo du lieu	2026-08-20T08:07:50.7387796Z   ✓  [API3] thoi gian phan hoi < 2000ms
Regression: 3 API + 3 lan chay theo du lieu (phai xanh)	Chay Newman - 3 API + 3 lan chay theo du lieu	2026-08-20T08:07:50.7429684Z   ✓  Status 200
Regression: 3 API + 3 lan chay theo du lieu (phai xanh)	Chay Newman - 3 API + 3 lan chay theo du lieu	2026-08-20T08:07:50.7432856Z   ✓  Response co dung 2 key: message, id
Regression: 3 API + 3 lan chay theo du lieu (phai xanh)	Chay Newman - 3 API + 3 lan chay theo du lieu	2026-08-20T08:07:50.7435629Z   ✓  Body.message = "Coupon created"
Regression: 3 API + 3 lan chay theo du lieu (phai xanh)	Chay Newman - 3 API + 3 lan chay theo du lieu	2026-08-20T08:07:50.7439814Z   ✓  Ghi nhan id coupon de teardown
Regression: 3 API + 3 lan chay theo du lieu (phai xanh)	Chay Newman - 3 API + 3 lan chay theo du lieu	2026-08-20T08:07:50.7485833Z   GET http://localhost:3000/api/coupons [200 OK, 13.3kB, 2ms]
Regression: 3 API + 3 lan chay theo du lieu (phai xanh)	Chay Newman - 3 API + 3 lan chay theo du lieu	2026-08-20T08:07:50.7578277Z   ✓  GET /api/coupons: coupon vua tao co code = "   "
Regression: 3 API + 3 lan chay theo du lieu (phai xanh)	Chay Newman - 3 API + 3 lan chay theo du lieu	2026-08-20T08:07:50.7616304Z 
Regression: 3 API + 3 lan chay theo du lieu (phai xanh)	Chay Newman - 3 API + 3 lan chay theo du lieu	2026-08-20T08:07:50.7617218Z ↳ TC-API3-074 - code sai kieu (number) -> luu thanh chuoi
Regression: 3 API + 3 lan chay theo du lieu (phai xanh)	Chay Newman - 3 API + 3 lan chay theo du lieu	2026-08-20T08:07:50.7655155Z   ┌
Regression: 3 API + 3 lan chay theo du lieu (phai xanh)	Chay Newman - 3 API + 3 lan chay theo du lieu	2026-08-20T08:07:50.7655958Z   │ '[X-Student-Id] 23127344 -> POST {{baseUrl}}/api/admin
Regression: 3 API + 3 lan chay theo du lieu (phai xanh)	Chay Newman - 3 API + 3 lan chay theo du lieu	2026-08-20T08:07:50.7657433Z   │ /coupons'
Regression: 3 API + 3 lan chay theo du lieu (phai xanh)	Chay Newman - 3 API + 3 lan chay theo du lieu	2026-08-20T08:07:50.7738963Z   └
Regression: 3 API + 3 lan chay theo du lieu (phai xanh)	Chay Newman - 3 API + 3 lan chay theo du lieu	2026-08-20T08:07:50.7777781Z   POST http://localhost:3000/api/admin/coupons [200 OK, 303B, 4ms]
Regression: 3 API + 3 lan chay theo du lieu (phai xanh)	Chay Newman - 3 API + 3 lan chay theo du lieu	2026-08-20T08:07:50.7812254Z   ✓  [moi request] co header X-Student-Id = 23127344
Regression: 3 API + 3 lan chay theo du lieu (phai xanh)	Chay Newman - 3 API + 3 lan chay theo du lieu	2026-08-20T08:07:50.7848524Z   ✓  [API3] thoi gian phan hoi < 2000ms
Regression: 3 API + 3 lan chay theo du lieu (phai xanh)	Chay Newman - 3 API + 3 lan chay theo du lieu	2026-08-20T08:07:50.7924219Z   ✓  Status 200
Regression: 3 API + 3 lan chay theo du lieu (phai xanh)	Chay Newman - 3 API + 3 lan chay theo du lieu	2026-08-20T08:07:50.7925247Z   ✓  Response co dung 2 key: message, id
Regression: 3 API + 3 lan chay theo du lieu (phai xanh)	Chay Newman - 3 API + 3 lan chay theo du lieu	2026-08-20T08:07:50.7926137Z   ✓  Body.message = "Coupon created"
Regression: 3 API + 3 lan chay theo du lieu (phai xanh)	Chay Newman - 3 API + 3 lan chay theo du lieu	2026-08-20T08:07:50.7926961Z   ✓  Ghi nhan id coupon de teardown
Regression: 3 API + 3 lan chay theo du lieu (phai xanh)	Chay Newman - 3 API + 3 lan chay theo du lieu	2026-08-20T08:07:50.8003518Z   GET http://localhost:3000/api/coupons [200 OK, 13.45kB, 4ms]
Regression: 3 API + 3 lan chay theo du lieu (phai xanh)	Chay Newman - 3 API + 3 lan chay theo du lieu	2026-08-20T08:07:50.8093998Z   ✓  GET /api/coupons: coupon vua tao co code = "12345"
Regression: 3 API + 3 lan chay theo du lieu (phai xanh)	Chay Newman - 3 API + 3 lan chay theo du lieu	2026-08-20T08:07:50.8152931Z 
Regression: 3 API + 3 lan chay theo du lieu (phai xanh)	Chay Newman - 3 API + 3 lan chay theo du lieu	2026-08-20T08:07:50.8153663Z ↳ TC-API3-075 - type sai kieu (number) -> luu thanh chuoi "1"
Regression: 3 API + 3 lan chay theo du lieu (phai xanh)	Chay Newman - 3 API + 3 lan chay theo du lieu	2026-08-20T08:07:50.8180700Z   ┌
Regression: 3 API + 3 lan chay theo du lieu (phai xanh)	Chay Newman - 3 API + 3 lan chay theo du lieu	2026-08-20T08:07:50.8181376Z   │ '[X-Student-Id] 23127344 -> POST {{baseUrl}}/api/admin
Regression: 3 API + 3 lan chay theo du lieu (phai xanh)	Chay Newman - 3 API + 3 lan chay theo du lieu	2026-08-20T08:07:50.8181969Z   │ /coupons'
Regression: 3 API + 3 lan chay theo du lieu (phai xanh)	Chay Newman - 3 API + 3 lan chay theo du lieu	2026-08-20T08:07:50.8250996Z   └
Regression: 3 API + 3 lan chay theo du lieu (phai xanh)	Chay Newman - 3 API + 3 lan chay theo du lieu	2026-08-20T08:07:50.8309761Z   POST http://localhost:3000/api/admin/coupons [200 OK, 303B, 3ms]
Regression: 3 API + 3 lan chay theo du lieu (phai xanh)	Chay Newman - 3 API + 3 lan chay theo du lieu	2026-08-20T08:07:50.8333296Z   ✓  [moi request] co header X-Student-Id = 23127344
Regression: 3 API + 3 lan chay theo du lieu (phai xanh)	Chay Newman - 3 API + 3 lan chay theo du lieu	2026-08-20T08:07:50.8380070Z   ✓  [API3] thoi gian phan hoi < 2000ms
Regression: 3 API + 3 lan chay theo du lieu (phai xanh)	Chay Newman - 3 API + 3 lan chay theo du lieu	2026-08-20T08:07:50.8430909Z   ✓  Status 200
Regression: 3 API + 3 lan chay theo du lieu (phai xanh)	Chay Newman - 3 API + 3 lan chay theo du lieu	2026-08-20T08:07:50.8433953Z   ✓  Response co dung 2 key: message, id
Regression: 3 API + 3 lan chay theo du lieu (phai xanh)	Chay Newman - 3 API + 3 lan chay theo du lieu	2026-08-20T08:07:50.8436555Z   ✓  Body.message = "Coupon created"
Regression: 3 API + 3 lan chay theo du lieu (phai xanh)	Chay Newman - 3 API + 3 lan chay theo du lieu	2026-08-20T08:07:50.8440428Z   ✓  Ghi nhan id coupon de teardown
Regression: 3 API + 3 lan chay theo du lieu (phai xanh)	Chay Newman - 3 API + 3 lan chay theo du lieu	2026-08-20T08:07:50.8479342Z   GET http://localhost:3000/api/coupons [200 OK, 13.59kB, 2ms]
Regression: 3 API + 3 lan chay theo du lieu (phai xanh)	Chay Newman - 3 API + 3 lan chay theo du lieu	2026-08-20T08:07:50.8575005Z   ✓  GET /api/coupons: coupon vua tao co type = "1"
Regression: 3 API + 3 lan chay theo du lieu (phai xanh)	Chay Newman - 3 API + 3 lan chay theo du lieu	2026-08-20T08:07:50.8614016Z 
Regression: 3 API + 3 lan chay theo du lieu (phai xanh)	Chay Newman - 3 API + 3 lan chay theo du lieu	2026-08-20T08:07:50.8614644Z ↳ TC-API3-076 - discount_value la so thap phan -> luu nguyen 10.5
Regression: 3 API + 3 lan chay theo du lieu (phai xanh)	Chay Newman - 3 API + 3 lan chay theo du lieu	2026-08-20T08:07:50.8642486Z   ┌
Regression: 3 API + 3 lan chay theo du lieu (phai xanh)	Chay Newman - 3 API + 3 lan chay theo du lieu	2026-08-20T08:07:50.8643173Z   │ '[X-Student-Id] 23127344 -> POST {{baseUrl}}/api/admin
Regression: 3 API + 3 lan chay theo du lieu (phai xanh)	Chay Newman - 3 API + 3 lan chay theo du lieu	2026-08-20T08:07:50.8643919Z   │ /coupons'
Regression: 3 API + 3 lan chay theo du lieu (phai xanh)	Chay Newman - 3 API + 3 lan chay theo du lieu	2026-08-20T08:07:50.8707934Z   └
Regression: 3 API + 3 lan chay theo du lieu (phai xanh)	Chay Newman - 3 API + 3 lan chay theo du lieu	2026-08-20T08:07:50.8751732Z   POST http://localhost:3000/api/admin/coupons [200 OK, 303B, 4ms]
Regression: 3 API + 3 lan chay theo du lieu (phai xanh)	Chay Newman - 3 API + 3 lan chay theo du lieu	2026-08-20T08:07:50.8786532Z   ✓  [moi request] co header X-Student-Id = 23127344
Regression: 3 API + 3 lan chay theo du lieu (phai xanh)	Chay Newman - 3 API + 3 lan chay theo du lieu	2026-08-20T08:07:50.8820973Z   ✓  [API3] thoi gian phan hoi < 2000ms
Regression: 3 API + 3 lan chay theo du lieu (phai xanh)	Chay Newman - 3 API + 3 lan chay theo du lieu	2026-08-20T08:07:50.8856827Z   ✓  Status 200
Regression: 3 API + 3 lan chay theo du lieu (phai xanh)	Chay Newman - 3 API + 3 lan chay theo du lieu	2026-08-20T08:07:50.8860921Z   ✓  Response co dung 2 key: message, id
Regression: 3 API + 3 lan chay theo du lieu (phai xanh)	Chay Newman - 3 API + 3 lan chay theo du lieu	2026-08-20T08:07:50.8863774Z   ✓  Body.message = "Coupon created"
Regression: 3 API + 3 lan chay theo du lieu (phai xanh)	Chay Newman - 3 API + 3 lan chay theo du lieu	2026-08-20T08:07:50.8867209Z   ✓  Ghi nhan id coupon de teardown
Regression: 3 API + 3 lan chay theo du lieu (phai xanh)	Chay Newman - 3 API + 3 lan chay theo du lieu	2026-08-20T08:07:50.8916514Z   GET http://localhost:3000/api/coupons [200 OK, 13.74kB, 3ms]
Regression: 3 API + 3 lan chay theo du lieu (phai xanh)	Chay Newman - 3 API + 3 lan chay theo du lieu	2026-08-20T08:07:50.9014044Z   ✓  GET /api/coupons: coupon vua tao co discount_value = 10.5
Regression: 3 API + 3 lan chay theo du lieu (phai xanh)	Chay Newman - 3 API + 3 lan chay theo du lieu	2026-08-20T08:07:50.9041923Z 
Regression: 3 API + 3 lan chay theo du lieu (phai xanh)	Chay Newman - 3 API + 3 lan chay theo du lieu	2026-08-20T08:07:50.9043256Z ↳ TC-API3-077 - min_order_amount sai kieu (boolean true) -> luu 1
Regression: 3 API + 3 lan chay theo du lieu (phai xanh)	Chay Newman - 3 API + 3 lan chay theo du lieu	2026-08-20T08:07:50.9070193Z   ┌
Regression: 3 API + 3 lan chay theo du lieu (phai xanh)	Chay Newman - 3 API + 3 lan chay theo du lieu	2026-08-20T08:07:50.9070885Z   │ '[X-Student-Id] 23127344 -> POST {{baseUrl}}/api/admin
Regression: 3 API + 3 lan chay theo du lieu (phai xanh)	Chay Newman - 3 API + 3 lan chay theo du lieu	2026-08-20T08:07:50.9071497Z   │ /coupons'
Regression: 3 API + 3 lan chay theo du lieu (phai xanh)	Chay Newman - 3 API + 3 lan chay theo du lieu	2026-08-20T08:07:50.9135611Z   └
Regression: 3 API + 3 lan chay theo du lieu (phai xanh)	Chay Newman - 3 API + 3 lan chay theo du lieu	2026-08-20T08:07:50.9177074Z   POST http://localhost:3000/api/admin/coupons [200 OK, 303B, 4ms]
Regression: 3 API + 3 lan chay theo du lieu (phai xanh)	Chay Newman - 3 API + 3 lan chay theo du lieu	2026-08-20T08:07:50.9218900Z   ✓  [moi request] co header X-Student-Id = 23127344
Regression: 3 API + 3 lan chay theo du lieu (phai xanh)	Chay Newman - 3 API + 3 lan chay theo du lieu	2026-08-20T08:07:50.9263770Z   ✓  [API3] thoi gian phan hoi < 2000ms
Regression: 3 API + 3 lan chay theo du lieu (phai xanh)	Chay Newman - 3 API + 3 lan chay theo du lieu	2026-08-20T08:07:50.9316650Z   ✓  Status 200
Regression: 3 API + 3 lan chay theo du lieu (phai xanh)	Chay Newman - 3 API + 3 lan chay theo du lieu	2026-08-20T08:07:50.9320861Z   ✓  Response co dung 2 key: message, id
Regression: 3 API + 3 lan chay theo du lieu (phai xanh)	Chay Newman - 3 API + 3 lan chay theo du lieu	2026-08-20T08:07:50.9323473Z   ✓  Body.message = "Coupon created"
Regression: 3 API + 3 lan chay theo du lieu (phai xanh)	Chay Newman - 3 API + 3 lan chay theo du lieu	2026-08-20T08:07:50.9326866Z   ✓  Ghi nhan id coupon de teardown
Regression: 3 API + 3 lan chay theo du lieu (phai xanh)	Chay Newman - 3 API + 3 lan chay theo du lieu	2026-08-20T08:07:50.9370070Z   GET http://localhost:3000/api/coupons [200 OK, 13.89kB, 2ms]
Regression: 3 API + 3 lan chay theo du lieu (phai xanh)	Chay Newman - 3 API + 3 lan chay theo du lieu	2026-08-20T08:07:50.9533040Z   ✓  GET /api/coupons: coupon vua tao co min_order_amount = 1
Regression: 3 API + 3 lan chay theo du lieu (phai xanh)	Chay Newman - 3 API + 3 lan chay theo du lieu	2026-08-20T08:07:50.9572832Z 
Regression: 3 API + 3 lan chay theo du lieu (phai xanh)	Chay Newman - 3 API + 3 lan chay theo du lieu	2026-08-20T08:07:50.9573812Z ↳ TC-API3-078 - expired_at co kem phan gio
Regression: 3 API + 3 lan chay theo du lieu (phai xanh)	Chay Newman - 3 API + 3 lan chay theo du lieu	2026-08-20T08:07:50.9602647Z   ┌
Regression: 3 API + 3 lan chay theo du lieu (phai xanh)	Chay Newman - 3 API + 3 lan chay theo du lieu	2026-08-20T08:07:50.9603524Z   │ '[X-Student-Id] 23127344 -> POST {{baseUrl}}/api/admin
Regression: 3 API + 3 lan chay theo du lieu (phai xanh)	Chay Newman - 3 API + 3 lan chay theo du lieu	2026-08-20T08:07:50.9604190Z   │ /coupons'
Regression: 3 API + 3 lan chay theo du lieu (phai xanh)	Chay Newman - 3 API + 3 lan chay theo du lieu	2026-08-20T08:07:50.9669956Z   └
Regression: 3 API + 3 lan chay theo du lieu (phai xanh)	Chay Newman - 3 API + 3 lan chay theo du lieu	2026-08-20T08:07:50.9711206Z   POST http://localhost:3000/api/admin/coupons [200 OK, 303B, 4ms]
Regression: 3 API + 3 lan chay theo du lieu (phai xanh)	Chay Newman - 3 API + 3 lan chay theo du lieu	2026-08-20T08:07:50.9750646Z   ✓  [moi request] co header X-Student-Id = 23127344
Regression: 3 API + 3 lan chay theo du lieu (phai xanh)	Chay Newman - 3 API + 3 lan chay theo du lieu	2026-08-20T08:07:50.9788272Z   ✓  [API3] thoi gian phan hoi < 2000ms
Regression: 3 API + 3 lan chay theo du lieu (phai xanh)	Chay Newman - 3 API + 3 lan chay theo du lieu	2026-08-20T08:07:50.9825880Z   ✓  Status 200
Regression: 3 API + 3 lan chay theo du lieu (phai xanh)	Chay Newman - 3 API + 3 lan chay theo du lieu	2026-08-20T08:07:50.9829542Z   ✓  Response co dung 2 key: message, id
Regression: 3 API + 3 lan chay theo du lieu (phai xanh)	Chay Newman - 3 API + 3 lan chay theo du lieu	2026-08-20T08:07:50.9832889Z   ✓  Body.message = "Coupon created"
Regression: 3 API + 3 lan chay theo du lieu (phai xanh)	Chay Newman - 3 API + 3 lan chay theo du lieu	2026-08-20T08:07:50.9836415Z   ✓  Ghi nhan id coupon de teardown
Regression: 3 API + 3 lan chay theo du lieu (phai xanh)	Chay Newman - 3 API + 3 lan chay theo du lieu	2026-08-20T08:07:50.9890086Z   GET http://localhost:3000/api/coupons [200 OK, 14.05kB, 3ms]
Regression: 3 API + 3 lan chay theo du lieu (phai xanh)	Chay Newman - 3 API + 3 lan chay theo du lieu	2026-08-20T08:07:50.9993003Z   ✓  GET /api/coupons: coupon vua tao co expired_at = "2099-12-31T23:59:59Z"
Regression: 3 API + 3 lan chay theo du lieu (phai xanh)	Chay Newman - 3 API + 3 lan chay theo du lieu	2026-08-20T08:07:51.0032688Z 
Regression: 3 API + 3 lan chay theo du lieu (phai xanh)	Chay Newman - 3 API + 3 lan chay theo du lieu	2026-08-20T08:07:51.0033803Z ↳ TC-API3-079 - expired_at sai kieu (timestamp so) -> luu nguyen so
Regression: 3 API + 3 lan chay theo du lieu (phai xanh)	Chay Newman - 3 API + 3 lan chay theo du lieu	2026-08-20T08:07:51.0061749Z   ┌
Regression: 3 API + 3 lan chay theo du lieu (phai xanh)	Chay Newman - 3 API + 3 lan chay theo du lieu	2026-08-20T08:07:51.0062287Z   │ '[X-Student-Id] 23127344 -> POST {{baseUrl}}/api/admin
Regression: 3 API + 3 lan chay theo du lieu (phai xanh)	Chay Newman - 3 API + 3 lan chay theo du lieu	2026-08-20T08:07:51.0062663Z   │ /coupons'
Regression: 3 API + 3 lan chay theo du lieu (phai xanh)	Chay Newman - 3 API + 3 lan chay theo du lieu	2026-08-20T08:07:51.0127344Z   └
Regression: 3 API + 3 lan chay theo du lieu (phai xanh)	Chay Newman - 3 API + 3 lan chay theo du lieu	2026-08-20T08:07:51.0199876Z   POST http://localhost:3000/api/admin/coupons [200 OK, 303B, 5ms]
Regression: 3 API + 3 lan chay theo du lieu (phai xanh)	Chay Newman - 3 API + 3 lan chay theo du lieu	2026-08-20T08:07:51.0216461Z   ✓  [moi request] co header X-Student-Id = 23127344
Regression: 3 API + 3 lan chay theo du lieu (phai xanh)	Chay Newman - 3 API + 3 lan chay theo du lieu	2026-08-20T08:07:51.0263025Z   ✓  [API3] thoi gian phan hoi < 2000ms
Regression: 3 API + 3 lan chay theo du lieu (phai xanh)	Chay Newman - 3 API + 3 lan chay theo du lieu	2026-08-20T08:07:51.0312806Z   ✓  Status 200
Regression: 3 API + 3 lan chay theo du lieu (phai xanh)	Chay Newman - 3 API + 3 lan chay theo du lieu	2026-08-20T08:07:51.0316196Z   ✓  Response co dung 2 key: message, id
Regression: 3 API + 3 lan chay theo du lieu (phai xanh)	Chay Newman - 3 API + 3 lan chay theo du lieu	2026-08-20T08:07:51.0319012Z   ✓  Body.message = "Coupon created"
Regression: 3 API + 3 lan chay theo du lieu (phai xanh)	Chay Newman - 3 API + 3 lan chay theo du lieu	2026-08-20T08:07:51.0322517Z   ✓  Ghi nhan id coupon de teardown
Regression: 3 API + 3 lan chay theo du lieu (phai xanh)	Chay Newman - 3 API + 3 lan chay theo du lieu	2026-08-20T08:07:51.0355718Z   GET http://localhost:3000/api/coupons [200 OK, 14.2kB, 2ms]
Regression: 3 API + 3 lan chay theo du lieu (phai xanh)	Chay Newman - 3 API + 3 lan chay theo du lieu	2026-08-20T08:07:51.0452793Z   ✓  GET /api/coupons: coupon vua tao co expired_at = 1735689600
Regression: 3 API + 3 lan chay theo du lieu (phai xanh)	Chay Newman - 3 API + 3 lan chay theo du lieu	2026-08-20T08:07:51.0489720Z 
Regression: 3 API + 3 lan chay theo du lieu (phai xanh)	Chay Newman - 3 API + 3 lan chay theo du lieu	2026-08-20T08:07:51.0490306Z ↳ TC-API3-080 - max_uses_per_user la so thap phan -> luu nguyen 1.5
Regression: 3 API + 3 lan chay theo du lieu (phai xanh)	Chay Newman - 3 API + 3 lan chay theo du lieu	2026-08-20T08:07:51.0517771Z   ┌
Regression: 3 API + 3 lan chay theo du lieu (phai xanh)	Chay Newman - 3 API + 3 lan chay theo du lieu	2026-08-20T08:07:51.0518232Z   │ '[X-Student-Id] 23127344 -> POST {{baseUrl}}/api/admin
Regression: 3 API + 3 lan chay theo du lieu (phai xanh)	Chay Newman - 3 API + 3 lan chay theo du lieu	2026-08-20T08:07:51.0518911Z   │ /coupons'
Regression: 3 API + 3 lan chay theo du lieu (phai xanh)	Chay Newman - 3 API + 3 lan chay theo du lieu	2026-08-20T08:07:51.0583054Z   └
Regression: 3 API + 3 lan chay theo du lieu (phai xanh)	Chay Newman - 3 API + 3 lan chay theo du lieu	2026-08-20T08:07:51.0620939Z   POST http://localhost:3000/api/admin/coupons [200 OK, 303B, 3ms]
Regression: 3 API + 3 lan chay theo du lieu (phai xanh)	Chay Newman - 3 API + 3 lan chay theo du lieu	2026-08-20T08:07:51.0654221Z   ✓  [moi request] co header X-Student-Id = 23127344
Regression: 3 API + 3 lan chay theo du lieu (phai xanh)	Chay Newman - 3 API + 3 lan chay theo du lieu	2026-08-20T08:07:51.0703236Z   ✓  [API3] thoi gian phan hoi < 2000ms
Regression: 3 API + 3 lan chay theo du lieu (phai xanh)	Chay Newman - 3 API + 3 lan chay theo du lieu	2026-08-20T08:07:51.0752997Z   ✓  Status 200
Regression: 3 API + 3 lan chay theo du lieu (phai xanh)	Chay Newman - 3 API + 3 lan chay theo du lieu	2026-08-20T08:07:51.0756584Z   ✓  Response co dung 2 key: message, id
Regression: 3 API + 3 lan chay theo du lieu (phai xanh)	Chay Newman - 3 API + 3 lan chay theo du lieu	2026-08-20T08:07:51.0759725Z   ✓  Body.message = "Coupon created"
Regression: 3 API + 3 lan chay theo du lieu (phai xanh)	Chay Newman - 3 API + 3 lan chay theo du lieu	2026-08-20T08:07:51.0762958Z   ✓  Ghi nhan id coupon de teardown
Regression: 3 API + 3 lan chay theo du lieu (phai xanh)	Chay Newman - 3 API + 3 lan chay theo du lieu	2026-08-20T08:07:51.0811519Z   GET http://localhost:3000/api/coupons [200 OK, 14.35kB, 2ms]
Regression: 3 API + 3 lan chay theo du lieu (phai xanh)	Chay Newman - 3 API + 3 lan chay theo du lieu	2026-08-20T08:07:51.0965604Z   ✓  GET /api/coupons: coupon vua tao co max_uses_per_user = 1.5
Regression: 3 API + 3 lan chay theo du lieu (phai xanh)	Chay Newman - 3 API + 3 lan chay theo du lieu	2026-08-20T08:07:51.1012215Z 
Regression: 3 API + 3 lan chay theo du lieu (phai xanh)	Chay Newman - 3 API + 3 lan chay theo du lieu	2026-08-20T08:07:51.1012904Z ↳ TC-API3-081a - max_uses_per_user = false -> ep thanh 1 (qua || 1)
Regression: 3 API + 3 lan chay theo du lieu (phai xanh)	Chay Newman - 3 API + 3 lan chay theo du lieu	2026-08-20T08:07:51.1049249Z   ┌
Regression: 3 API + 3 lan chay theo du lieu (phai xanh)	Chay Newman - 3 API + 3 lan chay theo du lieu	2026-08-20T08:07:51.1049978Z   │ '[X-Student-Id] 23127344 -> POST {{baseUrl}}/api/admin
Regression: 3 API + 3 lan chay theo du lieu (phai xanh)	Chay Newman - 3 API + 3 lan chay theo du lieu	2026-08-20T08:07:51.1050762Z   │ /coupons'
Regression: 3 API + 3 lan chay theo du lieu (phai xanh)	Chay Newman - 3 API + 3 lan chay theo du lieu	2026-08-20T08:07:51.1131532Z   └
Regression: 3 API + 3 lan chay theo du lieu (phai xanh)	Chay Newman - 3 API + 3 lan chay theo du lieu	2026-08-20T08:07:51.1175159Z   POST http://localhost:3000/api/admin/coupons [200 OK, 303B, 4ms]
Regression: 3 API + 3 lan chay theo du lieu (phai xanh)	Chay Newman - 3 API + 3 lan chay theo du lieu	2026-08-20T08:07:51.1222357Z   ✓  [moi request] co header X-Student-Id = 23127344
Regression: 3 API + 3 lan chay theo du lieu (phai xanh)	Chay Newman - 3 API + 3 lan chay theo du lieu	2026-08-20T08:07:51.1271426Z   ✓  [API3] thoi gian phan hoi < 2000ms
Regression: 3 API + 3 lan chay theo du lieu (phai xanh)	Chay Newman - 3 API + 3 lan chay theo du lieu	2026-08-20T08:07:51.1321536Z   ✓  Status 200
Regression: 3 API + 3 lan chay theo du lieu (phai xanh)	Chay Newman - 3 API + 3 lan chay theo du lieu	2026-08-20T08:07:51.1324270Z   ✓  Response co dung 2 key: message, id
Regression: 3 API + 3 lan chay theo du lieu (phai xanh)	Chay Newman - 3 API + 3 lan chay theo du lieu	2026-08-20T08:07:51.1326395Z   ✓  Body.message = "Coupon created"
Regression: 3 API + 3 lan chay theo du lieu (phai xanh)	Chay Newman - 3 API + 3 lan chay theo du lieu	2026-08-20T08:07:51.1329311Z   ✓  Ghi nhan id coupon de teardown
Regression: 3 API + 3 lan chay theo du lieu (phai xanh)	Chay Newman - 3 API + 3 lan chay theo du lieu	2026-08-20T08:07:51.1378273Z   GET http://localhost:3000/api/coupons [200 OK, 14.5kB, 3ms]
Regression: 3 API + 3 lan chay theo du lieu (phai xanh)	Chay Newman - 3 API + 3 lan chay theo du lieu	2026-08-20T08:07:51.1481223Z   ✓  GET /api/coupons: coupon vua tao co max_uses_per_user = 1
Regression: 3 API + 3 lan chay theo du lieu (phai xanh)	Chay Newman - 3 API + 3 lan chay theo du lieu	2026-08-20T08:07:51.1523885Z 
Regression: 3 API + 3 lan chay theo du lieu (phai xanh)	Chay Newman - 3 API + 3 lan chay theo du lieu	2026-08-20T08:07:51.1525000Z ↳ TC-API3-081b - max_uses_per_user = true -> cung luu 1 nhung KHAC co che
Regression: 3 API + 3 lan chay theo du lieu (phai xanh)	Chay Newman - 3 API + 3 lan chay theo du lieu	2026-08-20T08:07:51.1552802Z   ┌
Regression: 3 API + 3 lan chay theo du lieu (phai xanh)	Chay Newman - 3 API + 3 lan chay theo du lieu	2026-08-20T08:07:51.1553495Z   │ '[X-Student-Id] 23127344 -> POST {{baseUrl}}/api/admin
Regression: 3 API + 3 lan chay theo du lieu (phai xanh)	Chay Newman - 3 API + 3 lan chay theo du lieu	2026-08-20T08:07:51.1554175Z   │ /coupons'
Regression: 3 API + 3 lan chay theo du lieu (phai xanh)	Chay Newman - 3 API + 3 lan chay theo du lieu	2026-08-20T08:07:51.1615666Z   └
Regression: 3 API + 3 lan chay theo du lieu (phai xanh)	Chay Newman - 3 API + 3 lan chay theo du lieu	2026-08-20T08:07:51.1667476Z   POST http://localhost:3000/api/admin/coupons [200 OK, 303B, 5ms]
Regression: 3 API + 3 lan chay theo du lieu (phai xanh)	Chay Newman - 3 API + 3 lan chay theo du lieu	2026-08-20T08:07:51.1702387Z   ✓  [moi request] co header X-Student-Id = 23127344
Regression: 3 API + 3 lan chay theo du lieu (phai xanh)	Chay Newman - 3 API + 3 lan chay theo du lieu	2026-08-20T08:07:51.1756059Z   ✓  [API3] thoi gian phan hoi < 2000ms
Regression: 3 API + 3 lan chay theo du lieu (phai xanh)	Chay Newman - 3 API + 3 lan chay theo du lieu	2026-08-20T08:07:51.1806807Z   ✓  Status 200
Regression: 3 API + 3 lan chay theo du lieu (phai xanh)	Chay Newman - 3 API + 3 lan chay theo du lieu	2026-08-20T08:07:51.1809981Z   ✓  Response co dung 2 key: message, id
Regression: 3 API + 3 lan chay theo du lieu (phai xanh)	Chay Newman - 3 API + 3 lan chay theo du lieu	2026-08-20T08:07:51.1812191Z   ✓  Body.message = "Coupon created"
Regression: 3 API + 3 lan chay theo du lieu (phai xanh)	Chay Newman - 3 API + 3 lan chay theo du lieu	2026-08-20T08:07:51.1814861Z   ✓  Ghi nhan id coupon de teardown
Regression: 3 API + 3 lan chay theo du lieu (phai xanh)	Chay Newman - 3 API + 3 lan chay theo du lieu	2026-08-20T08:07:51.1861510Z   GET http://localhost:3000/api/coupons [200 OK, 14.65kB, 2ms]
Regression: 3 API + 3 lan chay theo du lieu (phai xanh)	Chay Newman - 3 API + 3 lan chay theo du lieu	2026-08-20T08:07:51.2034076Z   ✓  GET /api/coupons: coupon vua tao co max_uses_per_user = 1
Regression: 3 API + 3 lan chay theo du lieu (phai xanh)	Chay Newman - 3 API + 3 lan chay theo du lieu	2026-08-20T08:07:51.2085132Z 
Regression: 3 API + 3 lan chay theo du lieu (phai xanh)	Chay Newman - 3 API + 3 lan chay theo du lieu	2026-08-20T08:07:51.2085954Z ↳ TC-API3-082 - max_uses_per_user cuc lon
Regression: 3 API + 3 lan chay theo du lieu (phai xanh)	Chay Newman - 3 API + 3 lan chay theo du lieu	2026-08-20T08:07:51.2122485Z   ┌
Regression: 3 API + 3 lan chay theo du lieu (phai xanh)	Chay Newman - 3 API + 3 lan chay theo du lieu	2026-08-20T08:07:51.2123184Z   │ '[X-Student-Id] 23127344 -> POST {{baseUrl}}/api/admin
Regression: 3 API + 3 lan chay theo du lieu (phai xanh)	Chay Newman - 3 API + 3 lan chay theo du lieu	2026-08-20T08:07:51.2123758Z   │ /coupons'
Regression: 3 API + 3 lan chay theo du lieu (phai xanh)	Chay Newman - 3 API + 3 lan chay theo du lieu	2026-08-20T08:07:51.2215687Z   └
Regression: 3 API + 3 lan chay theo du lieu (phai xanh)	Chay Newman - 3 API + 3 lan chay theo du lieu	2026-08-20T08:07:51.2254512Z   POST http://localhost:3000/api/admin/coupons [200 OK, 303B, 5ms]
Regression: 3 API + 3 lan chay theo du lieu (phai xanh)	Chay Newman - 3 API + 3 lan chay theo du lieu	2026-08-20T08:07:51.2301856Z   ✓  [moi request] co header X-Student-Id = 23127344
Regression: 3 API + 3 lan chay theo du lieu (phai xanh)	Chay Newman - 3 API + 3 lan chay theo du lieu	2026-08-20T08:07:51.2346894Z   ✓  [API3] thoi gian phan hoi < 2000ms
Regression: 3 API + 3 lan chay theo du lieu (phai xanh)	Chay Newman - 3 API + 3 lan chay theo du lieu	2026-08-20T08:07:51.2398377Z   ✓  Status 200
Regression: 3 API + 3 lan chay theo du lieu (phai xanh)	Chay Newman - 3 API + 3 lan chay theo du lieu	2026-08-20T08:07:51.2402425Z   ✓  Response co dung 2 key: message, id
Regression: 3 API + 3 lan chay theo du lieu (phai xanh)	Chay Newman - 3 API + 3 lan chay theo du lieu	2026-08-20T08:07:51.2409736Z   ✓  Body.message = "Coupon created"
Regression: 3 API + 3 lan chay theo du lieu (phai xanh)	Chay Newman - 3 API + 3 lan chay theo du lieu	2026-08-20T08:07:51.2410862Z   ✓  Ghi nhan id coupon de teardown
Regression: 3 API + 3 lan chay theo du lieu (phai xanh)	Chay Newman - 3 API + 3 lan chay theo du lieu	2026-08-20T08:07:51.2466029Z   GET http://localhost:3000/api/coupons [200 OK, 14.81kB, 3ms]
Regression: 3 API + 3 lan chay theo du lieu (phai xanh)	Chay Newman - 3 API + 3 lan chay theo du lieu	2026-08-20T08:07:51.2649032Z   ✓  GET /api/coupons: coupon vua tao co max_uses_per_user = 999999999
Regression: 3 API + 3 lan chay theo du lieu (phai xanh)	Chay Newman - 3 API + 3 lan chay theo du lieu	2026-08-20T08:07:51.2699753Z 
Regression: 3 API + 3 lan chay theo du lieu (phai xanh)	Chay Newman - 3 API + 3 lan chay theo du lieu	2026-08-20T08:07:51.2700881Z ↳ A3-E01 - [TU BO SUNG] So 0 van lot vao DB qua nga chuoi, vo hieu hoa chinh co che || 1
Regression: 3 API + 3 lan chay theo du lieu (phai xanh)	Chay Newman - 3 API + 3 lan chay theo du lieu	2026-08-20T08:07:51.2736609Z   ┌
Regression: 3 API + 3 lan chay theo du lieu (phai xanh)	Chay Newman - 3 API + 3 lan chay theo du lieu	2026-08-20T08:07:51.2737780Z   │ '[X-Student-Id] 23127344 -> POST {{baseUrl}}/api/admin
Regression: 3 API + 3 lan chay theo du lieu (phai xanh)	Chay Newman - 3 API + 3 lan chay theo du lieu	2026-08-20T08:07:51.2738411Z   │ /coupons'
Regression: 3 API + 3 lan chay theo du lieu (phai xanh)	Chay Newman - 3 API + 3 lan chay theo du lieu	2026-08-20T08:07:51.2839814Z   └
Regression: 3 API + 3 lan chay theo du lieu (phai xanh)	Chay Newman - 3 API + 3 lan chay theo du lieu	2026-08-20T08:07:51.2949640Z   POST http://localhost:3000/api/admin/coupons [200 OK, 303B, 9ms]
Regression: 3 API + 3 lan chay theo du lieu (phai xanh)	Chay Newman - 3 API + 3 lan chay theo du lieu	2026-08-20T08:07:51.3009829Z   ✓  [moi request] co header X-Student-Id = 23127344
Regression: 3 API + 3 lan chay theo du lieu (phai xanh)	Chay Newman - 3 API + 3 lan chay theo du lieu	2026-08-20T08:07:51.3105883Z   ✓  [API3] thoi gian phan hoi < 2000ms
Regression: 3 API + 3 lan chay theo du lieu (phai xanh)	Chay Newman - 3 API + 3 lan chay theo du lieu	2026-08-20T08:07:51.3209614Z   ✓  Status 200
Regression: 3 API + 3 lan chay theo du lieu (phai xanh)	Chay Newman - 3 API + 3 lan chay theo du lieu	2026-08-20T08:07:51.3212788Z   ✓  Response co dung 2 key: message, id
Regression: 3 API + 3 lan chay theo du lieu (phai xanh)	Chay Newman - 3 API + 3 lan chay theo du lieu	2026-08-20T08:07:51.3215384Z   ✓  Body.message = "Coupon created"
Regression: 3 API + 3 lan chay theo du lieu (phai xanh)	Chay Newman - 3 API + 3 lan chay theo du lieu	2026-08-20T08:07:51.3218701Z   ✓  Ghi nhan id coupon de teardown
Regression: 3 API + 3 lan chay theo du lieu (phai xanh)	Chay Newman - 3 API + 3 lan chay theo du lieu	2026-08-20T08:07:51.3284950Z   GET http://localhost:3000/api/coupons   POST http://localhost:3000/api/admin/coupons [200 OK, 14.96kB, 4ms]
Regression: 3 API + 3 lan chay theo du lieu (phai xanh)	Chay Newman - 3 API + 3 lan chay theo du lieu	2026-08-20T08:07:51.3489434Z   ✓  GET /api/coupons: coupon vua tao co max_uses_per_user = 0
Regression: 3 API + 3 lan chay theo du lieu (phai xanh)	Chay Newman - 3 API + 3 lan chay theo du lieu	2026-08-20T08:07:51.3498832Z [200 OK, 303B, 24ms]
Regression: 3 API + 3 lan chay theo du lieu (phai xanh)	Chay Newman - 3 API + 3 lan chay theo du lieu	2026-08-20T08:07:51.3557016Z   GET http://localhost:3000/api/coupons [200 OK, 15.11kB, 3ms]
Regression: 3 API + 3 lan chay theo du lieu (phai xanh)	Chay Newman - 3 API + 3 lan chay theo du lieu	2026-08-20T08:07:51.3666262Z   ✓  Doi chieu: gui so 0 thi thanh 1, gui chuoi "0" thi thanh 0
Regression: 3 API + 3 lan chay theo du lieu (phai xanh)	Chay Newman - 3 API + 3 lan chay theo du lieu	2026-08-20T08:07:51.3708371Z 
Regression: 3 API + 3 lan chay theo du lieu (phai xanh)	Chay Newman - 3 API + 3 lan chay theo du lieu	2026-08-20T08:07:51.3709546Z ↳ A3-E02 - [TU BO SUNG] Coupon max_uses_per_user = 0 khien FR-09 chan vinh vien
Regression: 3 API + 3 lan chay theo du lieu (phai xanh)	Chay Newman - 3 API + 3 lan chay theo du lieu	2026-08-20T08:07:51.3729586Z   ┌
Regression: 3 API + 3 lan chay theo du lieu (phai xanh)	Chay Newman - 3 API + 3 lan chay theo du lieu	2026-08-20T08:07:51.3730841Z   │ '[X-Student-Id] 23127344 -> POST {{baseUrl}}/api/apply
Regression: 3 API + 3 lan chay theo du lieu (phai xanh)	Chay Newman - 3 API + 3 lan chay theo du lieu	2026-08-20T08:07:51.3732232Z   │ -coupon'
Regression: 3 API + 3 lan chay theo du lieu (phai xanh)	Chay Newman - 3 API + 3 lan chay theo du lieu	2026-08-20T08:07:51.3791261Z   └
Regression: 3 API + 3 lan chay theo du lieu (phai xanh)	Chay Newman - 3 API + 3 lan chay theo du lieu	2026-08-20T08:07:51.3835707Z   POST http://localhost:3000/api/admin/coupons [200 OK, 303B, 4ms]
Regression: 3 API + 3 lan chay theo du lieu (phai xanh)	Chay Newman - 3 API + 3 lan chay theo du lieu	2026-08-20T08:07:51.3844007Z   ┌
Regression: 3 API + 3 lan chay theo du lieu (phai xanh)	Chay Newman - 3 API + 3 lan chay theo du lieu	2026-08-20T08:07:51.3844628Z   │ '[SETUP] tao coupon id=72 code=A3E02ZERO'
Regression: 3 API + 3 lan chay theo du lieu (phai xanh)	Chay Newman - 3 API + 3 lan chay theo du lieu	2026-08-20T08:07:51.3884109Z   └
Regression: 3 API + 3 lan chay theo du lieu (phai xanh)	Chay Newman - 3 API + 3 lan chay theo du lieu	2026-08-20T08:07:51.3921015Z   POST http://localhost:3000/api/apply-coupon [400 Bad Request, 354B, 3ms]
Regression: 3 API + 3 lan chay theo du lieu (phai xanh)	Chay Newman - 3 API + 3 lan chay theo du lieu	2026-08-20T08:07:51.3957152Z   ✓  [moi request] co header X-Student-Id = 23127344
Regression: 3 API + 3 lan chay theo du lieu (phai xanh)	Chay Newman - 3 API + 3 lan chay theo du lieu	2026-08-20T08:07:51.3991660Z   ✓  [API3] thoi gian phan hoi < 2000ms
Regression: 3 API + 3 lan chay theo du lieu (phai xanh)	Chay Newman - 3 API + 3 lan chay theo du lieu	2026-08-20T08:07:51.4027992Z   ✓  Status 400
Regression: 3 API + 3 lan chay theo du lieu (phai xanh)	Chay Newman - 3 API + 3 lan chay theo du lieu	2026-08-20T08:07:51.4034093Z   ✓  Bi tu choi ngay lan dung DAU TIEN (usage_count 0 >= max 0)
Regression: 3 API + 3 lan chay theo du lieu (phai xanh)	Chay Newman - 3 API + 3 lan chay theo du lieu	2026-08-20T08:07:51.4036627Z   ┌
Regression: 3 API + 3 lan chay theo du lieu (phai xanh)	Chay Newman - 3 API + 3 lan chay theo du lieu	2026-08-20T08:07:51.4037334Z   │ '[BUG] coupon A3E02ZERO co max_uses_per_user = 0 -> vi
Regression: 3 API + 3 lan chay theo du lieu (phai xanh)	Chay Newman - 3 API + 3 lan chay theo du lieu	2026-08-20T08:07:51.4038181Z   │ nh vien khong dung duoc: {"error":"Bạn đã sử dụng mã n
Regression: 3 API + 3 lan chay theo du lieu (phai xanh)	Chay Newman - 3 API + 3 lan chay theo du lieu	2026-08-20T08:07:51.4039167Z   │ ày 0 lần (đã đạt giới hạn)"}'
Regression: 3 API + 3 lan chay theo du lieu (phai xanh)	Chay Newman - 3 API + 3 lan chay theo du lieu	2026-08-20T08:07:51.4039596Z   └
Regression: 3 API + 3 lan chay theo du lieu (phai xanh)	Chay Newman - 3 API + 3 lan chay theo du lieu	2026-08-20T08:07:51.4040107Z   ✓  Ghi nhan: coupon vua tao khong bao gio dung duoc
Regression: 3 API + 3 lan chay theo du lieu (phai xanh)	Chay Newman - 3 API + 3 lan chay theo du lieu	2026-08-20T08:07:51.4088180Z 
Regression: 3 API + 3 lan chay theo du lieu (phai xanh)	Chay Newman - 3 API + 3 lan chay theo du lieu	2026-08-20T08:07:51.4089423Z ↳ A3-E03 - [TU BO SUNG] code:null tao duoc nhieu lan, pha vo rang buoc unique cua FR-17
Regression: 3 API + 3 lan chay theo du lieu (phai xanh)	Chay Newman - 3 API + 3 lan chay theo du lieu	2026-08-20T08:07:51.4119071Z   ┌
Regression: 3 API + 3 lan chay theo du lieu (phai xanh)	Chay Newman - 3 API + 3 lan chay theo du lieu	2026-08-20T08:07:51.4120809Z   │ '[X-Student-Id] 23127344 -> POST {{baseUrl}}/api/admin
Regression: 3 API + 3 lan chay theo du lieu (phai xanh)	Chay Newman - 3 API + 3 lan chay theo du lieu	2026-08-20T08:07:51.4121449Z   │ /coupons'
Regression: 3 API + 3 lan chay theo du lieu (phai xanh)	Chay Newman - 3 API + 3 lan chay theo du lieu	2026-08-20T08:07:51.4200098Z   └
Regression: 3 API + 3 lan chay theo du lieu (phai xanh)	Chay Newman - 3 API + 3 lan chay theo du lieu	2026-08-20T08:07:51.4241709Z   POST http://localhost:3000/api/admin/coupons [200 OK, 303B, 4ms]
Regression: 3 API + 3 lan chay theo du lieu (phai xanh)	Chay Newman - 3 API + 3 lan chay theo du lieu	2026-08-20T08:07:51.4251790Z   ┌
Regression: 3 API + 3 lan chay theo du lieu (phai xanh)	Chay Newman - 3 API + 3 lan chay theo du lieu	2026-08-20T08:07:51.4252199Z   │ '[SETUP] tao coupon id=73 code=null'
Regression: 3 API + 3 lan chay theo du lieu (phai xanh)	Chay Newman - 3 API + 3 lan chay theo du lieu	2026-08-20T08:07:51.4287119Z   └
Regression: 3 API + 3 lan chay theo du lieu (phai xanh)	Chay Newman - 3 API + 3 lan chay theo du lieu	2026-08-20T08:07:51.4326915Z   POST http://localhost:3000/api/admin/coupons [200 OK, 303B, 4ms]
Regression: 3 API + 3 lan chay theo du lieu (phai xanh)	Chay Newman - 3 API + 3 lan chay theo du lieu	2026-08-20T08:07:51.4362956Z   ✓  [moi request] co header X-Student-Id = 23127344
Regression: 3 API + 3 lan chay theo du lieu (phai xanh)	Chay Newman - 3 API + 3 lan chay theo du lieu	2026-08-20T08:07:51.4398394Z   ✓  [API3] thoi gian phan hoi < 2000ms
Regression: 3 API + 3 lan chay theo du lieu (phai xanh)	Chay Newman - 3 API + 3 lan chay theo du lieu	2026-08-20T08:07:51.4437093Z   ✓  Status 200
Regression: 3 API + 3 lan chay theo du lieu (phai xanh)	Chay Newman - 3 API + 3 lan chay theo du lieu	2026-08-20T08:07:51.4440784Z   ✓  Response co dung 2 key: message, id
Regression: 3 API + 3 lan chay theo du lieu (phai xanh)	Chay Newman - 3 API + 3 lan chay theo du lieu	2026-08-20T08:07:51.4443654Z   ✓  Body.message = "Coupon created"
Regression: 3 API + 3 lan chay theo du lieu (phai xanh)	Chay Newman - 3 API + 3 lan chay theo du lieu	2026-08-20T08:07:51.4447223Z   ✓  Ghi nhan id coupon de teardown
Regression: 3 API + 3 lan chay theo du lieu (phai xanh)	Chay Newman - 3 API + 3 lan chay theo du lieu	2026-08-20T08:07:51.4456230Z   ┌
Regression: 3 API + 3 lan chay theo du lieu (phai xanh)	Chay Newman - 3 API + 3 lan chay theo du lieu	2026-08-20T08:07:51.4456915Z   │ '[BUG] 2 coupon code=null cung ton tai: id 73 va 74'
Regression: 3 API + 3 lan chay theo du lieu (phai xanh)	Chay Newman - 3 API + 3 lan chay theo du lieu	2026-08-20T08:07:51.4458047Z   └
Regression: 3 API + 3 lan chay theo du lieu (phai xanh)	Chay Newman - 3 API + 3 lan chay theo du lieu	2026-08-20T08:07:51.4459185Z   ✓  Ca hai lan goi deu thanh cong voi id khac nhau (SQL coi moi NULL la khac biet)
Regression: 3 API + 3 lan chay theo du lieu (phai xanh)	Chay Newman - 3 API + 3 lan chay theo du lieu	2026-08-20T08:07:51.4493358Z   GET http://localhost:3000/api/coupons [200 OK, 15.54kB, 3ms]
Regression: 3 API + 3 lan chay theo du lieu (phai xanh)	Chay Newman - 3 API + 3 lan chay theo du lieu	2026-08-20T08:07:51.4677817Z   ✓  GET /api/coupons: coupon vua tao co code = null
Regression: 3 API + 3 lan chay theo du lieu (phai xanh)	Chay Newman - 3 API + 3 lan chay theo du lieu	2026-08-20T08:07:51.4718108Z 
Regression: 3 API + 3 lan chay theo du lieu (phai xanh)	Chay Newman - 3 API + 3 lan chay theo du lieu	2026-08-20T08:07:51.4719272Z ↳ A3-E05 - [TU BO SUNG] discount_value am tao coupon LAM TANG tien phai tra
Regression: 3 API + 3 lan chay theo du lieu (phai xanh)	Chay Newman - 3 API + 3 lan chay theo du lieu	2026-08-20T08:07:51.4754244Z   ┌
Regression: 3 API + 3 lan chay theo du lieu (phai xanh)	Chay Newman - 3 API + 3 lan chay theo du lieu	2026-08-20T08:07:51.4755252Z   │ '[X-Student-Id] 23127344 -> POST {{baseUrl}}/api/apply
Regression: 3 API + 3 lan chay theo du lieu (phai xanh)	Chay Newman - 3 API + 3 lan chay theo du lieu	2026-08-20T08:07:51.4756023Z   │ -coupon'
Regression: 3 API + 3 lan chay theo du lieu (phai xanh)	Chay Newman - 3 API + 3 lan chay theo du lieu	2026-08-20T08:07:51.4831278Z   └
Regression: 3 API + 3 lan chay theo du lieu (phai xanh)	Chay Newman - 3 API + 3 lan chay theo du lieu	2026-08-20T08:07:51.4869457Z   POST http://localhost:3000/api/admin/coupons [200 OK, 303B, 3ms]
Regression: 3 API + 3 lan chay theo du lieu (phai xanh)	Chay Newman - 3 API + 3 lan chay theo du lieu	2026-08-20T08:07:51.4879634Z   ┌
Regression: 3 API + 3 lan chay theo du lieu (phai xanh)	Chay Newman - 3 API + 3 lan chay theo du lieu	2026-08-20T08:07:51.4880252Z   │ '[SETUP] tao coupon id=75 code=A3E05NEG'
Regression: 3 API + 3 lan chay theo du lieu (phai xanh)	Chay Newman - 3 API + 3 lan chay theo du lieu	2026-08-20T08:07:51.4919946Z   └
Regression: 3 API + 3 lan chay theo du lieu (phai xanh)	Chay Newman - 3 API + 3 lan chay theo du lieu	2026-08-20T08:07:51.5129386Z   POST http://localhost:3000/api/apply-coupon [200 OK, 402B, 21ms]
Regression: 3 API + 3 lan chay theo du lieu (phai xanh)	Chay Newman - 3 API + 3 lan chay theo du lieu	2026-08-20T08:07:51.5155206Z   ✓  [moi request] co header X-Student-Id = 23127344
Regression: 3 API + 3 lan chay theo du lieu (phai xanh)	Chay Newman - 3 API + 3 lan chay theo du lieu	2026-08-20T08:07:51.5189699Z   ✓  [API3] thoi gian phan hoi < 2000ms
Regression: 3 API + 3 lan chay theo du lieu (phai xanh)	Chay Newman - 3 API + 3 lan chay theo du lieu	2026-08-20T08:07:51.5224224Z   ✓  Status 200
Regression: 3 API + 3 lan chay theo du lieu (phai xanh)	Chay Newman - 3 API + 3 lan chay theo du lieu	2026-08-20T08:07:51.5228765Z   ✓  final_amount = 550000 > total_amount = 500000 (giam gia lam tang tien)
Regression: 3 API + 3 lan chay theo du lieu (phai xanh)	Chay Newman - 3 API + 3 lan chay theo du lieu	2026-08-20T08:07:51.5266122Z 
Regression: 3 API + 3 lan chay theo du lieu (phai xanh)	Chay Newman - 3 API + 3 lan chay theo du lieu	2026-08-20T08:07:51.5267142Z ↳ A3-E04 - [TU BO SUNG] User thuong xoa coupon SEED cua he thong (SAVE10)
Regression: 3 API + 3 lan chay theo du lieu (phai xanh)	Chay Newman - 3 API + 3 lan chay theo du lieu	2026-08-20T08:07:51.5294080Z   ┌
Regression: 3 API + 3 lan chay theo du lieu (phai xanh)	Chay Newman - 3 API + 3 lan chay theo du lieu	2026-08-20T08:07:51.5294672Z   │ '[X-Student-Id] 23127344 -> DELETE {{baseUrl}}/api/adm
Regression: 3 API + 3 lan chay theo du lieu (phai xanh)	Chay Newman - 3 API + 3 lan chay theo du lieu	2026-08-20T08:07:51.5295051Z   │ in/coupons/1'
Regression: 3 API + 3 lan chay theo du lieu (phai xanh)	Chay Newman - 3 API + 3 lan chay theo du lieu	2026-08-20T08:07:51.5356579Z   └
Regression: 3 API + 3 lan chay theo du lieu (phai xanh)	Chay Newman - 3 API + 3 lan chay theo du lieu	2026-08-20T08:07:51.5414966Z   DELETE http://localhost:3000/api/admin/coupons/1 [200 OK, 295B, 6ms]
Regression: 3 API + 3 lan chay theo du lieu (phai xanh)	Chay Newman - 3 API + 3 lan chay theo du lieu	2026-08-20T08:07:51.5447589Z   ✓  [moi request] co header X-Student-Id = 23127344
Regression: 3 API + 3 lan chay theo du lieu (phai xanh)	Chay Newman - 3 API + 3 lan chay theo du lieu	2026-08-20T08:07:51.5481565Z   ✓  [API3] thoi gian phan hoi < 2000ms
Regression: 3 API + 3 lan chay theo du lieu (phai xanh)	Chay Newman - 3 API + 3 lan chay theo du lieu	2026-08-20T08:07:51.5529166Z   ✓  Status 200
Regression: 3 API + 3 lan chay theo du lieu (phai xanh)	Chay Newman - 3 API + 3 lan chay theo du lieu	2026-08-20T08:07:51.5533560Z   ✓  Body JSON khop chinh xac {"message":"Coupon deleted"}
Regression: 3 API + 3 lan chay theo du lieu (phai xanh)	Chay Newman - 3 API + 3 lan chay theo du lieu	2026-08-20T08:07:51.5576534Z   GET http://localhost:3000/api/coupons [200 OK, 15.54kB, 2ms]
Regression: 3 API + 3 lan chay theo du lieu (phai xanh)	Chay Newman - 3 API + 3 lan chay theo du lieu	2026-08-20T08:07:51.5686917Z   ┌
Regression: 3 API + 3 lan chay theo du lieu (phai xanh)	Chay Newman - 3 API + 3 lan chay theo du lieu	2026-08-20T08:07:51.5687555Z   │ '[BUG] coupon seed SAVE10 da bi mot user role=user xoa
Regression: 3 API + 3 lan chay theo du lieu (phai xanh)	Chay Newman - 3 API + 3 lan chay theo du lieu	2026-08-20T08:07:51.5688143Z   │ '
Regression: 3 API + 3 lan chay theo du lieu (phai xanh)	Chay Newman - 3 API + 3 lan chay theo du lieu	2026-08-20T08:07:51.5689691Z   └
Regression: 3 API + 3 lan chay theo du lieu (phai xanh)	Chay Newman - 3 API + 3 lan chay theo du lieu	2026-08-20T08:07:51.5690673Z   ✓  SAVE10 bien mat khoi GET /api/coupons - user thuong pha duoc du lieu goc
Regression: 3 API + 3 lan chay theo du lieu (phai xanh)	Chay Newman - 3 API + 3 lan chay theo du lieu	2026-08-20T08:07:51.5728600Z 
Regression: 3 API + 3 lan chay theo du lieu (phai xanh)	Chay Newman - 3 API + 3 lan chay theo du lieu	2026-08-20T08:07:51.5729563Z ❏ 99 - Teardown (don du lieu de chay lai duoc)
Regression: 3 API + 3 lan chay theo du lieu (phai xanh)	Chay Newman - 3 API + 3 lan chay theo du lieu	2026-08-20T08:07:51.5730357Z ↳ TEARDOWN-01 - Xoa toan bo coupon do suite tao ra
Regression: 3 API + 3 lan chay theo du lieu (phai xanh)	Chay Newman - 3 API + 3 lan chay theo du lieu	2026-08-20T08:07:51.5756023Z   ┌
Regression: 3 API + 3 lan chay theo du lieu (phai xanh)	Chay Newman - 3 API + 3 lan chay theo du lieu	2026-08-20T08:07:51.5756625Z   │ '[X-Student-Id] 23127344 -> GET {{baseUrl}}/api/coupon
Regression: 3 API + 3 lan chay theo du lieu (phai xanh)	Chay Newman - 3 API + 3 lan chay theo du lieu	2026-08-20T08:07:51.5757394Z   │ s'
Regression: 3 API + 3 lan chay theo du lieu (phai xanh)	Chay Newman - 3 API + 3 lan chay theo du lieu	2026-08-20T08:07:51.5787311Z   └
Regression: 3 API + 3 lan chay theo du lieu (phai xanh)	Chay Newman - 3 API + 3 lan chay theo du lieu	2026-08-20T08:07:51.5811894Z   GET http://localhost:3000/api/coupons [200 OK, 15.54kB, 2ms]
Regression: 3 API + 3 lan chay theo du lieu (phai xanh)	Chay Newman - 3 API + 3 lan chay theo du lieu	2026-08-20T08:07:51.5851224Z   ✓  [moi request] co header X-Student-Id = 23127344
Regression: 3 API + 3 lan chay theo du lieu (phai xanh)	Chay Newman - 3 API + 3 lan chay theo du lieu	2026-08-20T08:07:51.5890712Z   ┌
Regression: 3 API + 3 lan chay theo du lieu (phai xanh)	Chay Newman - 3 API + 3 lan chay theo du lieu	2026-08-20T08:07:51.5891430Z   │ '[TEARDOWN] se xoa 70 coupon do suite tao: [5,6,7,8,9,
Regression: 3 API + 3 lan chay theo du lieu (phai xanh)	Chay Newman - 3 API + 3 lan chay theo du lieu	2026-08-20T08:07:51.5892289Z   │ 10,11,12,13,14,15,16,17,18,19,20,21,22,23,24,25,26,27,
Regression: 3 API + 3 lan chay theo du lieu (phai xanh)	Chay Newman - 3 API + 3 lan chay theo du lieu	2026-08-20T08:07:51.5893028Z   │ 28,29,30,31,32,33,34,35,36,37,38,40,41,42,43,44,45,46,
Regression: 3 API + 3 lan chay theo du lieu (phai xanh)	Chay Newman - 3 API + 3 lan chay theo du lieu	2026-08-20T08:07:51.5893710Z   │ 47,48,49,50,51,52,53,54,55,56,57,58,59,60,61,62,63,64,
Regression: 3 API + 3 lan chay theo du lieu (phai xanh)	Chay Newman - 3 API + 3 lan chay theo du lieu	2026-08-20T08:07:51.5894319Z   │ 65,66,67,68,69,70,71,72,73,74,75]'
Regression: 3 API + 3 lan chay theo du lieu (phai xanh)	Chay Newman - 3 API + 3 lan chay theo du lieu	2026-08-20T08:07:51.5906751Z   └
Regression: 3 API + 3 lan chay theo du lieu (phai xanh)	Chay Newman - 3 API + 3 lan chay theo du lieu	2026-08-20T08:07:51.5944361Z   DELETE http://localhost:3000/api/admin/coupons/5   PUT http://localhost:3000/api/users/me [200 OK, 295B, 4ms]
Regression: 3 API + 3 lan chay theo du lieu (phai xanh)	Chay Newman - 3 API + 3 lan chay theo du lieu	2026-08-20T08:07:51.5963022Z [200 OK, 296B, 5ms]
Regression: 3 API + 3 lan chay theo du lieu (phai xanh)	Chay Newman - 3 API + 3 lan chay theo du lieu	2026-08-20T08:07:51.5971570Z   ✓  Dua profile user A ve trang thai seed (role=user)
Regression: 3 API + 3 lan chay theo du lieu (phai xanh)	Chay Newman - 3 API + 3 lan chay theo du lieu	2026-08-20T08:07:51.6010622Z   DELETE http://localhost:3000/api/admin/coupons/6 [200 OK, 295B, 3ms]
Regression: 3 API + 3 lan chay theo du lieu (phai xanh)	Chay Newman - 3 API + 3 lan chay theo du lieu	2026-08-20T08:07:51.6070048Z   DELETE http://localhost:3000/api/admin/coupons/7 [200 OK, 295B, 3ms]
Regression: 3 API + 3 lan chay theo du lieu (phai xanh)	Chay Newman - 3 API + 3 lan chay theo du lieu	2026-08-20T08:07:51.6115252Z   DELETE http://localhost:3000/api/admin/coupons/8 [200 OK, 295B, 3ms]
Regression: 3 API + 3 lan chay theo du lieu (phai xanh)	Chay Newman - 3 API + 3 lan chay theo du lieu	2026-08-20T08:07:51.6168831Z   DELETE http://localhost:3000/api/admin/coupons/9 [200 OK, 295B, 3ms]
Regression: 3 API + 3 lan chay theo du lieu (phai xanh)	Chay Newman - 3 API + 3 lan chay theo du lieu	2026-08-20T08:07:51.6211920Z   DELETE http://localhost:3000/api/admin/coupons/10 [200 OK, 295B, 2ms]
Regression: 3 API + 3 lan chay theo du lieu (phai xanh)	Chay Newman - 3 API + 3 lan chay theo du lieu	2026-08-20T08:07:51.6265389Z   DELETE http://localhost:3000/api/admin/coupons/11 [200 OK, 295B, 3ms]
Regression: 3 API + 3 lan chay theo du lieu (phai xanh)	Chay Newman - 3 API + 3 lan chay theo du lieu	2026-08-20T08:07:51.6321533Z   DELETE http://localhost:3000/api/admin/coupons/12 [200 OK, 295B, 3ms]
Regression: 3 API + 3 lan chay theo du lieu (phai xanh)	Chay Newman - 3 API + 3 lan chay theo du lieu	2026-08-20T08:07:51.6388344Z   DELETE http://localhost:3000/api/admin/coupons/13 [200 OK, 295B, 3ms]
Regression: 3 API + 3 lan chay theo du lieu (phai xanh)	Chay Newman - 3 API + 3 lan chay theo du lieu	2026-08-20T08:07:51.6435944Z   DELETE http://localhost:3000/api/admin/coupons/14 [200 OK, 295B, 3ms]
Regression: 3 API + 3 lan chay theo du lieu (phai xanh)	Chay Newman - 3 API + 3 lan chay theo du lieu	2026-08-20T08:07:51.6478872Z   DELETE http://localhost:3000/api/admin/coupons/15 [200 OK, 295B, 2ms]
Regression: 3 API + 3 lan chay theo du lieu (phai xanh)	Chay Newman - 3 API + 3 lan chay theo du lieu	2026-08-20T08:07:51.6530505Z   DELETE http://localhost:3000/api/admin/coupons/16 [200 OK, 295B, 3ms]
Regression: 3 API + 3 lan chay theo du lieu (phai xanh)	Chay Newman - 3 API + 3 lan chay theo du lieu	2026-08-20T08:07:51.6575103Z   DELETE http://localhost:3000/api/admin/coupons/17 [200 OK, 295B, 3ms]
Regression: 3 API + 3 lan chay theo du lieu (phai xanh)	Chay Newman - 3 API + 3 lan chay theo du lieu	2026-08-20T08:07:51.6626958Z   DELETE http://localhost:3000/api/admin/coupons/18 [200 OK, 295B, 3ms]
Regression: 3 API + 3 lan chay theo du lieu (phai xanh)	Chay Newman - 3 API + 3 lan chay theo du lieu	2026-08-20T08:07:51.6679585Z   DELETE http://localhost:3000/api/admin/coupons/19 [200 OK, 295B, 3ms]
Regression: 3 API + 3 lan chay theo du lieu (phai xanh)	Chay Newman - 3 API + 3 lan chay theo du lieu	2026-08-20T08:07:51.6719501Z   DELETE http://localhost:3000/api/admin/coupons/20 [200 OK, 295B, 2ms]
Regression: 3 API + 3 lan chay theo du lieu (phai xanh)	Chay Newman - 3 API + 3 lan chay theo du lieu	2026-08-20T08:07:51.6757186Z   DELETE http://localhost:3000/api/admin/coupons/21 [200 OK, 295B, 2ms]
Regression: 3 API + 3 lan chay theo du lieu (phai xanh)	Chay Newman - 3 API + 3 lan chay theo du lieu	2026-08-20T08:07:51.6812090Z   DELETE http://localhost:3000/api/admin/coupons/22 [200 OK, 295B, 3ms]
Regression: 3 API + 3 lan chay theo du lieu (phai xanh)	Chay Newman - 3 API + 3 lan chay theo du lieu	2026-08-20T08:07:51.6879011Z   DELETE http://localhost:3000/api/admin/coupons/23 [200 OK, 295B, 4ms]
Regression: 3 API + 3 lan chay theo du lieu (phai xanh)	Chay Newman - 3 API + 3 lan chay theo du lieu	2026-08-20T08:07:51.6946708Z   DELETE http://localhost:3000/api/admin/coupons/24 [200 OK, 295B, 4ms]
Regression: 3 API + 3 lan chay theo du lieu (phai xanh)	Chay Newman - 3 API + 3 lan chay theo du lieu	2026-08-20T08:07:51.6998492Z   DELETE http://localhost:3000/api/admin/coupons/25 [200 OK, 295B, 3ms]
Regression: 3 API + 3 lan chay theo du lieu (phai xanh)	Chay Newman - 3 API + 3 lan chay theo du lieu	2026-08-20T08:07:51.7041764Z   DELETE http://localhost:3000/api/admin/coupons/26 [200 OK, 295B, 2ms]
Regression: 3 API + 3 lan chay theo du lieu (phai xanh)	Chay Newman - 3 API + 3 lan chay theo du lieu	2026-08-20T08:07:51.7083895Z   DELETE http://localhost:3000/api/admin/coupons/27 [200 OK, 295B, 2ms]
Regression: 3 API + 3 lan chay theo du lieu (phai xanh)	Chay Newman - 3 API + 3 lan chay theo du lieu	2026-08-20T08:07:51.7138233Z   DELETE http://localhost:3000/api/admin/coupons/28 [200 OK, 295B, 3ms]
Regression: 3 API + 3 lan chay theo du lieu (phai xanh)	Chay Newman - 3 API + 3 lan chay theo du lieu	2026-08-20T08:07:51.7188570Z   DELETE http://localhost:3000/api/admin/coupons/29 [200 OK, 295B, 2ms]
Regression: 3 API + 3 lan chay theo du lieu (phai xanh)	Chay Newman - 3 API + 3 lan chay theo du lieu	2026-08-20T08:07:51.7217072Z   DELETE http://localhost:3000/api/admin/coupons/30 [200 OK, 295B, 1ms]
Regression: 3 API + 3 lan chay theo du lieu (phai xanh)	Chay Newman - 3 API + 3 lan chay theo du lieu	2026-08-20T08:07:51.7269773Z   DELETE http://localhost:3000/api/admin/coupons/31 [200 OK, 295B, 3ms]
Regression: 3 API + 3 lan chay theo du lieu (phai xanh)	Chay Newman - 3 API + 3 lan chay theo du lieu	2026-08-20T08:07:51.7305205Z   DELETE http://localhost:3000/api/admin/coupons/32 [200 OK, 295B, 2ms]
Regression: 3 API + 3 lan chay theo du lieu (phai xanh)	Chay Newman - 3 API + 3 lan chay theo du lieu	2026-08-20T08:07:51.7356950Z   DELETE http://localhost:3000/api/admin/coupons/33 [200 OK, 295B, 3ms]
Regression: 3 API + 3 lan chay theo du lieu (phai xanh)	Chay Newman - 3 API + 3 lan chay theo du lieu	2026-08-20T08:07:51.7398020Z   DELETE http://localhost:3000/api/admin/coupons/34 [200 OK, 295B, 2ms]
Regression: 3 API + 3 lan chay theo du lieu (phai xanh)	Chay Newman - 3 API + 3 lan chay theo du lieu	2026-08-20T08:07:51.7451252Z   DELETE http://localhost:3000/api/admin/coupons/35 [200 OK, 295B, 3ms]
Regression: 3 API + 3 lan chay theo du lieu (phai xanh)	Chay Newman - 3 API + 3 lan chay theo du lieu	2026-08-20T08:07:51.7505848Z   DELETE http://localhost:3000/api/admin/coupons/36 [200 OK, 295B, 3ms]
Regression: 3 API + 3 lan chay theo du lieu (phai xanh)	Chay Newman - 3 API + 3 lan chay theo du lieu	2026-08-20T08:07:51.7539194Z   DELETE http://localhost:3000/api/admin/coupons/37 [200 OK, 295B, 1ms]
Regression: 3 API + 3 lan chay theo du lieu (phai xanh)	Chay Newman - 3 API + 3 lan chay theo du lieu	2026-08-20T08:07:51.7582576Z   DELETE http://localhost:3000/api/admin/coupons/38 [200 OK, 295B, 2ms]
Regression: 3 API + 3 lan chay theo du lieu (phai xanh)	Chay Newman - 3 API + 3 lan chay theo du lieu	2026-08-20T08:07:51.7641178Z   DELETE http://localhost:3000/api/admin/coupons/40 [200 OK, 295B, 3ms]
Regression: 3 API + 3 lan chay theo du lieu (phai xanh)	Chay Newman - 3 API + 3 lan chay theo du lieu	2026-08-20T08:07:51.7697326Z   DELETE http://localhost:3000/api/admin/coupons/41 [200 OK, 295B, 3ms]
Regression: 3 API + 3 lan chay theo du lieu (phai xanh)	Chay Newman - 3 API + 3 lan chay theo du lieu	2026-08-20T08:07:51.7751184Z   DELETE http://localhost:3000/api/admin/coupons/42 [200 OK, 295B, 3ms]
Regression: 3 API + 3 lan chay theo du lieu (phai xanh)	Chay Newman - 3 API + 3 lan chay theo du lieu	2026-08-20T08:07:51.7800447Z   DELETE http://localhost:3000/api/admin/coupons/43 [200 OK, 295B, 2ms]
Regression: 3 API + 3 lan chay theo du lieu (phai xanh)	Chay Newman - 3 API + 3 lan chay theo du lieu	2026-08-20T08:07:51.7848833Z   DELETE http://localhost:3000/api/admin/coupons/44 [200 OK, 295B, 3ms]
Regression: 3 API + 3 lan chay theo du lieu (phai xanh)	Chay Newman - 3 API + 3 lan chay theo du lieu	2026-08-20T08:07:51.7905082Z   DELETE http://localhost:3000/api/admin/coupons/45 [200 OK, 295B, 3ms]
Regression: 3 API + 3 lan chay theo du lieu (phai xanh)	Chay Newman - 3 API + 3 lan chay theo du lieu	2026-08-20T08:07:51.7956469Z   DELETE http://localhost:3000/api/admin/coupons/46 [200 OK, 295B, 3ms]
Regression: 3 API + 3 lan chay theo du lieu (phai xanh)	Chay Newman - 3 API + 3 lan chay theo du lieu	2026-08-20T08:07:51.8009770Z   DELETE http://localhost:3000/api/admin/coupons/47 [200 OK, 295B, 3ms]
Regression: 3 API + 3 lan chay theo du lieu (phai xanh)	Chay Newman - 3 API + 3 lan chay theo du lieu	2026-08-20T08:07:51.8052203Z   DELETE http://localhost:3000/api/admin/coupons/48 [200 OK, 295B, 2ms]
Regression: 3 API + 3 lan chay theo du lieu (phai xanh)	Chay Newman - 3 API + 3 lan chay theo du lieu	2026-08-20T08:07:51.8099722Z   DELETE http://localhost:3000/api/admin/coupons/49 [200 OK, 295B, 2ms]
Regression: 3 API + 3 lan chay theo du lieu (phai xanh)	Chay Newman - 3 API + 3 lan chay theo du lieu	2026-08-20T08:07:51.8140022Z   DELETE http://localhost:3000/api/admin/coupons/50 [200 OK, 295B, 2ms]
Regression: 3 API + 3 lan chay theo du lieu (phai xanh)	Chay Newman - 3 API + 3 lan chay theo du lieu	2026-08-20T08:07:51.8199573Z   DELETE http://localhost:3000/api/admin/coupons/51 [200 OK, 295B, 3ms]
Regression: 3 API + 3 lan chay theo du lieu (phai xanh)	Chay Newman - 3 API + 3 lan chay theo du lieu	2026-08-20T08:07:51.8236724Z   DELETE http://localhost:3000/api/admin/coupons/52 [200 OK, 295B, 2ms]
Regression: 3 API + 3 lan chay theo du lieu (phai xanh)	Chay Newman - 3 API + 3 lan chay theo du lieu	2026-08-20T08:07:51.8296537Z   DELETE http://localhost:3000/api/admin/coupons/53 [200 OK, 295B, 4ms]
Regression: 3 API + 3 lan chay theo du lieu (phai xanh)	Chay Newman - 3 API + 3 lan chay theo du lieu	2026-08-20T08:07:51.8345790Z   DELETE http://localhost:3000/api/admin/coupons/54 [200 OK, 295B, 3ms]
Regression: 3 API + 3 lan chay theo du lieu (phai xanh)	Chay Newman - 3 API + 3 lan chay theo du lieu	2026-08-20T08:07:51.8394637Z   DELETE http://localhost:3000/api/admin/coupons/55 [200 OK, 295B, 3ms]
Regression: 3 API + 3 lan chay theo du lieu (phai xanh)	Chay Newman - 3 API + 3 lan chay theo du lieu	2026-08-20T08:07:51.8446802Z   DELETE http://localhost:3000/api/admin/coupons/56 [200 OK, 295B, 3ms]
Regression: 3 API + 3 lan chay theo du lieu (phai xanh)	Chay Newman - 3 API + 3 lan chay theo du lieu	2026-08-20T08:07:51.8497025Z   DELETE http://localhost:3000/api/admin/coupons/57 [200 OK, 295B, 3ms]
Regression: 3 API + 3 lan chay theo du lieu (phai xanh)	Chay Newman - 3 API + 3 lan chay theo du lieu	2026-08-20T08:07:51.8539452Z   DELETE http://localhost:3000/api/admin/coupons/58 [200 OK, 295B, 2ms]
Regression: 3 API + 3 lan chay theo du lieu (phai xanh)	Chay Newman - 3 API + 3 lan chay theo du lieu	2026-08-20T08:07:51.8576882Z   DELETE http://localhost:3000/api/admin/coupons/59 [200 OK, 295B, 2ms]
Regression: 3 API + 3 lan chay theo du lieu (phai xanh)	Chay Newman - 3 API + 3 lan chay theo du lieu	2026-08-20T08:07:51.8628533Z   DELETE http://localhost:3000/api/admin/coupons/60 [200 OK, 295B, 3ms]
Regression: 3 API + 3 lan chay theo du lieu (phai xanh)	Chay Newman - 3 API + 3 lan chay theo du lieu	2026-08-20T08:07:51.8676191Z   DELETE http://localhost:3000/api/admin/coupons/61 [200 OK, 295B, 3ms]
Regression: 3 API + 3 lan chay theo du lieu (phai xanh)	Chay Newman - 3 API + 3 lan chay theo du lieu	2026-08-20T08:07:51.8723964Z   DELETE http://localhost:3000/api/admin/coupons/62 [200 OK, 295B, 3ms]
Regression: 3 API + 3 lan chay theo du lieu (phai xanh)	Chay Newman - 3 API + 3 lan chay theo du lieu	2026-08-20T08:07:51.8774943Z   DELETE http://localhost:3000/api/admin/coupons/63 [200 OK, 295B, 3ms]
Regression: 3 API + 3 lan chay theo du lieu (phai xanh)	Chay Newman - 3 API + 3 lan chay theo du lieu	2026-08-20T08:07:51.8826355Z   DELETE http://localhost:3000/api/admin/coupons/64 [200 OK, 295B, 3ms]
Regression: 3 API + 3 lan chay theo du lieu (phai xanh)	Chay Newman - 3 API + 3 lan chay theo du lieu	2026-08-20T08:07:51.8876542Z   DELETE http://localhost:3000/api/admin/coupons/65 [200 OK, 295B, 3ms]
Regression: 3 API + 3 lan chay theo du lieu (phai xanh)	Chay Newman - 3 API + 3 lan chay theo du lieu	2026-08-20T08:07:51.8925675Z   DELETE http://localhost:3000/api/admin/coupons/66 [200 OK, 295B, 3ms]
Regression: 3 API + 3 lan chay theo du lieu (phai xanh)	Chay Newman - 3 API + 3 lan chay theo du lieu	2026-08-20T08:07:51.8975024Z   DELETE http://localhost:3000/api/admin/coupons/67 [200 OK, 295B, 3ms]
Regression: 3 API + 3 lan chay theo du lieu (phai xanh)	Chay Newman - 3 API + 3 lan chay theo du lieu	2026-08-20T08:07:51.9030373Z   DELETE http://localhost:3000/api/admin/coupons/68 [200 OK, 295B, 3ms]
Regression: 3 API + 3 lan chay theo du lieu (phai xanh)	Chay Newman - 3 API + 3 lan chay theo du lieu	2026-08-20T08:07:51.9069672Z   DELETE http://localhost:3000/api/admin/coupons/69 [200 OK, 295B, 2ms]
Regression: 3 API + 3 lan chay theo du lieu (phai xanh)	Chay Newman - 3 API + 3 lan chay theo du lieu	2026-08-20T08:07:51.9120358Z   DELETE http://localhost:3000/api/admin/coupons/70 [200 OK, 295B, 2ms]
Regression: 3 API + 3 lan chay theo du lieu (phai xanh)	Chay Newman - 3 API + 3 lan chay theo du lieu	2026-08-20T08:07:51.9172465Z   DELETE http://localhost:3000/api/admin/coupons/71 [200 OK, 295B, 3ms]
Regression: 3 API + 3 lan chay theo du lieu (phai xanh)	Chay Newman - 3 API + 3 lan chay theo du lieu	2026-08-20T08:07:51.9226359Z   DELETE http://localhost:3000/api/admin/coupons/72 [200 OK, 295B, 3ms]
Regression: 3 API + 3 lan chay theo du lieu (phai xanh)	Chay Newman - 3 API + 3 lan chay theo du lieu	2026-08-20T08:07:51.9276811Z   DELETE http://localhost:3000/api/admin/coupons/73 [200 OK, 295B, 3ms]
Regression: 3 API + 3 lan chay theo du lieu (phai xanh)	Chay Newman - 3 API + 3 lan chay theo du lieu	2026-08-20T08:07:51.9333519Z   DELETE http://localhost:3000/api/admin/coupons/74 [200 OK, 295B, 4ms]
Regression: 3 API + 3 lan chay theo du lieu (phai xanh)	Chay Newman - 3 API + 3 lan chay theo du lieu	2026-08-20T08:07:51.9382816Z   DELETE http://localhost:3000/api/admin/coupons/75 [200 OK, 295B, 3ms]
Regression: 3 API + 3 lan chay theo du lieu (phai xanh)	Chay Newman - 3 API + 3 lan chay theo du lieu	2026-08-20T08:07:51.9389478Z   ✓  Xoa het coupon do suite tao ra
Regression: 3 API + 3 lan chay theo du lieu (phai xanh)	Chay Newman - 3 API + 3 lan chay theo du lieu	2026-08-20T08:07:52.2992350Z 
Regression: 3 API + 3 lan chay theo du lieu (phai xanh)	Chay Newman - 3 API + 3 lan chay theo du lieu	2026-08-20T08:07:52.2993697Z ┌─────────────────────────┬─────────────────┬─────────────────┐
Regression: 3 API + 3 lan chay theo du lieu (phai xanh)	Chay Newman - 3 API + 3 lan chay theo du lieu	2026-08-20T08:07:52.2994627Z │                         │        executed │          failed │
Regression: 3 API + 3 lan chay theo du lieu (phai xanh)	Chay Newman - 3 API + 3 lan chay theo du lieu	2026-08-20T08:07:52.2995504Z ├─────────────────────────┼─────────────────┼─────────────────┤
Regression: 3 API + 3 lan chay theo du lieu (phai xanh)	Chay Newman - 3 API + 3 lan chay theo du lieu	2026-08-20T08:07:52.2996323Z │              iterations │               1 │               0 │
Regression: 3 API + 3 lan chay theo du lieu (phai xanh)	Chay Newman - 3 API + 3 lan chay theo du lieu	2026-08-20T08:07:52.2997632Z ├─────────────────────────┼─────────────────┼─────────────────┤
Regression: 3 API + 3 lan chay theo du lieu (phai xanh)	Chay Newman - 3 API + 3 lan chay theo du lieu	2026-08-20T08:07:52.2998444Z │                requests │             249 │               0 │
Regression: 3 API + 3 lan chay theo du lieu (phai xanh)	Chay Newman - 3 API + 3 lan chay theo du lieu	2026-08-20T08:07:52.2999607Z ├─────────────────────────┼─────────────────┼─────────────────┤
Regression: 3 API + 3 lan chay theo du lieu (phai xanh)	Chay Newman - 3 API + 3 lan chay theo du lieu	2026-08-20T08:07:52.3000446Z │            test-scripts │             267 │               0 │
Regression: 3 API + 3 lan chay theo du lieu (phai xanh)	Chay Newman - 3 API + 3 lan chay theo du lieu	2026-08-20T08:07:52.3001315Z ├─────────────────────────┼─────────────────┼─────────────────┤
Regression: 3 API + 3 lan chay theo du lieu (phai xanh)	Chay Newman - 3 API + 3 lan chay theo du lieu	2026-08-20T08:07:52.3002155Z │      prerequest-scripts │             185 │               0 │
Regression: 3 API + 3 lan chay theo du lieu (phai xanh)	Chay Newman - 3 API + 3 lan chay theo du lieu	2026-08-20T08:07:52.3003053Z ├─────────────────────────┼─────────────────┼─────────────────┤
Regression: 3 API + 3 lan chay theo du lieu (phai xanh)	Chay Newman - 3 API + 3 lan chay theo du lieu	2026-08-20T08:07:52.3003935Z │              assertions │             557 │               0 │
Regression: 3 API + 3 lan chay theo du lieu (phai xanh)	Chay Newman - 3 API + 3 lan chay theo du lieu	2026-08-20T08:07:52.3004801Z ├─────────────────────────┴─────────────────┴─────────────────┤
Regression: 3 API + 3 lan chay theo du lieu (phai xanh)	Chay Newman - 3 API + 3 lan chay theo du lieu	2026-08-20T08:07:52.3005641Z │ total run duration: 4.3s                                    │
Regression: 3 API + 3 lan chay theo du lieu (phai xanh)	Chay Newman - 3 API + 3 lan chay theo du lieu	2026-08-20T08:07:52.3006538Z ├─────────────────────────────────────────────────────────────┤
Regression: 3 API + 3 lan chay theo du lieu (phai xanh)	Chay Newman - 3 API + 3 lan chay theo du lieu	2026-08-20T08:07:52.3007532Z │ total data received: 518.64kB (approx)                      │
Regression: 3 API + 3 lan chay theo du lieu (phai xanh)	Chay Newman - 3 API + 3 lan chay theo du lieu	2026-08-20T08:07:52.3008743Z ├─────────────────────────────────────────────────────────────┤
Regression: 3 API + 3 lan chay theo du lieu (phai xanh)	Chay Newman - 3 API + 3 lan chay theo du lieu	2026-08-20T08:07:52.3009760Z │ average response time: 3ms [min: 1ms, max: 34ms, s.d.: 3ms] │
Regression: 3 API + 3 lan chay theo du lieu (phai xanh)	Chay Newman - 3 API + 3 lan chay theo du lieu	2026-08-20T08:07:52.3010788Z └─────────────────────────────────────────────────────────────┘
Regression: 3 API + 3 lan chay theo du lieu (phai xanh)	Chay Newman - 3 API + 3 lan chay theo du lieu	2026-08-20T08:07:52.3198061Z [run_newman] api3 ket thuc voi ma thoat 0
Regression: 3 API + 3 lan chay theo du lieu (phai xanh)	Chay Newman - 3 API + 3 lan chay theo du lieu	2026-08-20T08:07:52.3198387Z 
Regression: 3 API + 3 lan chay theo du lieu (phai xanh)	Chay Newman - 3 API + 3 lan chay theo du lieu	2026-08-20T08:07:52.3198995Z ==============================================================
Regression: 3 API + 3 lan chay theo du lieu (phai xanh)	Chay Newman - 3 API + 3 lan chay theo du lieu	2026-08-20T08:07:52.3200055Z  data-driven  |  Collection Runner + data file CSV
Regression: 3 API + 3 lan chay theo du lieu (phai xanh)	Chay Newman - 3 API + 3 lan chay theo du lieu	2026-08-20T08:07:52.3200862Z ==============================================================
Regression: 3 API + 3 lan chay theo du lieu (phai xanh)	Chay Newman - 3 API + 3 lan chay theo du lieu	2026-08-20T08:07:52.3485698Z [reset_db] reset DB tai: /home/runner/work/_temp/sut/hw3/docs/eshop-sut/backend
Regression: 3 API + 3 lan chay theo du lieu (phai xanh)	Chay Newman - 3 API + 3 lan chay theo du lieu	2026-08-20T08:07:52.6860932Z [reset_db] OK sau 1 lan kiem tra: user A role=user, 4 coupon seed, 0 don hang.
Regression: 3 API + 3 lan chay theo du lieu (phai xanh)	Chay Newman - 3 API + 3 lan chay theo du lieu	2026-08-20T08:07:54.8547951Z HW06 - EShop API Testing (23127344)
Regression: 3 API + 3 lan chay theo du lieu (phai xanh)	Chay Newman - 3 API + 3 lan chay theo du lieu	2026-08-20T08:07:54.8551434Z 
Regression: 3 API + 3 lan chay theo du lieu (phai xanh)	Chay Newman - 3 API + 3 lan chay theo du lieu	2026-08-20T08:07:54.8551654Z Iteration 1/6
Regression: 3 API + 3 lan chay theo du lieu (phai xanh)	Chay Newman - 3 API + 3 lan chay theo du lieu	2026-08-20T08:07:54.8601906Z 
Regression: 3 API + 3 lan chay theo du lieu (phai xanh)	Chay Newman - 3 API + 3 lan chay theo du lieu	2026-08-20T08:07:54.8602655Z ❏ DATA1 - Chay theo du lieu: phone (FR-04)
Regression: 3 API + 3 lan chay theo du lieu (phai xanh)	Chay Newman - 3 API + 3 lan chay theo du lieu	2026-08-20T08:07:54.8603739Z ↳ DD-API1-PHONE - Bien phone doc tu data file CSV (newman -d)
Regression: 3 API + 3 lan chay theo du lieu (phai xanh)	Chay Newman - 3 API + 3 lan chay theo du lieu	2026-08-20T08:07:54.8772216Z   ┌
Regression: 3 API + 3 lan chay theo du lieu (phai xanh)	Chay Newman - 3 API + 3 lan chay theo du lieu	2026-08-20T08:07:54.8773137Z   │ '[X-Student-Id] 23127344 -> PUT {{baseUrl}}/api/users/
Regression: 3 API + 3 lan chay theo du lieu (phai xanh)	Chay Newman - 3 API + 3 lan chay theo du lieu	2026-08-20T08:07:54.8773730Z   │ me'
Regression: 3 API + 3 lan chay theo du lieu (phai xanh)	Chay Newman - 3 API + 3 lan chay theo du lieu	2026-08-20T08:07:54.8926880Z   └
Regression: 3 API + 3 lan chay theo du lieu (phai xanh)	Chay Newman - 3 API + 3 lan chay theo du lieu	2026-08-20T08:07:54.9168350Z   PUT http://localhost:3000/api/users/me [200 OK, 296B, 22ms]
Regression: 3 API + 3 lan chay theo du lieu (phai xanh)	Chay Newman - 3 API + 3 lan chay theo du lieu	2026-08-20T08:07:54.9276098Z   ✓  [moi request] co header X-Student-Id = 23127344
Regression: 3 API + 3 lan chay theo du lieu (phai xanh)	Chay Newman - 3 API + 3 lan chay theo du lieu	2026-08-20T08:07:54.9348816Z   ✓  Status = 200 (dong CSV DD-P01)
Regression: 3 API + 3 lan chay theo du lieu (phai xanh)	Chay Newman - 3 API + 3 lan chay theo du lieu	2026-08-20T08:07:54.9366398Z   ┌
Regression: 3 API + 3 lan chay theo du lieu (phai xanh)	Chay Newman - 3 API + 3 lan chay theo du lieu	2026-08-20T08:07:54.9367309Z   │ '[DATA] DD-P01 phone=91234567 hopLeTheoFR04=false | bi
Regression: 3 API + 3 lan chay theo du lieu (phai xanh)	Chay Newman - 3 API + 3 lan chay theo du lieu	2026-08-20T08:07:54.9368022Z   │ en min-1 theo FR-04 (ky vong dac ta: tu choi)'
Regression: 3 API + 3 lan chay theo du lieu (phai xanh)	Chay Newman - 3 API + 3 lan chay theo du lieu	2026-08-20T08:07:54.9370638Z   └
Regression: 3 API + 3 lan chay theo du lieu (phai xanh)	Chay Newman - 3 API + 3 lan chay theo du lieu	2026-08-20T08:07:54.9371305Z   ✓  FR-04 (10-11 chu so, bat dau 0) KHONG duoc thuc thi o backend
Regression: 3 API + 3 lan chay theo du lieu (phai xanh)	Chay Newman - 3 API + 3 lan chay theo du lieu	2026-08-20T08:07:54.9410803Z   GET http://localhost:3000/api/users/me [200 OK, 475B, 3ms]
Regression: 3 API + 3 lan chay theo du lieu (phai xanh)	Chay Newman - 3 API + 3 lan chay theo du lieu	2026-08-20T08:07:54.9428543Z   ✓  GET /api/users/me luu dung gia tri phone tu CSV
Regression: 3 API + 3 lan chay theo du lieu (phai xanh)	Chay Newman - 3 API + 3 lan chay theo du lieu	2026-08-20T08:07:54.9461751Z 
Regression: 3 API + 3 lan chay theo du lieu (phai xanh)	Chay Newman - 3 API + 3 lan chay theo du lieu	2026-08-20T08:07:54.9462007Z Iteration 2/6
Regression: 3 API + 3 lan chay theo du lieu (phai xanh)	Chay Newman - 3 API + 3 lan chay theo du lieu	2026-08-20T08:07:54.9476281Z 
Regression: 3 API + 3 lan chay theo du lieu (phai xanh)	Chay Newman - 3 API + 3 lan chay theo du lieu	2026-08-20T08:07:54.9476972Z ↳ DD-API1-PHONE - Bien phone doc tu data file CSV (newman -d)
Regression: 3 API + 3 lan chay theo du lieu (phai xanh)	Chay Newman - 3 API + 3 lan chay theo du lieu	2026-08-20T08:07:54.9519539Z   ┌
Regression: 3 API + 3 lan chay theo du lieu (phai xanh)	Chay Newman - 3 API + 3 lan chay theo du lieu	2026-08-20T08:07:54.9520920Z   │ '[X-Student-Id] 23127344 -> PUT {{baseUrl}}/api/users/
Regression: 3 API + 3 lan chay theo du lieu (phai xanh)	Chay Newman - 3 API + 3 lan chay theo du lieu	2026-08-20T08:07:54.9521679Z   │ me'
Regression: 3 API + 3 lan chay theo du lieu (phai xanh)	Chay Newman - 3 API + 3 lan chay theo du lieu	2026-08-20T08:07:54.9576876Z   └
Regression: 3 API + 3 lan chay theo du lieu (phai xanh)	Chay Newman - 3 API + 3 lan chay theo du lieu	2026-08-20T08:07:54.9619423Z   PUT http://localhost:3000/api/users/me [200 OK, 296B, 4ms]
Regression: 3 API + 3 lan chay theo du lieu (phai xanh)	Chay Newman - 3 API + 3 lan chay theo du lieu	2026-08-20T08:07:54.9670807Z   ✓  [moi request] co header X-Student-Id = 23127344
Regression: 3 API + 3 lan chay theo du lieu (phai xanh)	Chay Newman - 3 API + 3 lan chay theo du lieu	2026-08-20T08:07:54.9754318Z   ✓  Status = 200 (dong CSV DD-P02)
Regression: 3 API + 3 lan chay theo du lieu (phai xanh)	Chay Newman - 3 API + 3 lan chay theo du lieu	2026-08-20T08:07:54.9766954Z   ┌
Regression: 3 API + 3 lan chay theo du lieu (phai xanh)	Chay Newman - 3 API + 3 lan chay theo du lieu	2026-08-20T08:07:54.9767592Z   │ '[DATA] DD-P02 phone=912345678 hopLeTheoFR04=false | b
Regression: 3 API + 3 lan chay theo du lieu (phai xanh)	Chay Newman - 3 API + 3 lan chay theo du lieu	2026-08-20T08:07:54.9768341Z   │ ien min - hop le theo ca FR-04 va backend'
Regression: 3 API + 3 lan chay theo du lieu (phai xanh)	Chay Newman - 3 API + 3 lan chay theo du lieu	2026-08-20T08:07:54.9769979Z   └
Regression: 3 API + 3 lan chay theo du lieu (phai xanh)	Chay Newman - 3 API + 3 lan chay theo du lieu	2026-08-20T08:07:54.9770494Z   ✓  FR-04 (10-11 chu so, bat dau 0) KHONG duoc thuc thi o backend
Regression: 3 API + 3 lan chay theo du lieu (phai xanh)	Chay Newman - 3 API + 3 lan chay theo du lieu	2026-08-20T08:07:54.9800289Z   GET http://localhost:3000/api/users/me [200 OK, 476B, 2ms]
Regression: 3 API + 3 lan chay theo du lieu (phai xanh)	Chay Newman - 3 API + 3 lan chay theo du lieu	2026-08-20T08:07:54.9813217Z   ✓  GET /api/users/me luu dung gia tri phone tu CSV
Regression: 3 API + 3 lan chay theo du lieu (phai xanh)	Chay Newman - 3 API + 3 lan chay theo du lieu	2026-08-20T08:07:54.9851524Z 
Regression: 3 API + 3 lan chay theo du lieu (phai xanh)	Chay Newman - 3 API + 3 lan chay theo du lieu	2026-08-20T08:07:54.9851807Z Iteration 3/6
Regression: 3 API + 3 lan chay theo du lieu (phai xanh)	Chay Newman - 3 API + 3 lan chay theo du lieu	2026-08-20T08:07:54.9865069Z 
Regression: 3 API + 3 lan chay theo du lieu (phai xanh)	Chay Newman - 3 API + 3 lan chay theo du lieu	2026-08-20T08:07:54.9865705Z ↳ DD-API1-PHONE - Bien phone doc tu data file CSV (newman -d)
Regression: 3 API + 3 lan chay theo du lieu (phai xanh)	Chay Newman - 3 API + 3 lan chay theo du lieu	2026-08-20T08:07:54.9910413Z   ┌
Regression: 3 API + 3 lan chay theo du lieu (phai xanh)	Chay Newman - 3 API + 3 lan chay theo du lieu	2026-08-20T08:07:54.9911063Z   │ '[X-Student-Id] 23127344 -> PUT {{baseUrl}}/api/users/
Regression: 3 API + 3 lan chay theo du lieu (phai xanh)	Chay Newman - 3 API + 3 lan chay theo du lieu	2026-08-20T08:07:54.9911652Z   │ me'
Regression: 3 API + 3 lan chay theo du lieu (phai xanh)	Chay Newman - 3 API + 3 lan chay theo du lieu	2026-08-20T08:07:54.9959988Z   └
Regression: 3 API + 3 lan chay theo du lieu (phai xanh)	Chay Newman - 3 API + 3 lan chay theo du lieu	2026-08-20T08:07:55.0003640Z   PUT http://localhost:3000/api/users/me [200 OK, 296B, 4ms]
Regression: 3 API + 3 lan chay theo du lieu (phai xanh)	Chay Newman - 3 API + 3 lan chay theo du lieu	2026-08-20T08:07:55.0055406Z   ✓  [moi request] co header X-Student-Id = 23127344
Regression: 3 API + 3 lan chay theo du lieu (phai xanh)	Chay Newman - 3 API + 3 lan chay theo du lieu	2026-08-20T08:07:55.0139474Z   ✓  Status = 200 (dong CSV DD-P03)
Regression: 3 API + 3 lan chay theo du lieu (phai xanh)	Chay Newman - 3 API + 3 lan chay theo du lieu	2026-08-20T08:07:55.0149679Z   ┌
Regression: 3 API + 3 lan chay theo du lieu (phai xanh)	Chay Newman - 3 API + 3 lan chay theo du lieu	2026-08-20T08:07:55.0150272Z   │ '[DATA] DD-P03 phone=9123456789 hopLeTheoFR04=false | 
Regression: 3 API + 3 lan chay theo du lieu (phai xanh)	Chay Newman - 3 API + 3 lan chay theo du lieu	2026-08-20T08:07:55.0150769Z   │ bien max - hop le theo ca FR-04 va backend'
Regression: 3 API + 3 lan chay theo du lieu (phai xanh)	Chay Newman - 3 API + 3 lan chay theo du lieu	2026-08-20T08:07:55.0153049Z   └
Regression: 3 API + 3 lan chay theo du lieu (phai xanh)	Chay Newman - 3 API + 3 lan chay theo du lieu	2026-08-20T08:07:55.0153808Z   ✓  FR-04 (10-11 chu so, bat dau 0) KHONG duoc thuc thi o backend
Regression: 3 API + 3 lan chay theo du lieu (phai xanh)	Chay Newman - 3 API + 3 lan chay theo du lieu	2026-08-20T08:07:55.0197744Z   GET http://localhost:3000/api/users/me [200 OK, 477B, 4ms]
Regression: 3 API + 3 lan chay theo du lieu (phai xanh)	Chay Newman - 3 API + 3 lan chay theo du lieu	2026-08-20T08:07:55.0214956Z   ✓  GET /api/users/me luu dung gia tri phone tu CSV
Regression: 3 API + 3 lan chay theo du lieu (phai xanh)	Chay Newman - 3 API + 3 lan chay theo du lieu	2026-08-20T08:07:55.0252638Z 
Regression: 3 API + 3 lan chay theo du lieu (phai xanh)	Chay Newman - 3 API + 3 lan chay theo du lieu	2026-08-20T08:07:55.0252983Z Iteration 4/6
Regression: 3 API + 3 lan chay theo du lieu (phai xanh)	Chay Newman - 3 API + 3 lan chay theo du lieu	2026-08-20T08:07:55.0266208Z 
Regression: 3 API + 3 lan chay theo du lieu (phai xanh)	Chay Newman - 3 API + 3 lan chay theo du lieu	2026-08-20T08:07:55.0266862Z ↳ DD-API1-PHONE - Bien phone doc tu data file CSV (newman -d)
Regression: 3 API + 3 lan chay theo du lieu (phai xanh)	Chay Newman - 3 API + 3 lan chay theo du lieu	2026-08-20T08:07:55.0294389Z   ┌
Regression: 3 API + 3 lan chay theo du lieu (phai xanh)	Chay Newman - 3 API + 3 lan chay theo du lieu	2026-08-20T08:07:55.0295046Z   │ '[X-Student-Id] 23127344 -> PUT {{baseUrl}}/api/users/
Regression: 3 API + 3 lan chay theo du lieu (phai xanh)	Chay Newman - 3 API + 3 lan chay theo du lieu	2026-08-20T08:07:55.0295653Z   │ me'
Regression: 3 API + 3 lan chay theo du lieu (phai xanh)	Chay Newman - 3 API + 3 lan chay theo du lieu	2026-08-20T08:07:55.0352482Z   └
Regression: 3 API + 3 lan chay theo du lieu (phai xanh)	Chay Newman - 3 API + 3 lan chay theo du lieu	2026-08-20T08:07:55.0412585Z   PUT http://localhost:3000/api/users/me [200 OK, 296B, 5ms]
Regression: 3 API + 3 lan chay theo du lieu (phai xanh)	Chay Newman - 3 API + 3 lan chay theo du lieu	2026-08-20T08:07:55.0468879Z   ✓  [moi request] co header X-Student-Id = 23127344
Regression: 3 API + 3 lan chay theo du lieu (phai xanh)	Chay Newman - 3 API + 3 lan chay theo du lieu	2026-08-20T08:07:55.0520109Z   ✓  Status = 200 (dong CSV DD-P04)
Regression: 3 API + 3 lan chay theo du lieu (phai xanh)	Chay Newman - 3 API + 3 lan chay theo du lieu	2026-08-20T08:07:55.0531087Z   ┌
Regression: 3 API + 3 lan chay theo du lieu (phai xanh)	Chay Newman - 3 API + 3 lan chay theo du lieu	2026-08-20T08:07:55.0532090Z   │ '[DATA] DD-P04 phone=91234567890 hopLeTheoFR04=false |
Regression: 3 API + 3 lan chay theo du lieu (phai xanh)	Chay Newman - 3 API + 3 lan chay theo du lieu	2026-08-20T08:07:55.0533366Z   │  bien max+1 (ky vong dac ta: tu choi)'
Regression: 3 API + 3 lan chay theo du lieu (phai xanh)	Chay Newman - 3 API + 3 lan chay theo du lieu	2026-08-20T08:07:55.0534836Z   └
Regression: 3 API + 3 lan chay theo du lieu (phai xanh)	Chay Newman - 3 API + 3 lan chay theo du lieu	2026-08-20T08:07:55.0535924Z   ✓  FR-04 (10-11 chu so, bat dau 0) KHONG duoc thuc thi o backend
Regression: 3 API + 3 lan chay theo du lieu (phai xanh)	Chay Newman - 3 API + 3 lan chay theo du lieu	2026-08-20T08:07:55.0572221Z   GET http://localhost:3000/api/users/me [200 OK, 478B, 3ms]
Regression: 3 API + 3 lan chay theo du lieu (phai xanh)	Chay Newman - 3 API + 3 lan chay theo du lieu	2026-08-20T08:07:55.0584709Z   ✓  GET /api/users/me luu dung gia tri phone tu CSV
Regression: 3 API + 3 lan chay theo du lieu (phai xanh)	Chay Newman - 3 API + 3 lan chay theo du lieu	2026-08-20T08:07:55.0659291Z 
Regression: 3 API + 3 lan chay theo du lieu (phai xanh)	Chay Newman - 3 API + 3 lan chay theo du lieu	2026-08-20T08:07:55.0659795Z Iteration 5/6
Regression: 3 API + 3 lan chay theo du lieu (phai xanh)	Chay Newman - 3 API + 3 lan chay theo du lieu	2026-08-20T08:07:55.0669311Z 
Regression: 3 API + 3 lan chay theo du lieu (phai xanh)	Chay Newman - 3 API + 3 lan chay theo du lieu	2026-08-20T08:07:55.0670494Z ↳ DD-API1-PHONE - Bien phone doc tu data file CSV (newman -d)
Regression: 3 API + 3 lan chay theo du lieu (phai xanh)	Chay Newman - 3 API + 3 lan chay theo du lieu	2026-08-20T08:07:55.0722866Z   ┌
Regression: 3 API + 3 lan chay theo du lieu (phai xanh)	Chay Newman - 3 API + 3 lan chay theo du lieu	2026-08-20T08:07:55.0723844Z   │ '[X-Student-Id] 23127344 -> PUT {{baseUrl}}/api/users/
Regression: 3 API + 3 lan chay theo du lieu (phai xanh)	Chay Newman - 3 API + 3 lan chay theo du lieu	2026-08-20T08:07:55.0724737Z   │ me'
Regression: 3 API + 3 lan chay theo du lieu (phai xanh)	Chay Newman - 3 API + 3 lan chay theo du lieu	2026-08-20T08:07:55.0785117Z   └
Regression: 3 API + 3 lan chay theo du lieu (phai xanh)	Chay Newman - 3 API + 3 lan chay theo du lieu	2026-08-20T08:07:55.0843026Z   PUT http://localhost:3000/api/users/me [200 OK, 296B, 5ms]
Regression: 3 API + 3 lan chay theo du lieu (phai xanh)	Chay Newman - 3 API + 3 lan chay theo du lieu	2026-08-20T08:07:55.0890187Z   ✓  [moi request] co header X-Student-Id = 23127344
Regression: 3 API + 3 lan chay theo du lieu (phai xanh)	Chay Newman - 3 API + 3 lan chay theo du lieu	2026-08-20T08:07:55.0953901Z   ✓  Status = 200 (dong CSV DD-P05)
Regression: 3 API + 3 lan chay theo du lieu (phai xanh)	Chay Newman - 3 API + 3 lan chay theo du lieu	2026-08-20T08:07:55.0963251Z   ┌
Regression: 3 API + 3 lan chay theo du lieu (phai xanh)	Chay Newman - 3 API + 3 lan chay theo du lieu	2026-08-20T08:07:55.0964161Z   │ '[DATA] DD-P05 phone=1912345678 hopLeTheoFR04=false | 
Regression: 3 API + 3 lan chay theo du lieu (phai xanh)	Chay Newman - 3 API + 3 lan chay theo du lieu	2026-08-20T08:07:55.0964911Z   │ dung do dai nhung khong bat dau bang 0'
Regression: 3 API + 3 lan chay theo du lieu (phai xanh)	Chay Newman - 3 API + 3 lan chay theo du lieu	2026-08-20T08:07:55.0965595Z   └
Regression: 3 API + 3 lan chay theo du lieu (phai xanh)	Chay Newman - 3 API + 3 lan chay theo du lieu	2026-08-20T08:07:55.0965971Z   ✓  FR-04 (10-11 chu so, bat dau 0) KHONG duoc thuc thi o backend
Regression: 3 API + 3 lan chay theo du lieu (phai xanh)	Chay Newman - 3 API + 3 lan chay theo du lieu	2026-08-20T08:07:55.1010589Z   GET http://localhost:3000/api/users/me [200 OK, 477B, 2ms]
Regression: 3 API + 3 lan chay theo du lieu (phai xanh)	Chay Newman - 3 API + 3 lan chay theo du lieu	2026-08-20T08:07:55.1021596Z   ✓  GET /api/users/me luu dung gia tri phone tu CSV
Regression: 3 API + 3 lan chay theo du lieu (phai xanh)	Chay Newman - 3 API + 3 lan chay theo du lieu	2026-08-20T08:07:55.1049945Z 
Regression: 3 API + 3 lan chay theo du lieu (phai xanh)	Chay Newman - 3 API + 3 lan chay theo du lieu	2026-08-20T08:07:55.1050194Z Iteration 6/6
Regression: 3 API + 3 lan chay theo du lieu (phai xanh)	Chay Newman - 3 API + 3 lan chay theo du lieu	2026-08-20T08:07:55.1063787Z 
Regression: 3 API + 3 lan chay theo du lieu (phai xanh)	Chay Newman - 3 API + 3 lan chay theo du lieu	2026-08-20T08:07:55.1064564Z ↳ DD-API1-PHONE - Bien phone doc tu data file CSV (newman -d)
Regression: 3 API + 3 lan chay theo du lieu (phai xanh)	Chay Newman - 3 API + 3 lan chay theo du lieu	2026-08-20T08:07:55.1102587Z   ┌
Regression: 3 API + 3 lan chay theo du lieu (phai xanh)	Chay Newman - 3 API + 3 lan chay theo du lieu	2026-08-20T08:07:55.1103613Z   │ '[X-Student-Id] 23127344 -> PUT {{baseUrl}}/api/users/
Regression: 3 API + 3 lan chay theo du lieu (phai xanh)	Chay Newman - 3 API + 3 lan chay theo du lieu	2026-08-20T08:07:55.1105036Z   │ me'
Regression: 3 API + 3 lan chay theo du lieu (phai xanh)	Chay Newman - 3 API + 3 lan chay theo du lieu	2026-08-20T08:07:55.1158924Z   └
Regression: 3 API + 3 lan chay theo du lieu (phai xanh)	Chay Newman - 3 API + 3 lan chay theo du lieu	2026-08-20T08:07:55.1198840Z   PUT http://localhost:3000/api/users/me [200 OK, 296B, 4ms]
Regression: 3 API + 3 lan chay theo du lieu (phai xanh)	Chay Newman - 3 API + 3 lan chay theo du lieu	2026-08-20T08:07:55.1241532Z   ✓  [moi request] co header X-Student-Id = 23127344
Regression: 3 API + 3 lan chay theo du lieu (phai xanh)	Chay Newman - 3 API + 3 lan chay theo du lieu	2026-08-20T08:07:55.1288304Z   ✓  Status = 200 (dong CSV DD-P06)
Regression: 3 API + 3 lan chay theo du lieu (phai xanh)	Chay Newman - 3 API + 3 lan chay theo du lieu	2026-08-20T08:07:55.1296972Z   ┌
Regression: 3 API + 3 lan chay theo du lieu (phai xanh)	Chay Newman - 3 API + 3 lan chay theo du lieu	2026-08-20T08:07:55.1297665Z   │ '[DATA] DD-P06 phone=0912-345-678 hopLeTheoFR04=false 
Regression: 3 API + 3 lan chay theo du lieu (phai xanh)	Chay Newman - 3 API + 3 lan chay theo du lieu	2026-08-20T08:07:55.1298361Z   │ | co ky tu khong phai so'
Regression: 3 API + 3 lan chay theo du lieu (phai xanh)	Chay Newman - 3 API + 3 lan chay theo du lieu	2026-08-20T08:07:55.1299903Z   └
Regression: 3 API + 3 lan chay theo du lieu (phai xanh)	Chay Newman - 3 API + 3 lan chay theo du lieu	2026-08-20T08:07:55.1300536Z   ✓  FR-04 (10-11 chu so, bat dau 0) KHONG duoc thuc thi o backend
Regression: 3 API + 3 lan chay theo du lieu (phai xanh)	Chay Newman - 3 API + 3 lan chay theo du lieu	2026-08-20T08:07:55.1340904Z   GET http://localhost:3000/api/users/me [200 OK, 479B, 3ms]
Regression: 3 API + 3 lan chay theo du lieu (phai xanh)	Chay Newman - 3 API + 3 lan chay theo du lieu	2026-08-20T08:07:55.1351174Z   ✓  GET /api/users/me luu dung gia tri phone tu CSV
Regression: 3 API + 3 lan chay theo du lieu (phai xanh)	Chay Newman - 3 API + 3 lan chay theo du lieu	2026-08-20T08:07:55.2812197Z 
Regression: 3 API + 3 lan chay theo du lieu (phai xanh)	Chay Newman - 3 API + 3 lan chay theo du lieu	2026-08-20T08:07:55.2813490Z ┌─────────────────────────┬─────────────────┬─────────────────┐
Regression: 3 API + 3 lan chay theo du lieu (phai xanh)	Chay Newman - 3 API + 3 lan chay theo du lieu	2026-08-20T08:07:55.2814205Z │                         │        executed │          failed │
Regression: 3 API + 3 lan chay theo du lieu (phai xanh)	Chay Newman - 3 API + 3 lan chay theo du lieu	2026-08-20T08:07:55.2814832Z ├─────────────────────────┼─────────────────┼─────────────────┤
Regression: 3 API + 3 lan chay theo du lieu (phai xanh)	Chay Newman - 3 API + 3 lan chay theo du lieu	2026-08-20T08:07:55.2815405Z │              iterations │               6 │               0 │
Regression: 3 API + 3 lan chay theo du lieu (phai xanh)	Chay Newman - 3 API + 3 lan chay theo du lieu	2026-08-20T08:07:55.2815996Z ├─────────────────────────┼─────────────────┼─────────────────┤
Regression: 3 API + 3 lan chay theo du lieu (phai xanh)	Chay Newman - 3 API + 3 lan chay theo du lieu	2026-08-20T08:07:55.2816439Z │                requests │              12 │               0 │
Regression: 3 API + 3 lan chay theo du lieu (phai xanh)	Chay Newman - 3 API + 3 lan chay theo du lieu	2026-08-20T08:07:55.2816922Z ├─────────────────────────┼─────────────────┼─────────────────┤
Regression: 3 API + 3 lan chay theo du lieu (phai xanh)	Chay Newman - 3 API + 3 lan chay theo du lieu	2026-08-20T08:07:55.2817376Z │            test-scripts │              12 │               0 │
Regression: 3 API + 3 lan chay theo du lieu (phai xanh)	Chay Newman - 3 API + 3 lan chay theo du lieu	2026-08-20T08:07:55.2817862Z ├─────────────────────────┼─────────────────┼─────────────────┤
Regression: 3 API + 3 lan chay theo du lieu (phai xanh)	Chay Newman - 3 API + 3 lan chay theo du lieu	2026-08-20T08:07:55.2818338Z │      prerequest-scripts │               6 │               0 │
Regression: 3 API + 3 lan chay theo du lieu (phai xanh)	Chay Newman - 3 API + 3 lan chay theo du lieu	2026-08-20T08:07:55.2819114Z ├─────────────────────────┼─────────────────┼─────────────────┤
Regression: 3 API + 3 lan chay theo du lieu (phai xanh)	Chay Newman - 3 API + 3 lan chay theo du lieu	2026-08-20T08:07:55.2819563Z │              assertions │              24 │               0 │
Regression: 3 API + 3 lan chay theo du lieu (phai xanh)	Chay Newman - 3 API + 3 lan chay theo du lieu	2026-08-20T08:07:55.2820027Z ├─────────────────────────┴─────────────────┴─────────────────┤
Regression: 3 API + 3 lan chay theo du lieu (phai xanh)	Chay Newman - 3 API + 3 lan chay theo du lieu	2026-08-20T08:07:55.2820523Z │ total run duration: 284ms                                   │
Regression: 3 API + 3 lan chay theo du lieu (phai xanh)	Chay Newman - 3 API + 3 lan chay theo du lieu	2026-08-20T08:07:55.2821075Z ├─────────────────────────────────────────────────────────────┤
Regression: 3 API + 3 lan chay theo du lieu (phai xanh)	Chay Newman - 3 API + 3 lan chay theo du lieu	2026-08-20T08:07:55.2822070Z │ total data received: 1.43kB (approx)                        │
Regression: 3 API + 3 lan chay theo du lieu (phai xanh)	Chay Newman - 3 API + 3 lan chay theo du lieu	2026-08-20T08:07:55.2822624Z ├─────────────────────────────────────────────────────────────┤
Regression: 3 API + 3 lan chay theo du lieu (phai xanh)	Chay Newman - 3 API + 3 lan chay theo du lieu	2026-08-20T08:07:55.2823352Z │ average response time: 5ms [min: 2ms, max: 22ms, s.d.: 5ms] │
Regression: 3 API + 3 lan chay theo du lieu (phai xanh)	Chay Newman - 3 API + 3 lan chay theo du lieu	2026-08-20T08:07:55.2823878Z └─────────────────────────────────────────────────────────────┘
Regression: 3 API + 3 lan chay theo du lieu (phai xanh)	Chay Newman - 3 API + 3 lan chay theo du lieu	2026-08-20T08:07:56.2518882Z HW06 - EShop API Testing (23127344)
Regression: 3 API + 3 lan chay theo du lieu (phai xanh)	Chay Newman - 3 API + 3 lan chay theo du lieu	2026-08-20T08:07:56.2522913Z 
Regression: 3 API + 3 lan chay theo du lieu (phai xanh)	Chay Newman - 3 API + 3 lan chay theo du lieu	2026-08-20T08:07:56.2523256Z Iteration 1/6
Regression: 3 API + 3 lan chay theo du lieu (phai xanh)	Chay Newman - 3 API + 3 lan chay theo du lieu	2026-08-20T08:07:56.2577088Z 
Regression: 3 API + 3 lan chay theo du lieu (phai xanh)	Chay Newman - 3 API + 3 lan chay theo du lieu	2026-08-20T08:07:56.2578265Z ❏ DATA2 - Chay theo du lieu: chuyen trang thai don hang (FR-10)
Regression: 3 API + 3 lan chay theo du lieu (phai xanh)	Chay Newman - 3 API + 3 lan chay theo du lieu	2026-08-20T08:07:56.2750858Z ↳ DD-API2-STATE - Chuoi trang thai doc tu data file CSV (newman -d)
Regression: 3 API + 3 lan chay theo du lieu (phai xanh)	Chay Newman - 3 API + 3 lan chay theo du lieu	2026-08-20T08:07:56.2751367Z   ┌
Regression: 3 API + 3 lan chay theo du lieu (phai xanh)	Chay Newman - 3 API + 3 lan chay theo du lieu	2026-08-20T08:07:56.2751720Z   │ '[X-Student-Id] 23127344 -> PUT {{baseUrl}}/api/orders
Regression: 3 API + 3 lan chay theo du lieu (phai xanh)	Chay Newman - 3 API + 3 lan chay theo du lieu	2026-08-20T08:07:56.2770362Z   │ /{{orderId}}/cancel'
Regression: 3 API + 3 lan chay theo du lieu (phai xanh)	Chay Newman - 3 API + 3 lan chay theo du lieu	2026-08-20T08:07:56.2922085Z   └
Regression: 3 API + 3 lan chay theo du lieu (phai xanh)	Chay Newman - 3 API + 3 lan chay theo du lieu	2026-08-20T08:07:56.3170785Z   POST http://localhost:3000/api/checkout [200 OK, 312B, 23ms]
Regression: 3 API + 3 lan chay theo du lieu (phai xanh)	Chay Newman - 3 API + 3 lan chay theo du lieu	2026-08-20T08:07:56.3223927Z   ┌
Regression: 3 API + 3 lan chay theo du lieu (phai xanh)	Chay Newman - 3 API + 3 lan chay theo du lieu	2026-08-20T08:07:56.3225129Z   │ '[SETUP] DD-O01: don #1 (pending), chuoi = []'
Regression: 3 API + 3 lan chay theo du lieu (phai xanh)	Chay Newman - 3 API + 3 lan chay theo du lieu	2026-08-20T08:07:56.3294786Z   └
Regression: 3 API + 3 lan chay theo du lieu (phai xanh)	Chay Newman - 3 API + 3 lan chay theo du lieu	2026-08-20T08:07:56.3341092Z   PUT http://localhost:3000/api/orders/1/cancel [200 OK, 308B, 4ms]
Regression: 3 API + 3 lan chay theo du lieu (phai xanh)	Chay Newman - 3 API + 3 lan chay theo du lieu	2026-08-20T08:07:56.3419134Z   ✓  [moi request] co header X-Student-Id = 23127344
Regression: 3 API + 3 lan chay theo du lieu (phai xanh)	Chay Newman - 3 API + 3 lan chay theo du lieu	2026-08-20T08:07:56.3497174Z   ✓  Status = 200 (dong CSV DD-O01)
Regression: 3 API + 3 lan chay theo du lieu (phai xanh)	Chay Newman - 3 API + 3 lan chay theo du lieu	2026-08-20T08:07:56.3509377Z   ✓  FR-10: chi pending/confirmed moi duoc huy - ghi nhan neu shipping cung huy duoc
Regression: 3 API + 3 lan chay theo du lieu (phai xanh)	Chay Newman - 3 API + 3 lan chay theo du lieu	2026-08-20T08:07:56.3540374Z   GET http://localhost:3000/api/orders/1 [200 OK, 409B, 2ms]
Regression: 3 API + 3 lan chay theo du lieu (phai xanh)	Chay Newman - 3 API + 3 lan chay theo du lieu	2026-08-20T08:07:56.3554098Z   ┌
Regression: 3 API + 3 lan chay theo du lieu (phai xanh)	Chay Newman - 3 API + 3 lan chay theo du lieu	2026-08-20T08:07:56.3554697Z   │ '[DATA] DD-O01 -> HTTP 200, status cuoi = canceled | p
Regression: 3 API + 3 lan chay theo du lieu (phai xanh)	Chay Newman - 3 API + 3 lan chay theo du lieu	2026-08-20T08:07:56.3555402Z   │ ending -> canceled: chuyen tiep hop le theo FR-10'
Regression: 3 API + 3 lan chay theo du lieu (phai xanh)	Chay Newman - 3 API + 3 lan chay theo du lieu	2026-08-20T08:07:56.3556407Z   └
Regression: 3 API + 3 lan chay theo du lieu (phai xanh)	Chay Newman - 3 API + 3 lan chay theo du lieu	2026-08-20T08:07:56.3556868Z   ✓  Trang thai cuoi cua don = canceled
Regression: 3 API + 3 lan chay theo du lieu (phai xanh)	Chay Newman - 3 API + 3 lan chay theo du lieu	2026-08-20T08:07:56.3596244Z 
Regression: 3 API + 3 lan chay theo du lieu (phai xanh)	Chay Newman - 3 API + 3 lan chay theo du lieu	2026-08-20T08:07:56.3596532Z Iteration 2/6
Regression: 3 API + 3 lan chay theo du lieu (phai xanh)	Chay Newman - 3 API + 3 lan chay theo du lieu	2026-08-20T08:07:56.3611454Z 
Regression: 3 API + 3 lan chay theo du lieu (phai xanh)	Chay Newman - 3 API + 3 lan chay theo du lieu	2026-08-20T08:07:56.3612143Z ↳ DD-API2-STATE - Chuoi trang thai doc tu data file CSV (newman -d)
Regression: 3 API + 3 lan chay theo du lieu (phai xanh)	Chay Newman - 3 API + 3 lan chay theo du lieu	2026-08-20T08:07:56.3655134Z   ┌
Regression: 3 API + 3 lan chay theo du lieu (phai xanh)	Chay Newman - 3 API + 3 lan chay theo du lieu	2026-08-20T08:07:56.3655771Z   │ '[X-Student-Id] 23127344 -> PUT {{baseUrl}}/api/orders
Regression: 3 API + 3 lan chay theo du lieu (phai xanh)	Chay Newman - 3 API + 3 lan chay theo du lieu	2026-08-20T08:07:56.3656532Z   │ /{{orderId}}/cancel'
Regression: 3 API + 3 lan chay theo du lieu (phai xanh)	Chay Newman - 3 API + 3 lan chay theo du lieu	2026-08-20T08:07:56.3722877Z   └
Regression: 3 API + 3 lan chay theo du lieu (phai xanh)	Chay Newman - 3 API + 3 lan chay theo du lieu	2026-08-20T08:07:56.3779708Z   POST http://localhost:3000/api/checkout [200 OK, 312B, 4ms]
Regression: 3 API + 3 lan chay theo du lieu (phai xanh)	Chay Newman - 3 API + 3 lan chay theo du lieu	2026-08-20T08:07:56.3789685Z   ┌
Regression: 3 API + 3 lan chay theo du lieu (phai xanh)	Chay Newman - 3 API + 3 lan chay theo du lieu	2026-08-20T08:07:56.3790567Z   │ '[SETUP] DD-O02: don #2 (pending), chuoi = ["confirmed
Regression: 3 API + 3 lan chay theo du lieu (phai xanh)	Chay Newman - 3 API + 3 lan chay theo du lieu	2026-08-20T08:07:56.3791415Z   │ "]'
Regression: 3 API + 3 lan chay theo du lieu (phai xanh)	Chay Newman - 3 API + 3 lan chay theo du lieu	2026-08-20T08:07:56.3801982Z   └
Regression: 3 API + 3 lan chay theo du lieu (phai xanh)	Chay Newman - 3 API + 3 lan chay theo du lieu	2026-08-20T08:07:56.3843852Z   PUT http://localhost:3000/api/admin/orders/2/status [200 OK, 301B, 3ms]
Regression: 3 API + 3 lan chay theo du lieu (phai xanh)	Chay Newman - 3 API + 3 lan chay theo du lieu	2026-08-20T08:07:56.3853416Z   ┌
Regression: 3 API + 3 lan chay theo du lieu (phai xanh)	Chay Newman - 3 API + 3 lan chay theo du lieu	2026-08-20T08:07:56.3853954Z   │ '[SETUP] don #2 -> confirmed (HTTP 200)'
Regression: 3 API + 3 lan chay theo du lieu (phai xanh)	Chay Newman - 3 API + 3 lan chay theo du lieu	2026-08-20T08:07:56.3901529Z   └
Regression: 3 API + 3 lan chay theo du lieu (phai xanh)	Chay Newman - 3 API + 3 lan chay theo du lieu	2026-08-20T08:07:56.3946926Z   PUT http://localhost:3000/api/orders/2/cancel [200 OK, 308B, 4ms]
Regression: 3 API + 3 lan chay theo du lieu (phai xanh)	Chay Newman - 3 API + 3 lan chay theo du lieu	2026-08-20T08:07:56.4001975Z   ✓  [moi request] co header X-Student-Id = 23127344
Regression: 3 API + 3 lan chay theo du lieu (phai xanh)	Chay Newman - 3 API + 3 lan chay theo du lieu	2026-08-20T08:07:56.4065788Z   ✓  Status = 200 (dong CSV DD-O02)
Regression: 3 API + 3 lan chay theo du lieu (phai xanh)	Chay Newman - 3 API + 3 lan chay theo du lieu	2026-08-20T08:07:56.4075524Z   ✓  FR-10: chi pending/confirmed moi duoc huy - ghi nhan neu shipping cung huy duoc
Regression: 3 API + 3 lan chay theo du lieu (phai xanh)	Chay Newman - 3 API + 3 lan chay theo du lieu	2026-08-20T08:07:56.4114650Z   GET http://localhost:3000/api/orders/2 [200 OK, 409B, 3ms]
Regression: 3 API + 3 lan chay theo du lieu (phai xanh)	Chay Newman - 3 API + 3 lan chay theo du lieu	2026-08-20T08:07:56.4129175Z   ┌
Regression: 3 API + 3 lan chay theo du lieu (phai xanh)	Chay Newman - 3 API + 3 lan chay theo du lieu	2026-08-20T08:07:56.4129868Z   │ '[DATA] DD-O02 -> HTTP 200, status cuoi = canceled | c
Regression: 3 API + 3 lan chay theo du lieu (phai xanh)	Chay Newman - 3 API + 3 lan chay theo du lieu	2026-08-20T08:07:56.4130493Z   │ onfirmed -> canceled: chuyen tiep hop le theo FR-10'
Regression: 3 API + 3 lan chay theo du lieu (phai xanh)	Chay Newman - 3 API + 3 lan chay theo du lieu	2026-08-20T08:07:56.4131159Z   └
Regression: 3 API + 3 lan chay theo du lieu (phai xanh)	Chay Newman - 3 API + 3 lan chay theo du lieu	2026-08-20T08:07:56.4131634Z   ✓  Trang thai cuoi cua don = canceled
Regression: 3 API + 3 lan chay theo du lieu (phai xanh)	Chay Newman - 3 API + 3 lan chay theo du lieu	2026-08-20T08:07:56.4171454Z 
Regression: 3 API + 3 lan chay theo du lieu (phai xanh)	Chay Newman - 3 API + 3 lan chay theo du lieu	2026-08-20T08:07:56.4171821Z Iteration 3/6
Regression: 3 API + 3 lan chay theo du lieu (phai xanh)	Chay Newman - 3 API + 3 lan chay theo du lieu	2026-08-20T08:07:56.4185749Z 
Regression: 3 API + 3 lan chay theo du lieu (phai xanh)	Chay Newman - 3 API + 3 lan chay theo du lieu	2026-08-20T08:07:56.4186526Z ↳ DD-API2-STATE - Chuoi trang thai doc tu data file CSV (newman -d)
Regression: 3 API + 3 lan chay theo du lieu (phai xanh)	Chay Newman - 3 API + 3 lan chay theo du lieu	2026-08-20T08:07:56.4230995Z   ┌
Regression: 3 API + 3 lan chay theo du lieu (phai xanh)	Chay Newman - 3 API + 3 lan chay theo du lieu	2026-08-20T08:07:56.4231888Z   │ '[X-Student-Id] 23127344 -> PUT {{baseUrl}}/api/orders
Regression: 3 API + 3 lan chay theo du lieu (phai xanh)	Chay Newman - 3 API + 3 lan chay theo du lieu	2026-08-20T08:07:56.4232499Z   │ /{{orderId}}/cancel'
Regression: 3 API + 3 lan chay theo du lieu (phai xanh)	Chay Newman - 3 API + 3 lan chay theo du lieu	2026-08-20T08:07:56.4289409Z   └
Regression: 3 API + 3 lan chay theo du lieu (phai xanh)	Chay Newman - 3 API + 3 lan chay theo du lieu	2026-08-20T08:07:56.4332435Z   POST http://localhost:3000/api/checkout [200 OK, 312B, 4ms]
Regression: 3 API + 3 lan chay theo du lieu (phai xanh)	Chay Newman - 3 API + 3 lan chay theo du lieu	2026-08-20T08:07:56.4342126Z   ┌
Regression: 3 API + 3 lan chay theo du lieu (phai xanh)	Chay Newman - 3 API + 3 lan chay theo du lieu	2026-08-20T08:07:56.4342565Z   │ '[SETUP] DD-O03: don #3 (pending), chuoi = ["confirmed
Regression: 3 API + 3 lan chay theo du lieu (phai xanh)	Chay Newman - 3 API + 3 lan chay theo du lieu	2026-08-20T08:07:56.4342982Z   │ ","shipping"]'
Regression: 3 API + 3 lan chay theo du lieu (phai xanh)	Chay Newman - 3 API + 3 lan chay theo du lieu	2026-08-20T08:07:56.4362312Z   └
Regression: 3 API + 3 lan chay theo du lieu (phai xanh)	Chay Newman - 3 API + 3 lan chay theo du lieu	2026-08-20T08:07:56.4415272Z   PUT http://localhost:3000/api/admin/orders/3/status [200 OK, 301B, 5ms]
Regression: 3 API + 3 lan chay theo du lieu (phai xanh)	Chay Newman - 3 API + 3 lan chay theo du lieu	2026-08-20T08:07:56.4423133Z   ┌
Regression: 3 API + 3 lan chay theo du lieu (phai xanh)	Chay Newman - 3 API + 3 lan chay theo du lieu	2026-08-20T08:07:56.4423615Z   │ '[SETUP] don #3 -> confirmed (HTTP 200)'
Regression: 3 API + 3 lan chay theo du lieu (phai xanh)	Chay Newman - 3 API + 3 lan chay theo du lieu	2026-08-20T08:07:56.4447562Z   └
Regression: 3 API + 3 lan chay theo du lieu (phai xanh)	Chay Newman - 3 API + 3 lan chay theo du lieu	2026-08-20T08:07:56.4485381Z   PUT http://localhost:3000/api/admin/orders/3/status [200 OK, 301B, 4ms]
Regression: 3 API + 3 lan chay theo du lieu (phai xanh)	Chay Newman - 3 API + 3 lan chay theo du lieu	2026-08-20T08:07:56.4493529Z   ┌
Regression: 3 API + 3 lan chay theo du lieu (phai xanh)	Chay Newman - 3 API + 3 lan chay theo du lieu	2026-08-20T08:07:56.4494131Z   │ '[SETUP] don #3 -> shipping (HTTP 200)'
Regression: 3 API + 3 lan chay theo du lieu (phai xanh)	Chay Newman - 3 API + 3 lan chay theo du lieu	2026-08-20T08:07:56.4551464Z   └
Regression: 3 API + 3 lan chay theo du lieu (phai xanh)	Chay Newman - 3 API + 3 lan chay theo du lieu	2026-08-20T08:07:56.4593377Z   PUT http://localhost:3000/api/orders/3/cancel [200 OK, 308B, 4ms]
Regression: 3 API + 3 lan chay theo du lieu (phai xanh)	Chay Newman - 3 API + 3 lan chay theo du lieu	2026-08-20T08:07:56.4641202Z   ✓  [moi request] co header X-Student-Id = 23127344
Regression: 3 API + 3 lan chay theo du lieu (phai xanh)	Chay Newman - 3 API + 3 lan chay theo du lieu	2026-08-20T08:07:56.4699758Z   ✓  Status = 200 (dong CSV DD-O03)
Regression: 3 API + 3 lan chay theo du lieu (phai xanh)	Chay Newman - 3 API + 3 lan chay theo du lieu	2026-08-20T08:07:56.4708889Z   ┌
Regression: 3 API + 3 lan chay theo du lieu (phai xanh)	Chay Newman - 3 API + 3 lan chay theo du lieu	2026-08-20T08:07:56.4709380Z   │ '[BUG-06] don o trang thai shipping bi user huy thanh 
Regression: 3 API + 3 lan chay theo du lieu (phai xanh)	Chay Newman - 3 API + 3 lan chay theo du lieu	2026-08-20T08:07:56.4709977Z   │ cong (HTTP 200) - trai FR-10'
Regression: 3 API + 3 lan chay theo du lieu (phai xanh)	Chay Newman - 3 API + 3 lan chay theo du lieu	2026-08-20T08:07:56.4711103Z   └
Regression: 3 API + 3 lan chay theo du lieu (phai xanh)	Chay Newman - 3 API + 3 lan chay theo du lieu	2026-08-20T08:07:56.4711744Z   ✓  FR-10: chi pending/confirmed moi duoc huy - ghi nhan neu shipping cung huy duoc
Regression: 3 API + 3 lan chay theo du lieu (phai xanh)	Chay Newman - 3 API + 3 lan chay theo du lieu	2026-08-20T08:07:56.4735849Z   GET http://localhost:3000/api/orders/3 [200 OK, 409B, 2ms]
Regression: 3 API + 3 lan chay theo du lieu (phai xanh)	Chay Newman - 3 API + 3 lan chay theo du lieu	2026-08-20T08:07:56.4747631Z   ┌
Regression: 3 API + 3 lan chay theo du lieu (phai xanh)	Chay Newman - 3 API + 3 lan chay theo du lieu	2026-08-20T08:07:56.4748296Z   │ '[DATA] DD-O03 -> HTTP 200, status cuoi = canceled | s
Regression: 3 API + 3 lan chay theo du lieu (phai xanh)	Chay Newman - 3 API + 3 lan chay theo du lieu	2026-08-20T08:07:56.4749141Z   │ hipping -> canceled: FR-10 CAM nhung server.js:328 cho
Regression: 3 API + 3 lan chay theo du lieu (phai xanh)	Chay Newman - 3 API + 3 lan chay theo du lieu	2026-08-20T08:07:56.4749547Z   │  qua (BUG-06)'
Regression: 3 API + 3 lan chay theo du lieu (phai xanh)	Chay Newman - 3 API + 3 lan chay theo du lieu	2026-08-20T08:07:56.4750090Z   └
Regression: 3 API + 3 lan chay theo du lieu (phai xanh)	Chay Newman - 3 API + 3 lan chay theo du lieu	2026-08-20T08:07:56.4750419Z   ✓  Trang thai cuoi cua don = canceled
Regression: 3 API + 3 lan chay theo du lieu (phai xanh)	Chay Newman - 3 API + 3 lan chay theo du lieu	2026-08-20T08:07:56.4802361Z 
Regression: 3 API + 3 lan chay theo du lieu (phai xanh)	Chay Newman - 3 API + 3 lan chay theo du lieu	2026-08-20T08:07:56.4802735Z Iteration 4/6
Regression: 3 API + 3 lan chay theo du lieu (phai xanh)	Chay Newman - 3 API + 3 lan chay theo du lieu	2026-08-20T08:07:56.4816475Z 
Regression: 3 API + 3 lan chay theo du lieu (phai xanh)	Chay Newman - 3 API + 3 lan chay theo du lieu	2026-08-20T08:07:56.4817549Z ↳ DD-API2-STATE - Chuoi trang thai doc tu data file CSV (newman -d)
Regression: 3 API + 3 lan chay theo du lieu (phai xanh)	Chay Newman - 3 API + 3 lan chay theo du lieu	2026-08-20T08:07:56.4859610Z   ┌
Regression: 3 API + 3 lan chay theo du lieu (phai xanh)	Chay Newman - 3 API + 3 lan chay theo du lieu	2026-08-20T08:07:56.4860410Z   │ '[X-Student-Id] 23127344 -> PUT {{baseUrl}}/api/orders
Regression: 3 API + 3 lan chay theo du lieu (phai xanh)	Chay Newman - 3 API + 3 lan chay theo du lieu	2026-08-20T08:07:56.4861113Z   │ /{{orderId}}/cancel'
Regression: 3 API + 3 lan chay theo du lieu (phai xanh)	Chay Newman - 3 API + 3 lan chay theo du lieu	2026-08-20T08:07:56.4941838Z   └
Regression: 3 API + 3 lan chay theo du lieu (phai xanh)	Chay Newman - 3 API + 3 lan chay theo du lieu	2026-08-20T08:07:56.4980911Z   POST http://localhost:3000/api/checkout [200 OK, 312B, 3ms]
Regression: 3 API + 3 lan chay theo du lieu (phai xanh)	Chay Newman - 3 API + 3 lan chay theo du lieu	2026-08-20T08:07:56.4991152Z   ┌
Regression: 3 API + 3 lan chay theo du lieu (phai xanh)	Chay Newman - 3 API + 3 lan chay theo du lieu	2026-08-20T08:07:56.4991814Z   │ '[SETUP] DD-O04: don #4 (pending), chuoi = ["confirmed
Regression: 3 API + 3 lan chay theo du lieu (phai xanh)	Chay Newman - 3 API + 3 lan chay theo du lieu	2026-08-20T08:07:56.4992405Z   │ ","shipping","delivered"]'
Regression: 3 API + 3 lan chay theo du lieu (phai xanh)	Chay Newman - 3 API + 3 lan chay theo du lieu	2026-08-20T08:07:56.5019839Z   └
Regression: 3 API + 3 lan chay theo du lieu (phai xanh)	Chay Newman - 3 API + 3 lan chay theo du lieu	2026-08-20T08:07:56.5069461Z   PUT http://localhost:3000/api/admin/orders/4/status [200 OK, 301B, 5ms]
Regression: 3 API + 3 lan chay theo du lieu (phai xanh)	Chay Newman - 3 API + 3 lan chay theo du lieu	2026-08-20T08:07:56.5078208Z   ┌
Regression: 3 API + 3 lan chay theo du lieu (phai xanh)	Chay Newman - 3 API + 3 lan chay theo du lieu	2026-08-20T08:07:56.5078858Z   │ '[SETUP] don #4 -> confirmed (HTTP 200)'
Regression: 3 API + 3 lan chay theo du lieu (phai xanh)	Chay Newman - 3 API + 3 lan chay theo du lieu	2026-08-20T08:07:56.5092820Z   └
Regression: 3 API + 3 lan chay theo du lieu (phai xanh)	Chay Newman - 3 API + 3 lan chay theo du lieu	2026-08-20T08:07:56.5131860Z   PUT http://localhost:3000/api/admin/orders/4/status [200 OK, 301B, 3ms]
Regression: 3 API + 3 lan chay theo du lieu (phai xanh)	Chay Newman - 3 API + 3 lan chay theo du lieu	2026-08-20T08:07:56.5139884Z   ┌
Regression: 3 API + 3 lan chay theo du lieu (phai xanh)	Chay Newman - 3 API + 3 lan chay theo du lieu	2026-08-20T08:07:56.5140311Z   │ '[SETUP] don #4 -> shipping (HTTP 200)'
Regression: 3 API + 3 lan chay theo du lieu (phai xanh)	Chay Newman - 3 API + 3 lan chay theo du lieu	2026-08-20T08:07:56.5150934Z   └
Regression: 3 API + 3 lan chay theo du lieu (phai xanh)	Chay Newman - 3 API + 3 lan chay theo du lieu	2026-08-20T08:07:56.5185178Z   PUT http://localhost:3000/api/admin/orders/4/status [200 OK, 301B, 3ms]
Regression: 3 API + 3 lan chay theo du lieu (phai xanh)	Chay Newman - 3 API + 3 lan chay theo du lieu	2026-08-20T08:07:56.5195988Z   ┌
Regression: 3 API + 3 lan chay theo du lieu (phai xanh)	Chay Newman - 3 API + 3 lan chay theo du lieu	2026-08-20T08:07:56.5196523Z   │ '[SETUP] don #4 -> delivered (HTTP 200)'
Regression: 3 API + 3 lan chay theo du lieu (phai xanh)	Chay Newman - 3 API + 3 lan chay theo du lieu	2026-08-20T08:07:56.5252013Z   └
Regression: 3 API + 3 lan chay theo du lieu (phai xanh)	Chay Newman - 3 API + 3 lan chay theo du lieu	2026-08-20T08:07:56.5279688Z   PUT http://localhost:3000/api/orders/4/cancel [400 Bad Request, 313B, 2ms]
Regression: 3 API + 3 lan chay theo du lieu (phai xanh)	Chay Newman - 3 API + 3 lan chay theo du lieu	2026-08-20T08:07:56.5327682Z   ✓  [moi request] co header X-Student-Id = 23127344
Regression: 3 API + 3 lan chay theo du lieu (phai xanh)	Chay Newman - 3 API + 3 lan chay theo du lieu	2026-08-20T08:07:56.5391840Z   ✓  Status = 400 (dong CSV DD-O04)
Regression: 3 API + 3 lan chay theo du lieu (phai xanh)	Chay Newman - 3 API + 3 lan chay theo du lieu	2026-08-20T08:07:56.5401234Z   ✓  FR-10: chi pending/confirmed moi duoc huy - ghi nhan neu shipping cung huy duoc
Regression: 3 API + 3 lan chay theo du lieu (phai xanh)	Chay Newman - 3 API + 3 lan chay theo du lieu	2026-08-20T08:07:56.5439292Z   GET http://localhost:3000/api/orders/4 [200 OK, 410B, 3ms]
Regression: 3 API + 3 lan chay theo du lieu (phai xanh)	Chay Newman - 3 API + 3 lan chay theo du lieu	2026-08-20T08:07:56.5450731Z   ┌
Regression: 3 API + 3 lan chay theo du lieu (phai xanh)	Chay Newman - 3 API + 3 lan chay theo du lieu	2026-08-20T08:07:56.5451422Z   │ '[DATA] DD-O04 -> HTTP 400, status cuoi = delivered | 
Regression: 3 API + 3 lan chay theo du lieu (phai xanh)	Chay Newman - 3 API + 3 lan chay theo du lieu	2026-08-20T08:07:56.5452294Z   │ delivered la trang thai ket thuc -> tu choi 400'
Regression: 3 API + 3 lan chay theo du lieu (phai xanh)	Chay Newman - 3 API + 3 lan chay theo du lieu	2026-08-20T08:07:56.5452957Z   └
Regression: 3 API + 3 lan chay theo du lieu (phai xanh)	Chay Newman - 3 API + 3 lan chay theo du lieu	2026-08-20T08:07:56.5453515Z   ✓  Trang thai cuoi cua don = delivered
Regression: 3 API + 3 lan chay theo du lieu (phai xanh)	Chay Newman - 3 API + 3 lan chay theo du lieu	2026-08-20T08:07:56.5480134Z 
Regression: 3 API + 3 lan chay theo du lieu (phai xanh)	Chay Newman - 3 API + 3 lan chay theo du lieu	2026-08-20T08:07:56.5480479Z Iteration 5/6
Regression: 3 API + 3 lan chay theo du lieu (phai xanh)	Chay Newman - 3 API + 3 lan chay theo du lieu	2026-08-20T08:07:56.5493335Z 
Regression: 3 API + 3 lan chay theo du lieu (phai xanh)	Chay Newman - 3 API + 3 lan chay theo du lieu	2026-08-20T08:07:56.5494247Z ↳ DD-API2-STATE - Chuoi trang thai doc tu data file CSV (newman -d)
Regression: 3 API + 3 lan chay theo du lieu (phai xanh)	Chay Newman - 3 API + 3 lan chay theo du lieu	2026-08-20T08:07:56.5524326Z   ┌
Regression: 3 API + 3 lan chay theo du lieu (phai xanh)	Chay Newman - 3 API + 3 lan chay theo du lieu	2026-08-20T08:07:56.5524995Z   │ '[X-Student-Id] 23127344 -> PUT {{baseUrl}}/api/orders
Regression: 3 API + 3 lan chay theo du lieu (phai xanh)	Chay Newman - 3 API + 3 lan chay theo du lieu	2026-08-20T08:07:56.5525811Z   │ /{{orderId}}/cancel'
Regression: 3 API + 3 lan chay theo du lieu (phai xanh)	Chay Newman - 3 API + 3 lan chay theo du lieu	2026-08-20T08:07:56.5577473Z   └
Regression: 3 API + 3 lan chay theo du lieu (phai xanh)	Chay Newman - 3 API + 3 lan chay theo du lieu	2026-08-20T08:07:56.5614085Z   POST http://localhost:3000/api/checkout [200 OK, 312B, 4ms]
Regression: 3 API + 3 lan chay theo du lieu (phai xanh)	Chay Newman - 3 API + 3 lan chay theo du lieu	2026-08-20T08:07:56.5623631Z   ┌
Regression: 3 API + 3 lan chay theo du lieu (phai xanh)	Chay Newman - 3 API + 3 lan chay theo du lieu	2026-08-20T08:07:56.5624367Z   │ '[SETUP] DD-O05: don #5 (pending), chuoi = ["cancel"]'
Regression: 3 API + 3 lan chay theo du lieu (phai xanh)	Chay Newman - 3 API + 3 lan chay theo du lieu	2026-08-20T08:07:56.5645187Z   └
Regression: 3 API + 3 lan chay theo du lieu (phai xanh)	Chay Newman - 3 API + 3 lan chay theo du lieu	2026-08-20T08:07:56.5685769Z   PUT http://localhost:3000/api/orders/5/cancel [200 OK, 308B, 4ms]
Regression: 3 API + 3 lan chay theo du lieu (phai xanh)	Chay Newman - 3 API + 3 lan chay theo du lieu	2026-08-20T08:07:56.5694056Z   ┌
Regression: 3 API + 3 lan chay theo du lieu (phai xanh)	Chay Newman - 3 API + 3 lan chay theo du lieu	2026-08-20T08:07:56.5694742Z   │ '[SETUP] don #5 -> user huy (HTTP 200)'
Regression: 3 API + 3 lan chay theo du lieu (phai xanh)	Chay Newman - 3 API + 3 lan chay theo du lieu	2026-08-20T08:07:56.5737554Z   └
Regression: 3 API + 3 lan chay theo du lieu (phai xanh)	Chay Newman - 3 API + 3 lan chay theo du lieu	2026-08-20T08:07:56.5758888Z   PUT http://localhost:3000/api/orders/5/cancel [400 Bad Request, 313B, 2ms]
Regression: 3 API + 3 lan chay theo du lieu (phai xanh)	Chay Newman - 3 API + 3 lan chay theo du lieu	2026-08-20T08:07:56.5809670Z   ✓  [moi request] co header X-Student-Id = 23127344
Regression: 3 API + 3 lan chay theo du lieu (phai xanh)	Chay Newman - 3 API + 3 lan chay theo du lieu	2026-08-20T08:07:56.5870070Z   ✓  Status = 400 (dong CSV DD-O05)
Regression: 3 API + 3 lan chay theo du lieu (phai xanh)	Chay Newman - 3 API + 3 lan chay theo du lieu	2026-08-20T08:07:56.5878455Z   ✓  FR-10: chi pending/confirmed moi duoc huy - ghi nhan neu shipping cung huy duoc
Regression: 3 API + 3 lan chay theo du lieu (phai xanh)	Chay Newman - 3 API + 3 lan chay theo du lieu	2026-08-20T08:07:56.5905398Z   GET http://localhost:3000/api/orders/5 [200 OK, 409B, 2ms]
Regression: 3 API + 3 lan chay theo du lieu (phai xanh)	Chay Newman - 3 API + 3 lan chay theo du lieu	2026-08-20T08:07:56.5918231Z   ┌
Regression: 3 API + 3 lan chay theo du lieu (phai xanh)	Chay Newman - 3 API + 3 lan chay theo du lieu	2026-08-20T08:07:56.5919626Z   │ '[DATA] DD-O05 -> HTTP 400, status cuoi = canceled | d
Regression: 3 API + 3 lan chay theo du lieu (phai xanh)	Chay Newman - 3 API + 3 lan chay theo du lieu	2026-08-20T08:07:56.5920929Z   │ a canceled roi -> tu choi 400, trang thai bat bien'
Regression: 3 API + 3 lan chay theo du lieu (phai xanh)	Chay Newman - 3 API + 3 lan chay theo du lieu	2026-08-20T08:07:56.5921810Z   └
Regression: 3 API + 3 lan chay theo du lieu (phai xanh)	Chay Newman - 3 API + 3 lan chay theo du lieu	2026-08-20T08:07:56.5922549Z   ✓  Trang thai cuoi cua don = canceled
Regression: 3 API + 3 lan chay theo du lieu (phai xanh)	Chay Newman - 3 API + 3 lan chay theo du lieu	2026-08-20T08:07:56.5940213Z 
Regression: 3 API + 3 lan chay theo du lieu (phai xanh)	Chay Newman - 3 API + 3 lan chay theo du lieu	2026-08-20T08:07:56.5940432Z Iteration 6/6
Regression: 3 API + 3 lan chay theo du lieu (phai xanh)	Chay Newman - 3 API + 3 lan chay theo du lieu	2026-08-20T08:07:56.5953564Z 
Regression: 3 API + 3 lan chay theo du lieu (phai xanh)	Chay Newman - 3 API + 3 lan chay theo du lieu	2026-08-20T08:07:56.5954283Z ↳ DD-API2-STATE - Chuoi trang thai doc tu data file CSV (newman -d)
Regression: 3 API + 3 lan chay theo du lieu (phai xanh)	Chay Newman - 3 API + 3 lan chay theo du lieu	2026-08-20T08:07:56.5987090Z   ┌
Regression: 3 API + 3 lan chay theo du lieu (phai xanh)	Chay Newman - 3 API + 3 lan chay theo du lieu	2026-08-20T08:07:56.5987763Z   │ '[X-Student-Id] 23127344 -> PUT {{baseUrl}}/api/orders
Regression: 3 API + 3 lan chay theo du lieu (phai xanh)	Chay Newman - 3 API + 3 lan chay theo du lieu	2026-08-20T08:07:56.5988314Z   │ /{{orderId}}/cancel'
Regression: 3 API + 3 lan chay theo du lieu (phai xanh)	Chay Newman - 3 API + 3 lan chay theo du lieu	2026-08-20T08:07:56.6032805Z   └
Regression: 3 API + 3 lan chay theo du lieu (phai xanh)	Chay Newman - 3 API + 3 lan chay theo du lieu	2026-08-20T08:07:56.6073028Z   POST http://localhost:3000/api/checkout [200 OK, 312B, 4ms]
Regression: 3 API + 3 lan chay theo du lieu (phai xanh)	Chay Newman - 3 API + 3 lan chay theo du lieu	2026-08-20T08:07:56.6082305Z   ┌
Regression: 3 API + 3 lan chay theo du lieu (phai xanh)	Chay Newman - 3 API + 3 lan chay theo du lieu	2026-08-20T08:07:56.6082962Z   │ '[SETUP] DD-O06: don #6 (pending), chuoi = ["confirmed
Regression: 3 API + 3 lan chay theo du lieu (phai xanh)	Chay Newman - 3 API + 3 lan chay theo du lieu	2026-08-20T08:07:56.6083453Z   │ ","cancel"]'
Regression: 3 API + 3 lan chay theo du lieu (phai xanh)	Chay Newman - 3 API + 3 lan chay theo du lieu	2026-08-20T08:07:56.6106858Z   └
Regression: 3 API + 3 lan chay theo du lieu (phai xanh)	Chay Newman - 3 API + 3 lan chay theo du lieu	2026-08-20T08:07:56.6182209Z   PUT http://localhost:3000/api/admin/orders/6/status [200 OK, 301B, 7ms]
Regression: 3 API + 3 lan chay theo du lieu (phai xanh)	Chay Newman - 3 API + 3 lan chay theo du lieu	2026-08-20T08:07:56.6190671Z   ┌
Regression: 3 API + 3 lan chay theo du lieu (phai xanh)	Chay Newman - 3 API + 3 lan chay theo du lieu	2026-08-20T08:07:56.6191244Z   │ '[SETUP] don #6 -> confirmed (HTTP 200)'
Regression: 3 API + 3 lan chay theo du lieu (phai xanh)	Chay Newman - 3 API + 3 lan chay theo du lieu	2026-08-20T08:07:56.6200753Z   └
Regression: 3 API + 3 lan chay theo du lieu (phai xanh)	Chay Newman - 3 API + 3 lan chay theo du lieu	2026-08-20T08:07:56.6244011Z   PUT http://localhost:3000/api/orders/6/cancel [200 OK, 308B, 3ms]
Regression: 3 API + 3 lan chay theo du lieu (phai xanh)	Chay Newman - 3 API + 3 lan chay theo du lieu	2026-08-20T08:07:56.6246855Z   ┌
Regression: 3 API + 3 lan chay theo du lieu (phai xanh)	Chay Newman - 3 API + 3 lan chay theo du lieu	2026-08-20T08:07:56.6247448Z   │ '[SETUP] don #6 -> user huy (HTTP 200)'
Regression: 3 API + 3 lan chay theo du lieu (phai xanh)	Chay Newman - 3 API + 3 lan chay theo du lieu	2026-08-20T08:07:56.6292394Z   └
Regression: 3 API + 3 lan chay theo du lieu (phai xanh)	Chay Newman - 3 API + 3 lan chay theo du lieu	2026-08-20T08:07:56.6316164Z   PUT http://localhost:3000/api/orders/6/cancel [400 Bad Request, 313B, 2ms]
Regression: 3 API + 3 lan chay theo du lieu (phai xanh)	Chay Newman - 3 API + 3 lan chay theo du lieu	2026-08-20T08:07:56.6357127Z   ✓  [moi request] co header X-Student-Id = 23127344
Regression: 3 API + 3 lan chay theo du lieu (phai xanh)	Chay Newman - 3 API + 3 lan chay theo du lieu	2026-08-20T08:07:56.6402434Z   ✓  Status = 400 (dong CSV DD-O06)
Regression: 3 API + 3 lan chay theo du lieu (phai xanh)	Chay Newman - 3 API + 3 lan chay theo du lieu	2026-08-20T08:07:56.6409582Z   ✓  FR-10: chi pending/confirmed moi duoc huy - ghi nhan neu shipping cung huy duoc
Regression: 3 API + 3 lan chay theo du lieu (phai xanh)	Chay Newman - 3 API + 3 lan chay theo du lieu	2026-08-20T08:07:56.6445424Z   GET http://localhost:3000/api/orders/6 [200 OK, 409B, 3ms]
Regression: 3 API + 3 lan chay theo du lieu (phai xanh)	Chay Newman - 3 API + 3 lan chay theo du lieu	2026-08-20T08:07:56.6458504Z   ┌
Regression: 3 API + 3 lan chay theo du lieu (phai xanh)	Chay Newman - 3 API + 3 lan chay theo du lieu	2026-08-20T08:07:56.6459348Z   │ '[DATA] DD-O06 -> HTTP 400, status cuoi = canceled | c
Regression: 3 API + 3 lan chay theo du lieu (phai xanh)	Chay Newman - 3 API + 3 lan chay theo du lieu	2026-08-20T08:07:56.6460072Z   │ onfirmed roi huy roi huy lai -> tu choi 400'
Regression: 3 API + 3 lan chay theo du lieu (phai xanh)	Chay Newman - 3 API + 3 lan chay theo du lieu	2026-08-20T08:07:56.6461118Z   └
Regression: 3 API + 3 lan chay theo du lieu (phai xanh)	Chay Newman - 3 API + 3 lan chay theo du lieu	2026-08-20T08:07:56.6461647Z   ✓  Trang thai cuoi cua don = canceled
Regression: 3 API + 3 lan chay theo du lieu (phai xanh)	Chay Newman - 3 API + 3 lan chay theo du lieu	2026-08-20T08:07:56.7962107Z 
Regression: 3 API + 3 lan chay theo du lieu (phai xanh)	Chay Newman - 3 API + 3 lan chay theo du lieu	2026-08-20T08:07:56.7963231Z ┌─────────────────────────┬─────────────────┬─────────────────┐
Regression: 3 API + 3 lan chay theo du lieu (phai xanh)	Chay Newman - 3 API + 3 lan chay theo du lieu	2026-08-20T08:07:56.7964033Z │                         │        executed │          failed │
Regression: 3 API + 3 lan chay theo du lieu (phai xanh)	Chay Newman - 3 API + 3 lan chay theo du lieu	2026-08-20T08:07:56.7964845Z ├─────────────────────────┼─────────────────┼─────────────────┤
Regression: 3 API + 3 lan chay theo du lieu (phai xanh)	Chay Newman - 3 API + 3 lan chay theo du lieu	2026-08-20T08:07:56.7965585Z │              iterations │               6 │               0 │
Regression: 3 API + 3 lan chay theo du lieu (phai xanh)	Chay Newman - 3 API + 3 lan chay theo du lieu	2026-08-20T08:07:56.7966355Z ├─────────────────────────┼─────────────────┼─────────────────┤
Regression: 3 API + 3 lan chay theo du lieu (phai xanh)	Chay Newman - 3 API + 3 lan chay theo du lieu	2026-08-20T08:07:56.7967089Z │                requests │              27 │               0 │
Regression: 3 API + 3 lan chay theo du lieu (phai xanh)	Chay Newman - 3 API + 3 lan chay theo du lieu	2026-08-20T08:07:56.7967867Z ├─────────────────────────┼─────────────────┼─────────────────┤
Regression: 3 API + 3 lan chay theo du lieu (phai xanh)	Chay Newman - 3 API + 3 lan chay theo du lieu	2026-08-20T08:07:56.7969073Z │            test-scripts │              12 │               0 │
Regression: 3 API + 3 lan chay theo du lieu (phai xanh)	Chay Newman - 3 API + 3 lan chay theo du lieu	2026-08-20T08:07:56.7970053Z ├─────────────────────────┼─────────────────┼─────────────────┤
Regression: 3 API + 3 lan chay theo du lieu (phai xanh)	Chay Newman - 3 API + 3 lan chay theo du lieu	2026-08-20T08:07:56.7970953Z │      prerequest-scripts │              12 │               0 │
Regression: 3 API + 3 lan chay theo du lieu (phai xanh)	Chay Newman - 3 API + 3 lan chay theo du lieu	2026-08-20T08:07:56.7971878Z ├─────────────────────────┼─────────────────┼─────────────────┤
Regression: 3 API + 3 lan chay theo du lieu (phai xanh)	Chay Newman - 3 API + 3 lan chay theo du lieu	2026-08-20T08:07:56.7972698Z │              assertions │              24 │               0 │
Regression: 3 API + 3 lan chay theo du lieu (phai xanh)	Chay Newman - 3 API + 3 lan chay theo du lieu	2026-08-20T08:07:56.7973578Z ├─────────────────────────┴─────────────────┴─────────────────┤
Regression: 3 API + 3 lan chay theo du lieu (phai xanh)	Chay Newman - 3 API + 3 lan chay theo du lieu	2026-08-20T08:07:56.7974473Z │ total run duration: 399ms                                   │
Regression: 3 API + 3 lan chay theo du lieu (phai xanh)	Chay Newman - 3 API + 3 lan chay theo du lieu	2026-08-20T08:07:56.7975440Z ├─────────────────────────────────────────────────────────────┤
Regression: 3 API + 3 lan chay theo du lieu (phai xanh)	Chay Newman - 3 API + 3 lan chay theo du lieu	2026-08-20T08:07:56.7976329Z │ total data received: 1.67kB (approx)                        │
Regression: 3 API + 3 lan chay theo du lieu (phai xanh)	Chay Newman - 3 API + 3 lan chay theo du lieu	2026-08-20T08:07:56.7977252Z ├─────────────────────────────────────────────────────────────┤
Regression: 3 API + 3 lan chay theo du lieu (phai xanh)	Chay Newman - 3 API + 3 lan chay theo du lieu	2026-08-20T08:07:56.7978186Z │ average response time: 4ms [min: 2ms, max: 23ms, s.d.: 3ms] │
Regression: 3 API + 3 lan chay theo du lieu (phai xanh)	Chay Newman - 3 API + 3 lan chay theo du lieu	2026-08-20T08:07:56.7979383Z └─────────────────────────────────────────────────────────────┘
Regression: 3 API + 3 lan chay theo du lieu (phai xanh)	Chay Newman - 3 API + 3 lan chay theo du lieu	2026-08-20T08:07:57.7602571Z HW06 - EShop API Testing (23127344)
Regression: 3 API + 3 lan chay theo du lieu (phai xanh)	Chay Newman - 3 API + 3 lan chay theo du lieu	2026-08-20T08:07:57.7606554Z 
Regression: 3 API + 3 lan chay theo du lieu (phai xanh)	Chay Newman - 3 API + 3 lan chay theo du lieu	2026-08-20T08:07:57.7606883Z Iteration 1/6
Regression: 3 API + 3 lan chay theo du lieu (phai xanh)	Chay Newman - 3 API + 3 lan chay theo du lieu	2026-08-20T08:07:57.7659068Z 
Regression: 3 API + 3 lan chay theo du lieu (phai xanh)	Chay Newman - 3 API + 3 lan chay theo du lieu	2026-08-20T08:07:57.7659865Z ❏ DATA3 - Chay theo du lieu: coupon (FR-17)
Regression: 3 API + 3 lan chay theo du lieu (phai xanh)	Chay Newman - 3 API + 3 lan chay theo du lieu	2026-08-20T08:07:57.7660887Z ↳ DD-API3-COUPON - Bien coupon doc tu data file CSV (newman -d)
Regression: 3 API + 3 lan chay theo du lieu (phai xanh)	Chay Newman - 3 API + 3 lan chay theo du lieu	2026-08-20T08:07:57.7832002Z   ┌
Regression: 3 API + 3 lan chay theo du lieu (phai xanh)	Chay Newman - 3 API + 3 lan chay theo du lieu	2026-08-20T08:07:57.7833255Z   │ '[X-Student-Id] 23127344 -> POST {{baseUrl}}/api/admin
Regression: 3 API + 3 lan chay theo du lieu (phai xanh)	Chay Newman - 3 API + 3 lan chay theo du lieu	2026-08-20T08:07:57.7834016Z   │ /coupons'
Regression: 3 API + 3 lan chay theo du lieu (phai xanh)	Chay Newman - 3 API + 3 lan chay theo du lieu	2026-08-20T08:07:57.7980866Z   └
Regression: 3 API + 3 lan chay theo du lieu (phai xanh)	Chay Newman - 3 API + 3 lan chay theo du lieu	2026-08-20T08:07:57.8234472Z   POST http://localhost:3000/api/admin/coupons [200 OK, 302B, 24ms]
Regression: 3 API + 3 lan chay theo du lieu (phai xanh)	Chay Newman - 3 API + 3 lan chay theo du lieu	2026-08-20T08:07:57.8337108Z   ✓  [moi request] co header X-Student-Id = 23127344
Regression: 3 API + 3 lan chay theo du lieu (phai xanh)	Chay Newman - 3 API + 3 lan chay theo du lieu	2026-08-20T08:07:57.8417120Z   ✓  Tao coupon thanh cong (dong CSV DD-C01)
Regression: 3 API + 3 lan chay theo du lieu (phai xanh)	Chay Newman - 3 API + 3 lan chay theo du lieu	2026-08-20T08:07:57.8493581Z   GET http://localhost:3000/api/coupons [200 OK, 1.02kB, 4ms]
Regression: 3 API + 3 lan chay theo du lieu (phai xanh)	Chay Newman - 3 API + 3 lan chay theo du lieu	2026-08-20T08:07:57.8517755Z   ┌
Regression: 3 API + 3 lan chay theo du lieu (phai xanh)	Chay Newman - 3 API + 3 lan chay theo du lieu	2026-08-20T08:07:57.8519612Z   │ '[DATA] DD-C01 gui=1 -> luu=1 | bien min hop le'
Regression: 3 API + 3 lan chay theo du lieu (phai xanh)	Chay Newman - 3 API + 3 lan chay theo du lieu	2026-08-20T08:07:57.8522228Z   └
Regression: 3 API + 3 lan chay theo du lieu (phai xanh)	Chay Newman - 3 API + 3 lan chay theo du lieu	2026-08-20T08:07:57.8523123Z   ✓  max_uses_per_user luu thanh 1
Regression: 3 API + 3 lan chay theo du lieu (phai xanh)	Chay Newman - 3 API + 3 lan chay theo du lieu	2026-08-20T08:07:57.8566186Z 
Regression: 3 API + 3 lan chay theo du lieu (phai xanh)	Chay Newman - 3 API + 3 lan chay theo du lieu	2026-08-20T08:07:57.8566546Z Iteration 2/6
Regression: 3 API + 3 lan chay theo du lieu (phai xanh)	Chay Newman - 3 API + 3 lan chay theo du lieu	2026-08-20T08:07:57.8581238Z 
Regression: 3 API + 3 lan chay theo du lieu (phai xanh)	Chay Newman - 3 API + 3 lan chay theo du lieu	2026-08-20T08:07:57.8581913Z ↳ DD-API3-COUPON - Bien coupon doc tu data file CSV (newman -d)
Regression: 3 API + 3 lan chay theo du lieu (phai xanh)	Chay Newman - 3 API + 3 lan chay theo du lieu	2026-08-20T08:07:57.8627283Z   ┌
Regression: 3 API + 3 lan chay theo du lieu (phai xanh)	Chay Newman - 3 API + 3 lan chay theo du lieu	2026-08-20T08:07:57.8627944Z   │ '[X-Student-Id] 23127344 -> POST {{baseUrl}}/api/admin
Regression: 3 API + 3 lan chay theo du lieu (phai xanh)	Chay Newman - 3 API + 3 lan chay theo du lieu	2026-08-20T08:07:57.8628988Z   │ /coupons'
Regression: 3 API + 3 lan chay theo du lieu (phai xanh)	Chay Newman - 3 API + 3 lan chay theo du lieu	2026-08-20T08:07:57.8681319Z   └
Regression: 3 API + 3 lan chay theo du lieu (phai xanh)	Chay Newman - 3 API + 3 lan chay theo du lieu	2026-08-20T08:07:57.8725737Z   POST http://localhost:3000/api/admin/coupons [200 OK, 302B, 4ms]
Regression: 3 API + 3 lan chay theo du lieu (phai xanh)	Chay Newman - 3 API + 3 lan chay theo du lieu	2026-08-20T08:07:57.8772666Z   ✓  [moi request] co header X-Student-Id = 23127344
Regression: 3 API + 3 lan chay theo du lieu (phai xanh)	Chay Newman - 3 API + 3 lan chay theo du lieu	2026-08-20T08:07:57.8864350Z   ✓  Tao coupon thanh cong (dong CSV DD-C02)
Regression: 3 API + 3 lan chay theo du lieu (phai xanh)	Chay Newman - 3 API + 3 lan chay theo du lieu	2026-08-20T08:07:57.8915489Z   GET http://localhost:3000/api/coupons [200 OK, 1.17kB, 3ms]
Regression: 3 API + 3 lan chay theo du lieu (phai xanh)	Chay Newman - 3 API + 3 lan chay theo du lieu	2026-08-20T08:07:57.8936427Z   ┌
Regression: 3 API + 3 lan chay theo du lieu (phai xanh)	Chay Newman - 3 API + 3 lan chay theo du lieu	2026-08-20T08:07:57.8937532Z   │ "[DATA] DD-C02 gui=0 -> luu=0 | CSV chi truyen duoc CH
Regression: 3 API + 3 lan chay theo du lieu (phai xanh)	Chay Newman - 3 API + 3 lan chay theo du lieu	2026-08-20T08:07:57.8939032Z   │ UOI: '0' la truthy nen vuot co che || 1 roi bi SQLite 
Regression: 3 API + 3 lan chay theo du lieu (phai xanh)	Chay Newman - 3 API + 3 lan chay theo du lieu	2026-08-20T08:07:57.8940231Z   │ ep ve so 0. Nhanh so 0 (JSON number) nam o TC-API3-019
Regression: 3 API + 3 lan chay theo du lieu (phai xanh)	Chay Newman - 3 API + 3 lan chay theo du lieu	2026-08-20T08:07:57.8941117Z   │ ."
Regression: 3 API + 3 lan chay theo du lieu (phai xanh)	Chay Newman - 3 API + 3 lan chay theo du lieu	2026-08-20T08:07:57.8941825Z   └
Regression: 3 API + 3 lan chay theo du lieu (phai xanh)	Chay Newman - 3 API + 3 lan chay theo du lieu	2026-08-20T08:07:57.8942619Z   ✓  max_uses_per_user luu thanh 0
Regression: 3 API + 3 lan chay theo du lieu (phai xanh)	Chay Newman - 3 API + 3 lan chay theo du lieu	2026-08-20T08:07:57.8980242Z 
Regression: 3 API + 3 lan chay theo du lieu (phai xanh)	Chay Newman - 3 API + 3 lan chay theo du lieu	2026-08-20T08:07:57.8980471Z Iteration 3/6
Regression: 3 API + 3 lan chay theo du lieu (phai xanh)	Chay Newman - 3 API + 3 lan chay theo du lieu	2026-08-20T08:07:57.8993684Z 
Regression: 3 API + 3 lan chay theo du lieu (phai xanh)	Chay Newman - 3 API + 3 lan chay theo du lieu	2026-08-20T08:07:57.8994329Z ↳ DD-API3-COUPON - Bien coupon doc tu data file CSV (newman -d)
Regression: 3 API + 3 lan chay theo du lieu (phai xanh)	Chay Newman - 3 API + 3 lan chay theo du lieu	2026-08-20T08:07:57.9043528Z   ┌
Regression: 3 API + 3 lan chay theo du lieu (phai xanh)	Chay Newman - 3 API + 3 lan chay theo du lieu	2026-08-20T08:07:57.9044678Z   │ '[X-Student-Id] 23127344 -> POST {{baseUrl}}/api/admin
Regression: 3 API + 3 lan chay theo du lieu (phai xanh)	Chay Newman - 3 API + 3 lan chay theo du lieu	2026-08-20T08:07:57.9045197Z   │ /coupons'
Regression: 3 API + 3 lan chay theo du lieu (phai xanh)	Chay Newman - 3 API + 3 lan chay theo du lieu	2026-08-20T08:07:57.9101058Z   └
Regression: 3 API + 3 lan chay theo du lieu (phai xanh)	Chay Newman - 3 API + 3 lan chay theo du lieu	2026-08-20T08:07:57.9147347Z   POST http://localhost:3000/api/admin/coupons [200 OK, 302B, 4ms]
Regression: 3 API + 3 lan chay theo du lieu (phai xanh)	Chay Newman - 3 API + 3 lan chay theo du lieu	2026-08-20T08:07:57.9188288Z   ✓  [moi request] co header X-Student-Id = 23127344
Regression: 3 API + 3 lan chay theo du lieu (phai xanh)	Chay Newman - 3 API + 3 lan chay theo du lieu	2026-08-20T08:07:57.9272528Z   ✓  Tao coupon thanh cong (dong CSV DD-C03)
Regression: 3 API + 3 lan chay theo du lieu (phai xanh)	Chay Newman - 3 API + 3 lan chay theo du lieu	2026-08-20T08:07:57.9339112Z   GET http://localhost:3000/api/coupons [200 OK, 1.31kB, 4ms]
Regression: 3 API + 3 lan chay theo du lieu (phai xanh)	Chay Newman - 3 API + 3 lan chay theo du lieu	2026-08-20T08:07:57.9358034Z   ┌
Regression: 3 API + 3 lan chay theo du lieu (phai xanh)	Chay Newman - 3 API + 3 lan chay theo du lieu	2026-08-20T08:07:57.9358860Z   │ '[DATA] DD-C03 gui=-5 -> luu=-5 | so am truthy nen KHO
Regression: 3 API + 3 lan chay theo du lieu (phai xanh)	Chay Newman - 3 API + 3 lan chay theo du lieu	2026-08-20T08:07:57.9359424Z   │ NG bi ep'
Regression: 3 API + 3 lan chay theo du lieu (phai xanh)	Chay Newman - 3 API + 3 lan chay theo du lieu	2026-08-20T08:07:57.9360983Z   └
Regression: 3 API + 3 lan chay theo du lieu (phai xanh)	Chay Newman - 3 API + 3 lan chay theo du lieu	2026-08-20T08:07:57.9361542Z   ✓  max_uses_per_user luu thanh -5
Regression: 3 API + 3 lan chay theo du lieu (phai xanh)	Chay Newman - 3 API + 3 lan chay theo du lieu	2026-08-20T08:07:57.9400733Z 
Regression: 3 API + 3 lan chay theo du lieu (phai xanh)	Chay Newman - 3 API + 3 lan chay theo du lieu	2026-08-20T08:07:57.9401057Z Iteration 4/6
Regression: 3 API + 3 lan chay theo du lieu (phai xanh)	Chay Newman - 3 API + 3 lan chay theo du lieu	2026-08-20T08:07:57.9413839Z 
Regression: 3 API + 3 lan chay theo du lieu (phai xanh)	Chay Newman - 3 API + 3 lan chay theo du lieu	2026-08-20T08:07:57.9414403Z ↳ DD-API3-COUPON - Bien coupon doc tu data file CSV (newman -d)
Regression: 3 API + 3 lan chay theo du lieu (phai xanh)	Chay Newman - 3 API + 3 lan chay theo du lieu	2026-08-20T08:07:57.9443284Z   ┌
Regression: 3 API + 3 lan chay theo du lieu (phai xanh)	Chay Newman - 3 API + 3 lan chay theo du lieu	2026-08-20T08:07:57.9443899Z   │ '[X-Student-Id] 23127344 -> POST {{baseUrl}}/api/admin
Regression: 3 API + 3 lan chay theo du lieu (phai xanh)	Chay Newman - 3 API + 3 lan chay theo du lieu	2026-08-20T08:07:57.9444580Z   │ /coupons'
Regression: 3 API + 3 lan chay theo du lieu (phai xanh)	Chay Newman - 3 API + 3 lan chay theo du lieu	2026-08-20T08:07:57.9494552Z   └
Regression: 3 API + 3 lan chay theo du lieu (phai xanh)	Chay Newman - 3 API + 3 lan chay theo du lieu	2026-08-20T08:07:57.9542980Z   POST http://localhost:3000/api/admin/coupons [200 OK, 302B, 4ms]
Regression: 3 API + 3 lan chay theo du lieu (phai xanh)	Chay Newman - 3 API + 3 lan chay theo du lieu	2026-08-20T08:07:57.9609751Z   ✓  [moi request] co header X-Student-Id = 23127344
Regression: 3 API + 3 lan chay theo du lieu (phai xanh)	Chay Newman - 3 API + 3 lan chay theo du lieu	2026-08-20T08:07:57.9674323Z   ✓  Tao coupon thanh cong (dong CSV DD-C04)
Regression: 3 API + 3 lan chay theo du lieu (phai xanh)	Chay Newman - 3 API + 3 lan chay theo du lieu	2026-08-20T08:07:57.9725120Z   GET http://localhost:3000/api/coupons [200 OK, 1.46kB, 3ms]
Regression: 3 API + 3 lan chay theo du lieu (phai xanh)	Chay Newman - 3 API + 3 lan chay theo du lieu	2026-08-20T08:07:57.9743676Z   ┌
Regression: 3 API + 3 lan chay theo du lieu (phai xanh)	Chay Newman - 3 API + 3 lan chay theo du lieu	2026-08-20T08:07:57.9744373Z   │ '[DATA] DD-C04 gui=1.5 -> luu=1.5 | so thap phan luu n
Regression: 3 API + 3 lan chay theo du lieu (phai xanh)	Chay Newman - 3 API + 3 lan chay theo du lieu	2026-08-20T08:07:57.9745051Z   │ guyen (REAL)'
Regression: 3 API + 3 lan chay theo du lieu (phai xanh)	Chay Newman - 3 API + 3 lan chay theo du lieu	2026-08-20T08:07:57.9745909Z   └
Regression: 3 API + 3 lan chay theo du lieu (phai xanh)	Chay Newman - 3 API + 3 lan chay theo du lieu	2026-08-20T08:07:57.9746526Z   ✓  max_uses_per_user luu thanh 1.5
Regression: 3 API + 3 lan chay theo du lieu (phai xanh)	Chay Newman - 3 API + 3 lan chay theo du lieu	2026-08-20T08:07:57.9819283Z 
Regression: 3 API + 3 lan chay theo du lieu (phai xanh)	Chay Newman - 3 API + 3 lan chay theo du lieu	2026-08-20T08:07:57.9825099Z Iteration 5/6
Regression: 3 API + 3 lan chay theo du lieu (phai xanh)	Chay Newman - 3 API + 3 lan chay theo du lieu	2026-08-20T08:07:57.9825679Z 
Regression: 3 API + 3 lan chay theo du lieu (phai xanh)	Chay Newman - 3 API + 3 lan chay theo du lieu	2026-08-20T08:07:57.9826567Z ↳ DD-API3-COUPON - Bien coupon doc tu data file CSV (newman -d)
Regression: 3 API + 3 lan chay theo du lieu (phai xanh)	Chay Newman - 3 API + 3 lan chay theo du lieu	2026-08-20T08:07:57.9878128Z   ┌
Regression: 3 API + 3 lan chay theo du lieu (phai xanh)	Chay Newman - 3 API + 3 lan chay theo du lieu	2026-08-20T08:07:57.9879050Z   │ '[X-Student-Id] 23127344 -> POST {{baseUrl}}/api/admin
Regression: 3 API + 3 lan chay theo du lieu (phai xanh)	Chay Newman - 3 API + 3 lan chay theo du lieu	2026-08-20T08:07:57.9879722Z   │ /coupons'
Regression: 3 API + 3 lan chay theo du lieu (phai xanh)	Chay Newman - 3 API + 3 lan chay theo du lieu	2026-08-20T08:07:57.9939370Z   └
Regression: 3 API + 3 lan chay theo du lieu (phai xanh)	Chay Newman - 3 API + 3 lan chay theo du lieu	2026-08-20T08:07:57.9994331Z   POST http://localhost:3000/api/admin/coupons [200 OK, 302B, 5ms]
Regression: 3 API + 3 lan chay theo du lieu (phai xanh)	Chay Newman - 3 API + 3 lan chay theo du lieu	2026-08-20T08:07:58.0046631Z   ✓  [moi request] co header X-Student-Id = 23127344
Regression: 3 API + 3 lan chay theo du lieu (phai xanh)	Chay Newman - 3 API + 3 lan chay theo du lieu	2026-08-20T08:07:58.0106588Z   ✓  Tao coupon thanh cong (dong CSV DD-C05)
Regression: 3 API + 3 lan chay theo du lieu (phai xanh)	Chay Newman - 3 API + 3 lan chay theo du lieu	2026-08-20T08:07:58.0162358Z   GET http://localhost:3000/api/coupons [200 OK, 1.62kB, 3ms]
Regression: 3 API + 3 lan chay theo du lieu (phai xanh)	Chay Newman - 3 API + 3 lan chay theo du lieu	2026-08-20T08:07:58.0180554Z   ┌
Regression: 3 API + 3 lan chay theo du lieu (phai xanh)	Chay Newman - 3 API + 3 lan chay theo du lieu	2026-08-20T08:07:58.0181176Z   │ '[DATA] DD-C05 gui=999999999 -> luu=999999999 | khong 
Regression: 3 API + 3 lan chay theo du lieu (phai xanh)	Chay Newman - 3 API + 3 lan chay theo du lieu	2026-08-20T08:07:58.0181784Z   │ co gioi han tren'
Regression: 3 API + 3 lan chay theo du lieu (phai xanh)	Chay Newman - 3 API + 3 lan chay theo du lieu	2026-08-20T08:07:58.0183031Z   └
Regression: 3 API + 3 lan chay theo du lieu (phai xanh)	Chay Newman - 3 API + 3 lan chay theo du lieu	2026-08-20T08:07:58.0183571Z   ✓  max_uses_per_user luu thanh 999999999
Regression: 3 API + 3 lan chay theo du lieu (phai xanh)	Chay Newman - 3 API + 3 lan chay theo du lieu	2026-08-20T08:07:58.0213749Z 
Regression: 3 API + 3 lan chay theo du lieu (phai xanh)	Chay Newman - 3 API + 3 lan chay theo du lieu	2026-08-20T08:07:58.0213922Z Iteration 6/6
Regression: 3 API + 3 lan chay theo du lieu (phai xanh)	Chay Newman - 3 API + 3 lan chay theo du lieu	2026-08-20T08:07:58.0226795Z 
Regression: 3 API + 3 lan chay theo du lieu (phai xanh)	Chay Newman - 3 API + 3 lan chay theo du lieu	2026-08-20T08:07:58.0227348Z ↳ DD-API3-COUPON - Bien coupon doc tu data file CSV (newman -d)
Regression: 3 API + 3 lan chay theo du lieu (phai xanh)	Chay Newman - 3 API + 3 lan chay theo du lieu	2026-08-20T08:07:58.0265540Z   ┌
Regression: 3 API + 3 lan chay theo du lieu (phai xanh)	Chay Newman - 3 API + 3 lan chay theo du lieu	2026-08-20T08:07:58.0266525Z   │ '[X-Student-Id] 23127344 -> POST {{baseUrl}}/api/admin
Regression: 3 API + 3 lan chay theo du lieu (phai xanh)	Chay Newman - 3 API + 3 lan chay theo du lieu	2026-08-20T08:07:58.0267217Z   │ /coupons'
Regression: 3 API + 3 lan chay theo du lieu (phai xanh)	Chay Newman - 3 API + 3 lan chay theo du lieu	2026-08-20T08:07:58.0313982Z   └
Regression: 3 API + 3 lan chay theo du lieu (phai xanh)	Chay Newman - 3 API + 3 lan chay theo du lieu	2026-08-20T08:07:58.0355766Z   POST http://localhost:3000/api/admin/coupons [200 OK, 303B, 4ms]
Regression: 3 API + 3 lan chay theo du lieu (phai xanh)	Chay Newman - 3 API + 3 lan chay theo du lieu	2026-08-20T08:07:58.0396573Z   ✓  [moi request] co header X-Student-Id = 23127344
Regression: 3 API + 3 lan chay theo du lieu (phai xanh)	Chay Newman - 3 API + 3 lan chay theo du lieu	2026-08-20T08:07:58.0466788Z   ✓  Tao coupon thanh cong (dong CSV DD-C06)
Regression: 3 API + 3 lan chay theo du lieu (phai xanh)	Chay Newman - 3 API + 3 lan chay theo du lieu	2026-08-20T08:07:58.0511168Z   GET http://localhost:3000/api/coupons [200 OK, 1.76kB, 2ms]
Regression: 3 API + 3 lan chay theo du lieu (phai xanh)	Chay Newman - 3 API + 3 lan chay theo du lieu	2026-08-20T08:07:58.0530539Z   ┌
Regression: 3 API + 3 lan chay theo du lieu (phai xanh)	Chay Newman - 3 API + 3 lan chay theo du lieu	2026-08-20T08:07:58.0531195Z   │ '[DATA] DD-C06 gui=2 -> luu=2 | gia tri hop le thong t
Regression: 3 API + 3 lan chay theo du lieu (phai xanh)	Chay Newman - 3 API + 3 lan chay theo du lieu	2026-08-20T08:07:58.0531570Z   │ huong'
Regression: 3 API + 3 lan chay theo du lieu (phai xanh)	Chay Newman - 3 API + 3 lan chay theo du lieu	2026-08-20T08:07:58.0532596Z   └
Regression: 3 API + 3 lan chay theo du lieu (phai xanh)	Chay Newman - 3 API + 3 lan chay theo du lieu	2026-08-20T08:07:58.0533104Z   ✓  max_uses_per_user luu thanh 2
Regression: 3 API + 3 lan chay theo du lieu (phai xanh)	Chay Newman - 3 API + 3 lan chay theo du lieu	2026-08-20T08:07:58.2000592Z 
Regression: 3 API + 3 lan chay theo du lieu (phai xanh)	Chay Newman - 3 API + 3 lan chay theo du lieu	2026-08-20T08:07:58.2001664Z ┌─────────────────────────┬─────────────────┬─────────────────┐
Regression: 3 API + 3 lan chay theo du lieu (phai xanh)	Chay Newman - 3 API + 3 lan chay theo du lieu	2026-08-20T08:07:58.2002539Z │                         │        executed │          failed │
Regression: 3 API + 3 lan chay theo du lieu (phai xanh)	Chay Newman - 3 API + 3 lan chay theo du lieu	2026-08-20T08:07:58.2003415Z ├─────────────────────────┼─────────────────┼─────────────────┤
Regression: 3 API + 3 lan chay theo du lieu (phai xanh)	Chay Newman - 3 API + 3 lan chay theo du lieu	2026-08-20T08:07:58.2004261Z │              iterations │               6 │               0 │
Regression: 3 API + 3 lan chay theo du lieu (phai xanh)	Chay Newman - 3 API + 3 lan chay theo du lieu	2026-08-20T08:07:58.2005130Z ├─────────────────────────┼─────────────────┼─────────────────┤
Regression: 3 API + 3 lan chay theo du lieu (phai xanh)	Chay Newman - 3 API + 3 lan chay theo du lieu	2026-08-20T08:07:58.2005610Z │                requests │              12 │               0 │
Regression: 3 API + 3 lan chay theo du lieu (phai xanh)	Chay Newman - 3 API + 3 lan chay theo du lieu	2026-08-20T08:07:58.2006194Z ├─────────────────────────┼─────────────────┼─────────────────┤
Regression: 3 API + 3 lan chay theo du lieu (phai xanh)	Chay Newman - 3 API + 3 lan chay theo du lieu	2026-08-20T08:07:58.2006686Z │            test-scripts │              12 │               0 │
Regression: 3 API + 3 lan chay theo du lieu (phai xanh)	Chay Newman - 3 API + 3 lan chay theo du lieu	2026-08-20T08:07:58.2007273Z ├─────────────────────────┼─────────────────┼─────────────────┤
Regression: 3 API + 3 lan chay theo du lieu (phai xanh)	Chay Newman - 3 API + 3 lan chay theo du lieu	2026-08-20T08:07:58.2007773Z │      prerequest-scripts │               6 │               0 │
Regression: 3 API + 3 lan chay theo du lieu (phai xanh)	Chay Newman - 3 API + 3 lan chay theo du lieu	2026-08-20T08:07:58.2009242Z ├─────────────────────────┼─────────────────┼─────────────────┤
Regression: 3 API + 3 lan chay theo du lieu (phai xanh)	Chay Newman - 3 API + 3 lan chay theo du lieu	2026-08-20T08:07:58.2009764Z │              assertions │              18 │               0 │
Regression: 3 API + 3 lan chay theo du lieu (phai xanh)	Chay Newman - 3 API + 3 lan chay theo du lieu	2026-08-20T08:07:58.2010286Z ├─────────────────────────┴─────────────────┴─────────────────┤
Regression: 3 API + 3 lan chay theo du lieu (phai xanh)	Chay Newman - 3 API + 3 lan chay theo du lieu	2026-08-20T08:07:58.2010770Z │ total run duration: 298ms                                   │
Regression: 3 API + 3 lan chay theo du lieu (phai xanh)	Chay Newman - 3 API + 3 lan chay theo du lieu	2026-08-20T08:07:58.2011310Z ├─────────────────────────────────────────────────────────────┤
Regression: 3 API + 3 lan chay theo du lieu (phai xanh)	Chay Newman - 3 API + 3 lan chay theo du lieu	2026-08-20T08:07:58.2011823Z │ total data received: 6.94kB (approx)                        │
Regression: 3 API + 3 lan chay theo du lieu (phai xanh)	Chay Newman - 3 API + 3 lan chay theo du lieu	2026-08-20T08:07:58.2012354Z ├─────────────────────────────────────────────────────────────┤
Regression: 3 API + 3 lan chay theo du lieu (phai xanh)	Chay Newman - 3 API + 3 lan chay theo du lieu	2026-08-20T08:07:58.2012864Z │ average response time: 5ms [min: 2ms, max: 24ms, s.d.: 5ms] │
Regression: 3 API + 3 lan chay theo du lieu (phai xanh)	Chay Newman - 3 API + 3 lan chay theo du lieu	2026-08-20T08:07:58.2013398Z └─────────────────────────────────────────────────────────────┘
Regression: 3 API + 3 lan chay theo du lieu (phai xanh)	Chay Newman - 3 API + 3 lan chay theo du lieu	2026-08-20T08:07:58.2175018Z 
Regression: 3 API + 3 lan chay theo du lieu (phai xanh)	Chay Newman - 3 API + 3 lan chay theo du lieu	2026-08-20T08:07:58.2175710Z [run_newman] regression ket thuc, fail=0 (0 la dat)
Regression: 3 API + 3 lan chay theo du lieu (phai xanh)	Chay Newman - 3 API + 3 lan chay theo du lieu	2026-08-20T08:07:58.2176030Z 
Regression: 3 API + 3 lan chay theo du lieu (phai xanh)	Chay Newman - 3 API + 3 lan chay theo du lieu	2026-08-20T08:07:58.2176223Z Bao cao HTML nam trong hw6/reports/
Regression: 3 API + 3 lan chay theo du lieu (phai xanh)	Tong hop ket qua vao Step Summary	﻿2026-08-20T08:07:58.2215538Z ##[group]Run node hw6/scripts/summarize_newman.js > "/home/runner/work/_temp/summary.txt" || true
Regression: 3 API + 3 lan chay theo du lieu (phai xanh)	Tong hop ket qua vao Step Summary	2026-08-20T08:07:58.2216234Z ^[[36;1mnode hw6/scripts/summarize_newman.js > "/home/runner/work/_temp/summary.txt" || true^[[0m
Regression: 3 API + 3 lan chay theo du lieu (phai xanh)	Tong hop ket qua vao Step Summary	2026-08-20T08:07:58.2216660Z ^[[36;1m{^[[0m
Regression: 3 API + 3 lan chay theo du lieu (phai xanh)	Tong hop ket qua vao Step Summary	2026-08-20T08:07:58.2216919Z ^[[36;1m  echo "## HW06 - Regression (MSSV ${STUDENT_ID})"^[[0m
Regression: 3 API + 3 lan chay theo du lieu (phai xanh)	Tong hop ket qua vao Step Summary	2026-08-20T08:07:58.2217242Z ^[[36;1m  echo ""^[[0m
Regression: 3 API + 3 lan chay theo du lieu (phai xanh)	Tong hop ket qua vao Step Summary	2026-08-20T08:07:58.2217493Z ^[[36;1m  cat "/home/runner/work/_temp/summary.txt"^[[0m
Regression: 3 API + 3 lan chay theo du lieu (phai xanh)	Tong hop ket qua vao Step Summary	2026-08-20T08:07:58.2217809Z ^[[36;1m} >> "$GITHUB_STEP_SUMMARY"^[[0m
Regression: 3 API + 3 lan chay theo du lieu (phai xanh)	Tong hop ket qua vao Step Summary	2026-08-20T08:07:58.2256540Z shell: /usr/bin/bash -e {0}
Regression: 3 API + 3 lan chay theo du lieu (phai xanh)	Tong hop ket qua vao Step Summary	2026-08-20T08:07:58.2256826Z env:
Regression: 3 API + 3 lan chay theo du lieu (phai xanh)	Tong hop ket qua vao Step Summary	2026-08-20T08:07:58.2257020Z   STUDENT_ID: 23127344
Regression: 3 API + 3 lan chay theo du lieu (phai xanh)	Tong hop ket qua vao Step Summary	2026-08-20T08:07:58.2257250Z   SUT_REF: feature/23127344
Regression: 3 API + 3 lan chay theo du lieu (phai xanh)	Tong hop ket qua vao Step Summary	2026-08-20T08:07:58.2257515Z   SUT_PATH: hw3/docs/eshop-sut
Regression: 3 API + 3 lan chay theo du lieu (phai xanh)	Tong hop ket qua vao Step Summary	2026-08-20T08:07:58.2257762Z   NODE_VERSION: 22
Regression: 3 API + 3 lan chay theo du lieu (phai xanh)	Tong hop ket qua vao Step Summary	2026-08-20T08:07:58.2257972Z   SUT_PID: 2300
Regression: 3 API + 3 lan chay theo du lieu (phai xanh)	Tong hop ket qua vao Step Summary	2026-08-20T08:07:58.2258168Z ##[endgroup]
Regression: 3 API + 3 lan chay theo du lieu (phai xanh)	Tong hop ket qua vao Step Summary	2026-08-20T08:07:58.3865790Z Thieu spec_bugs.json - hay chay bash hw6/scripts/run_newman.sh
Regression: 3 API + 3 lan chay theo du lieu (phai xanh)	Tai bao cao HTML len artifact	﻿2026-08-20T08:07:58.4040734Z Node 20 is being deprecated. This workflow is running with Node 24 by default. If you need to temporarily use Node 20, you can set the ACTIONS_ALLOW_USE_UNSECURE_NODE_VERSION=true environment variable. For more information see: https://github.blog/changelog/2025-09-19-deprecation-of-node-20-on-github-actions-runners/
Regression: 3 API + 3 lan chay theo du lieu (phai xanh)	Tai bao cao HTML len artifact	2026-08-20T08:07:58.4042036Z ##[group]Run actions/upload-artifact@v5
Regression: 3 API + 3 lan chay theo du lieu (phai xanh)	Tai bao cao HTML len artifact	2026-08-20T08:07:58.4042310Z with:
Regression: 3 API + 3 lan chay theo du lieu (phai xanh)	Tai bao cao HTML len artifact	2026-08-20T08:07:58.4042522Z   name: newman-regression-23127344
Regression: 3 API + 3 lan chay theo du lieu (phai xanh)	Tai bao cao HTML len artifact	2026-08-20T08:07:58.4042895Z   path: hw6/reports/*.html
Regression: 3 API + 3 lan chay theo du lieu (phai xanh)	Tai bao cao HTML len artifact	hw6/reports/summary.md
Regression: 3 API + 3 lan chay theo du lieu (phai xanh)	Tai bao cao HTML len artifact	hw6/reports/summary.json
Regression: 3 API + 3 lan chay theo du lieu (phai xanh)	Tai bao cao HTML len artifact	
Regression: 3 API + 3 lan chay theo du lieu (phai xanh)	Tai bao cao HTML len artifact	2026-08-20T08:07:58.4043284Z   if-no-files-found: warn
Regression: 3 API + 3 lan chay theo du lieu (phai xanh)	Tai bao cao HTML len artifact	2026-08-20T08:07:58.4043517Z   compression-level: 6
Regression: 3 API + 3 lan chay theo du lieu (phai xanh)	Tai bao cao HTML len artifact	2026-08-20T08:07:58.4043742Z   overwrite: false
Regression: 3 API + 3 lan chay theo du lieu (phai xanh)	Tai bao cao HTML len artifact	2026-08-20T08:07:58.4043960Z   include-hidden-files: false
Regression: 3 API + 3 lan chay theo du lieu (phai xanh)	Tai bao cao HTML len artifact	2026-08-20T08:07:58.4044189Z env:
Regression: 3 API + 3 lan chay theo du lieu (phai xanh)	Tai bao cao HTML len artifact	2026-08-20T08:07:58.4044369Z   STUDENT_ID: 23127344
Regression: 3 API + 3 lan chay theo du lieu (phai xanh)	Tai bao cao HTML len artifact	2026-08-20T08:07:58.4044596Z   SUT_REF: feature/23127344
Regression: 3 API + 3 lan chay theo du lieu (phai xanh)	Tai bao cao HTML len artifact	2026-08-20T08:07:58.4044826Z   SUT_PATH: hw3/docs/eshop-sut
Regression: 3 API + 3 lan chay theo du lieu (phai xanh)	Tai bao cao HTML len artifact	2026-08-20T08:07:58.4045086Z   NODE_VERSION: 22
Regression: 3 API + 3 lan chay theo du lieu (phai xanh)	Tai bao cao HTML len artifact	2026-08-20T08:07:58.4045278Z   SUT_PID: 2300
Regression: 3 API + 3 lan chay theo du lieu (phai xanh)	Tai bao cao HTML len artifact	2026-08-20T08:07:58.4045466Z ##[endgroup]
Regression: 3 API + 3 lan chay theo du lieu (phai xanh)	Tai bao cao HTML len artifact	2026-08-20T08:07:58.5734447Z (node:3906) [DEP0040] DeprecationWarning: The `punycode` module is deprecated. Please use a userland alternative instead.
Regression: 3 API + 3 lan chay theo du lieu (phai xanh)	Tai bao cao HTML len artifact	2026-08-20T08:07:58.5735973Z (Use `node --trace-deprecation ...` to show where the warning was created)
Regression: 3 API + 3 lan chay theo du lieu (phai xanh)	Tai bao cao HTML len artifact	2026-08-20T08:07:58.5922245Z With the provided path, there will be 9 files uploaded
Regression: 3 API + 3 lan chay theo du lieu (phai xanh)	Tai bao cao HTML len artifact	2026-08-20T08:07:58.5923513Z Artifact name is valid!
Regression: 3 API + 3 lan chay theo du lieu (phai xanh)	Tai bao cao HTML len artifact	2026-08-20T08:07:58.5924080Z Root directory input is valid!
Regression: 3 API + 3 lan chay theo du lieu (phai xanh)	Tai bao cao HTML len artifact	2026-08-20T08:07:58.9968835Z Beginning upload of artifact content to blob storage
Regression: 3 API + 3 lan chay theo du lieu (phai xanh)	Tai bao cao HTML len artifact	2026-08-20T08:07:59.0791977Z (node:3906) [DEP0169] DeprecationWarning: `url.parse()` behavior is not standardized and prone to errors that have security implications. Use the WHATWG URL API instead. CVEs are not issued for `url.parse()` vulnerabilities.
Regression: 3 API + 3 lan chay theo du lieu (phai xanh)	Tai bao cao HTML len artifact	2026-08-20T08:07:59.6503742Z Uploaded bytes 268849
Regression: 3 API + 3 lan chay theo du lieu (phai xanh)	Tai bao cao HTML len artifact	2026-08-20T08:07:59.7309788Z Finished uploading artifact content to blob storage!
Regression: 3 API + 3 lan chay theo du lieu (phai xanh)	Tai bao cao HTML len artifact	2026-08-20T08:07:59.7310735Z SHA256 digest of uploaded artifact zip is 998539935ff6f94f81eb053e07747d0c0efecc005f779bbd928000b129a6a472
Regression: 3 API + 3 lan chay theo du lieu (phai xanh)	Tai bao cao HTML len artifact	2026-08-20T08:07:59.7311954Z Finalizing artifact upload
Regression: 3 API + 3 lan chay theo du lieu (phai xanh)	Tai bao cao HTML len artifact	2026-08-20T08:08:00.0015142Z Artifact newman-regression-23127344.zip successfully finalized. Artifact ID 9398484876
Regression: 3 API + 3 lan chay theo du lieu (phai xanh)	Tai bao cao HTML len artifact	2026-08-20T08:08:00.0016936Z Artifact newman-regression-23127344 has been successfully uploaded! Final size is 268849 bytes. Artifact ID is 9398484876
Regression: 3 API + 3 lan chay theo du lieu (phai xanh)	Tai bao cao HTML len artifact	2026-08-20T08:08:00.0023126Z Artifact download URL: https://github.com/trwng-thdat/software-testing/actions/runs/32347245797/artifacts/9398484876
Regression: 3 API + 3 lan chay theo du lieu (phai xanh)	Dung SUT	﻿2026-08-20T08:08:00.0149962Z ##[group]Run kill "$SUT_PID" 2>/dev/null || true
Regression: 3 API + 3 lan chay theo du lieu (phai xanh)	Dung SUT	2026-08-20T08:08:00.0150359Z ^[[36;1mkill "$SUT_PID" 2>/dev/null || true^[[0m
Regression: 3 API + 3 lan chay theo du lieu (phai xanh)	Dung SUT	2026-08-20T08:08:00.0188336Z shell: /usr/bin/bash -e {0}
Regression: 3 API + 3 lan chay theo du lieu (phai xanh)	Dung SUT	2026-08-20T08:08:00.0188811Z env:
Regression: 3 API + 3 lan chay theo du lieu (phai xanh)	Dung SUT	2026-08-20T08:08:00.0189127Z   STUDENT_ID: 23127344
Regression: 3 API + 3 lan chay theo du lieu (phai xanh)	Dung SUT	2026-08-20T08:08:00.0189395Z   SUT_REF: feature/23127344
Regression: 3 API + 3 lan chay theo du lieu (phai xanh)	Dung SUT	2026-08-20T08:08:00.0189642Z   SUT_PATH: hw3/docs/eshop-sut
Regression: 3 API + 3 lan chay theo du lieu (phai xanh)	Dung SUT	2026-08-20T08:08:00.0189887Z   NODE_VERSION: 22
Regression: 3 API + 3 lan chay theo du lieu (phai xanh)	Dung SUT	2026-08-20T08:08:00.0190092Z   SUT_PID: 2300
Regression: 3 API + 3 lan chay theo du lieu (phai xanh)	Dung SUT	2026-08-20T08:08:00.0190302Z ##[endgroup]
Regression: 3 API + 3 lan chay theo du lieu (phai xanh)	Post Set up Node.js	﻿2026-08-20T08:08:00.0333091Z Post job cleanup.
Regression: 3 API + 3 lan chay theo du lieu (phai xanh)	Post Set up Node.js	2026-08-20T08:08:00.1573193Z (node:3919) [DEP0040] DeprecationWarning: The `punycode` module is deprecated. Please use a userland alternative instead.
Regression: 3 API + 3 lan chay theo du lieu (phai xanh)	Post Set up Node.js	2026-08-20T08:08:00.1574252Z (Use `node --trace-deprecation ...` to show where the warning was created)
Regression: 3 API + 3 lan chay theo du lieu (phai xanh)	Post Checkout bai lam HW06 (chi hw6 va .github)	﻿2026-08-20T08:08:00.1742508Z Post job cleanup.
Regression: 3 API + 3 lan chay theo du lieu (phai xanh)	Post Checkout bai lam HW06 (chi hw6 va .github)	2026-08-20T08:08:00.2726330Z [command]/usr/bin/git version
Regression: 3 API + 3 lan chay theo du lieu (phai xanh)	Post Checkout bai lam HW06 (chi hw6 va .github)	2026-08-20T08:08:00.2786367Z git version 2.55.0
Regression: 3 API + 3 lan chay theo du lieu (phai xanh)	Post Checkout bai lam HW06 (chi hw6 va .github)	2026-08-20T08:08:00.2835064Z Temporarily overriding HOME='/home/runner/work/_temp/c9212fab-dde1-494c-8ec8-0dd41186ada9' before making global git config changes
Regression: 3 API + 3 lan chay theo du lieu (phai xanh)	Post Checkout bai lam HW06 (chi hw6 va .github)	2026-08-20T08:08:00.2836682Z Adding repository directory to the temporary git global config as a safe directory
Regression: 3 API + 3 lan chay theo du lieu (phai xanh)	Post Checkout bai lam HW06 (chi hw6 va .github)	2026-08-20T08:08:00.2843523Z [command]/usr/bin/git config --global --add safe.directory /home/runner/work/software-testing/software-testing
Regression: 3 API + 3 lan chay theo du lieu (phai xanh)	Post Checkout bai lam HW06 (chi hw6 va .github)	2026-08-20T08:08:00.2893667Z [command]/usr/bin/git config --local --name-only --get-regexp core\.sshCommand
Regression: 3 API + 3 lan chay theo du lieu (phai xanh)	Post Checkout bai lam HW06 (chi hw6 va .github)	2026-08-20T08:08:00.2934426Z [command]/usr/bin/git submodule foreach --recursive sh -c "git config --local --name-only --get-regexp 'core\.sshCommand' && git config --local --unset-all 'core.sshCommand' || :"
Regression: 3 API + 3 lan chay theo du lieu (phai xanh)	Post Checkout bai lam HW06 (chi hw6 va .github)	2026-08-20T08:08:00.3203549Z fatal: No url found for submodule path 'hw3/docs/eshop-sut' in .gitmodules
Regression: 3 API + 3 lan chay theo du lieu (phai xanh)	Post Checkout bai lam HW06 (chi hw6 va .github)	2026-08-20T08:08:00.3254275Z ##[warning]The process '/usr/bin/git' failed with exit code 128
Regression: 3 API + 3 lan chay theo du lieu (phai xanh)	Complete job	﻿2026-08-20T08:08:00.3411702Z Evaluate and set job outputs
Regression: 3 API + 3 lan chay theo du lieu (phai xanh)	Complete job	2026-08-20T08:08:00.3417581Z Set output 'spec_enforced'
Regression: 3 API + 3 lan chay theo du lieu (phai xanh)	Complete job	2026-08-20T08:08:00.3420190Z Cleaning up orphan processes
Regression: 3 API + 3 lan chay theo du lieu (phai xanh)	Complete job	2026-08-20T08:08:00.3795716Z ##[warning]Node.js 20 is deprecated. The following actions target Node.js 20 but are being forced to run on Node.js 24: actions/upload-artifact@v5. For more information see: https://github.blog/changelog/2025-09-19-deprecation-of-node-20-on-github-actions-runners/
